
  .   ____          _            __ _ _
 /\\ / ___'_ __ _ _(_)_ __  __ _ \ \ \ \
( ( )\___ | '_ | '_| | '_ \/ _` | \ \ \ \
 \\/  ___)| |_)| | | | | || (_| |  ) ) ) )
  '  |____| .__|_| |_|_| |_\__, | / / / /
 =========|_|==============|___/=/_/_/_/

 :: Spring Boot ::                (v3.3.2)

2026-09-15T22:50:19.219+02:00  INFO 13392 --- [shecancode-attendance-system] [           main] .a.ShecancodeAttendanceSystemApplication : Starting ShecancodeAttendanceSystemApplication using Java 21.0.12.1 with PID 13392 (C:\Users\USER\Desktop\igiree\shecancode-attendance-system\target\classes started by USER in C:\Users\USER\Desktop\igiree\shecancode-attendance-system)
2026-09-15T22:50:19.222+02:00  INFO 13392 --- [shecancode-attendance-system] [           main] .a.ShecancodeAttendanceSystemApplication : No active profile set, falling back to 1 default profile: "default"
2026-09-15T22:50:21.262+02:00  INFO 13392 --- [shecancode-attendance-system] [           main] .s.d.r.c.RepositoryConfigurationDelegate : Bootstrapping Spring Data JPA repositories in DEFAULT mode.
2026-09-15T22:50:21.353+02:00  INFO 13392 --- [shecancode-attendance-system] [           main] .s.d.r.c.RepositoryConfigurationDelegate : Finished Spring Data repository scanning in 85 ms. Found 9 JPA repository interfaces.
2026-09-15T22:50:22.483+02:00  INFO 13392 --- [shecancode-attendance-system] [           main] o.s.b.w.embedded.tomcat.TomcatWebServer  : Tomcat initialized with port 8081 (http)
2026-09-15T22:50:22.496+02:00  INFO 13392 --- [shecancode-attendance-system] [           main] o.apache.catalina.core.StandardService   : Starting service [Tomcat]
2026-09-15T22:50:22.497+02:00  INFO 13392 --- [shecancode-attendance-system] [           main] o.apache.catalina.core.StandardEngine    : Starting Servlet engine: [Apache Tomcat/10.1.26]
2026-09-15T22:50:22.577+02:00  INFO 13392 --- [shecancode-attendance-system] [           main] o.a.c.c.C.[Tomcat].[localhost].[/]       : Initializing Spring embedded WebApplicationContext
2026-09-15T22:50:22.580+02:00  INFO 13392 --- [shecancode-attendance-system] [           main] w.s.c.ServletWebServerApplicationContext : Root WebApplicationContext: initialization completed in 3288 ms
2026-09-15T22:50:22.952+02:00  INFO 13392 --- [shecancode-attendance-system] [           main] com.zaxxer.hikari.HikariDataSource       : HikariPool-1 - Starting...
2026-09-15T22:50:23.212+02:00  INFO 13392 --- [shecancode-attendance-system] [           main] com.zaxxer.hikari.pool.HikariPool        : HikariPool-1 - Added connection org.postgresql.jdbc.PgConnection@5d3b6585
2026-09-15T22:50:23.213+02:00  INFO 13392 --- [shecancode-attendance-system] [           main] com.zaxxer.hikari.HikariDataSource       : HikariPool-1 - Start completed.
2026-09-15T22:50:23.623+02:00  INFO 13392 --- [shecancode-attendance-system] [           main] o.hibernate.jpa.internal.util.LogHelper  : HHH000204: Processing PersistenceUnitInfo [name: default]
2026-09-15T22:50:23.687+02:00  INFO 13392 --- [shecancode-attendance-system] [           main] org.hibernate.Version                    : HHH000412: Hibernate ORM core version 6.5.2.Final
2026-09-15T22:50:23.718+02:00  INFO 13392 --- [shecancode-attendance-system] [           main] o.h.c.internal.RegionFactoryInitiator    : HHH000026: Second-level cache disabled
2026-09-15T22:50:24.111+02:00  INFO 13392 --- [shecancode-attendance-system] [           main] o.s.o.j.p.SpringPersistenceUnitInfo      : No LoadTimeWeaver setup: ignoring JPA class transformer
2026-09-15T22:50:24.183+02:00  WARN 13392 --- [shecancode-attendance-system] [           main] org.hibernate.orm.deprecation            : HHH90000025: PostgreSQLDialect does not need to be specified explicitly using 'hibernate.dialect' (remove the property setting and it will be selected by default)
2026-09-15T22:50:25.532+02:00  INFO 13392 --- [shecancode-attendance-system] [           main] o.h.e.t.j.p.i.JtaPlatformInitiator       : HHH000489: No JTA platform available (set 'hibernate.transaction.jta.platform' to enable JTA platform integration)
2026-09-15T22:50:25.614+02:00 DEBUG 13392 --- [shecancode-attendance-system] [           main] org.hibernate.SQL                        : 
    alter table if exists app_user 
       alter column account_status set data type varchar(255)
Hibernate: 
    alter table if exists app_user 
       alter column account_status set data type varchar(255)
2026-09-15T22:50:25.618+02:00 DEBUG 13392 --- [shecancode-attendance-system] [           main] org.hibernate.SQL                        : 
    alter table if exists app_user 
       alter column role set data type varchar(255)
Hibernate: 
    alter table if exists app_user 
       alter column role set data type varchar(255)
2026-09-15T22:50:25.621+02:00 DEBUG 13392 --- [shecancode-attendance-system] [           main] org.hibernate.SQL                        : 
    alter table if exists attendance 
       alter column check_in_time set data type time(6)
Hibernate: 
    alter table if exists attendance 
       alter column check_in_time set data type time(6)
2026-09-15T22:50:25.638+02:00 DEBUG 13392 --- [shecancode-attendance-system] [           main] org.hibernate.SQL                        : 
    alter table if exists participant 
       alter column last_updated set data type date
Hibernate: 
    alter table if exists participant 
       alter column last_updated set data type date
2026-09-15T22:50:25.648+02:00 DEBUG 13392 --- [shecancode-attendance-system] [           main] org.hibernate.SQL                        : 
    alter table if exists student 
       alter column student_status set data type varchar(255)
Hibernate: 
    alter table if exists student 
       alter column student_status set data type varchar(255)
2026-09-15T22:50:25.667+02:00 DEBUG 13392 --- [shecancode-attendance-system] [           main] org.hibernate.SQL                        : 
    create index idx_attendance_date_cohort 
       on attendance (attendance_recorded_date, cohort_id)
Hibernate: 
    create index idx_attendance_date_cohort 
       on attendance (attendance_recorded_date, cohort_id)
2026-09-15T22:50:25.793+02:00 DEBUG 13392 --- [shecancode-attendance-system] [           main] org.hibernate.SQL                        : 
    alter table if exists participant 
       add constraint FKk9qsjjoutuxgr43f09bi4ya0d 
       foreign key (program_id) 
       references program
Hibernate: 
    alter table if exists participant 
       add constraint FKk9qsjjoutuxgr43f09bi4ya0d 
       foreign key (program_id) 
       references program
2026-09-15T22:50:25.802+02:00 DEBUG 13392 --- [shecancode-attendance-system] [           main] org.hibernate.SQL                        : 
    alter table if exists participant 
       add constraint FKhkw110jkwqvv4eo5usv3eow1y 
       foreign key (student_id) 
       references student
Hibernate: 
    alter table if exists participant 
       add constraint FKhkw110jkwqvv4eo5usv3eow1y 
       foreign key (student_id) 
       references student
2026-09-15T22:50:25.819+02:00 DEBUG 13392 --- [shecancode-attendance-system] [           main] org.hibernate.SQL                        : 
    alter table if exists refresh_token 
       add constraint FK5wkt2p042y3lwltk29cvpxuh 
       foreign key (user_id) 
       references app_user
Hibernate: 
    alter table if exists refresh_token 
       add constraint FK5wkt2p042y3lwltk29cvpxuh 
       foreign key (user_id) 
       references app_user
2026-09-15T22:50:25.828+02:00  WARN 13392 --- [shecancode-attendance-system] [           main] o.h.t.s.i.ExceptionHandlerLoggedImpl     : GenerationTarget encountered exception accepting command : Error executing DDL "
    alter table if exists refresh_token 
       add constraint FK5wkt2p042y3lwltk29cvpxuh 
       foreign key (user_id) 
       references app_user" via JDBC [ERROR: insert or update on table "refresh_token" violates foreign key constraint "fk5wkt2p042y3lwltk29cvpxuh"
  Detail: Key (user_id)=(11111111-1111-1111-1111-111111111111) is not present in table "app_user".]

org.hibernate.tool.schema.spi.CommandAcceptanceException: Error executing DDL "
    alter table if exists refresh_token 
       add constraint FK5wkt2p042y3lwltk29cvpxuh 
       foreign key (user_id) 
       references app_user" via JDBC [ERROR: insert or update on table "refresh_token" violates foreign key constraint "fk5wkt2p042y3lwltk29cvpxuh"
  Detail: Key (user_id)=(11111111-1111-1111-1111-111111111111) is not present in table "app_user".]
	at org.hibernate.tool.schema.internal.exec.GenerationTargetToDatabase.accept(GenerationTargetToDatabase.java:94) ~[hibernate-core-6.5.2.Final.jar:6.5.2.Final]
	at org.hibernate.tool.schema.internal.AbstractSchemaMigrator.applySqlString(AbstractSchemaMigrator.java:575) ~[hibernate-core-6.5.2.Final.jar:6.5.2.Final]
	at org.hibernate.tool.schema.internal.AbstractSchemaMigrator.applySqlStrings(AbstractSchemaMigrator.java:515) ~[hibernate-core-6.5.2.Final.jar:6.5.2.Final]
	at org.hibernate.tool.schema.internal.AbstractSchemaMigrator.applyForeignKeys(AbstractSchemaMigrator.java:447) ~[hibernate-core-6.5.2.Final.jar:6.5.2.Final]
	at org.hibernate.tool.schema.internal.AbstractSchemaMigrator.performMigration(AbstractSchemaMigrator.java:268) ~[hibernate-core-6.5.2.Final.jar:6.5.2.Final]
	at org.hibernate.tool.schema.internal.AbstractSchemaMigrator.doMigration(AbstractSchemaMigrator.java:117) ~[hibernate-core-6.5.2.Final.jar:6.5.2.Final]
	at org.hibernate.tool.schema.spi.SchemaManagementToolCoordinator.performDatabaseAction(SchemaManagementToolCoordinator.java:280) ~[hibernate-core-6.5.2.Final.jar:6.5.2.Final]
	at org.hibernate.tool.schema.spi.SchemaManagementToolCoordinator.lambda$process$5(SchemaManagementToolCoordinator.java:144) ~[hibernate-core-6.5.2.Final.jar:6.5.2.Final]
	at java.base/java.util.HashMap.forEach(HashMap.java:1429) ~[na:na]
	at org.hibernate.tool.schema.spi.SchemaManagementToolCoordinator.process(SchemaManagementToolCoordinator.java:141) ~[hibernate-core-6.5.2.Final.jar:6.5.2.Final]
	at org.hibernate.boot.internal.SessionFactoryObserverForSchemaExport.sessionFactoryCreated(SessionFactoryObserverForSchemaExport.java:37) ~[hibernate-core-6.5.2.Final.jar:6.5.2.Final]
	at org.hibernate.internal.SessionFactoryObserverChain.sessionFactoryCreated(SessionFactoryObserverChain.java:35) ~[hibernate-core-6.5.2.Final.jar:6.5.2.Final]
	at org.hibernate.internal.SessionFactoryImpl.<init>(SessionFactoryImpl.java:322) ~[hibernate-core-6.5.2.Final.jar:6.5.2.Final]
	at org.hibernate.boot.internal.SessionFactoryBuilderImpl.build(SessionFactoryBuilderImpl.java:457) ~[hibernate-core-6.5.2.Final.jar:6.5.2.Final]
	at org.hibernate.jpa.boot.internal.EntityManagerFactoryBuilderImpl.build(EntityManagerFactoryBuilderImpl.java:1506) ~[hibernate-core-6.5.2.Final.jar:6.5.2.Final]
	at org.springframework.orm.jpa.vendor.SpringHibernateJpaPersistenceProvider.createContainerEntityManagerFactory(SpringHibernateJpaPersistenceProvider.java:75) ~[spring-orm-6.1.11.jar:6.1.11]
	at org.springframework.orm.jpa.LocalContainerEntityManagerFactoryBean.createNativeEntityManagerFactory(LocalContainerEntityManagerFactoryBean.java:390) ~[spring-orm-6.1.11.jar:6.1.11]
	at org.springframework.orm.jpa.AbstractEntityManagerFactoryBean.buildNativeEntityManagerFactory(AbstractEntityManagerFactoryBean.java:409) ~[spring-orm-6.1.11.jar:6.1.11]
	at org.springframework.orm.jpa.AbstractEntityManagerFactoryBean.afterPropertiesSet(AbstractEntityManagerFactoryBean.java:396) ~[spring-orm-6.1.11.jar:6.1.11]
	at org.springframework.orm.jpa.LocalContainerEntityManagerFactoryBean.afterPropertiesSet(LocalContainerEntityManagerFactoryBean.java:366) ~[spring-orm-6.1.11.jar:6.1.11]
	at org.springframework.beans.factory.support.AbstractAutowireCapableBeanFactory.invokeInitMethods(AbstractAutowireCapableBeanFactory.java:1853) ~[spring-beans-6.1.11.jar:6.1.11]
	at org.springframework.beans.factory.support.AbstractAutowireCapableBeanFactory.initializeBean(AbstractAutowireCapableBeanFactory.java:1802) ~[spring-beans-6.1.11.jar:6.1.11]
	at org.springframework.beans.factory.support.AbstractAutowireCapableBeanFactory.doCreateBean(AbstractAutowireCapableBeanFactory.java:600) ~[spring-beans-6.1.11.jar:6.1.11]
	at org.springframework.beans.factory.support.AbstractAutowireCapableBeanFactory.createBean(AbstractAutowireCapableBeanFactory.java:522) ~[spring-beans-6.1.11.jar:6.1.11]
	at org.springframework.beans.factory.support.AbstractBeanFactory.lambda$doGetBean$0(AbstractBeanFactory.java:337) ~[spring-beans-6.1.11.jar:6.1.11]
	at org.springframework.beans.factory.support.DefaultSingletonBeanRegistry.getSingleton(DefaultSingletonBeanRegistry.java:234) ~[spring-beans-6.1.11.jar:6.1.11]
	at org.springframework.beans.factory.support.AbstractBeanFactory.doGetBean(AbstractBeanFactory.java:335) ~[spring-beans-6.1.11.jar:6.1.11]
	at org.springframework.beans.factory.support.AbstractBeanFactory.getBean(AbstractBeanFactory.java:200) ~[spring-beans-6.1.11.jar:6.1.11]
	at org.springframework.beans.factory.support.BeanDefinitionValueResolver.resolveReference(BeanDefinitionValueResolver.java:365) ~[spring-beans-6.1.11.jar:6.1.11]
	at org.springframework.beans.factory.support.BeanDefinitionValueResolver.resolveValueIfNecessary(BeanDefinitionValueResolver.java:135) ~[spring-beans-6.1.11.jar:6.1.11]
	at org.springframework.beans.factory.support.ConstructorResolver.resolveConstructorArguments(ConstructorResolver.java:682) ~[spring-beans-6.1.11.jar:6.1.11]
	at org.springframework.beans.factory.support.ConstructorResolver.instantiateUsingFactoryMethod(ConstructorResolver.java:509) ~[spring-beans-6.1.11.jar:6.1.11]
	at org.springframework.beans.factory.support.AbstractAutowireCapableBeanFactory.instantiateUsingFactoryMethod(AbstractAutowireCapableBeanFactory.java:1355) ~[spring-beans-6.1.11.jar:6.1.11]
	at org.springframework.beans.factory.support.AbstractAutowireCapableBeanFactory.createBeanInstance(AbstractAutowireCapableBeanFactory.java:1185) ~[spring-beans-6.1.11.jar:6.1.11]
	at org.springframework.beans.factory.support.AbstractAutowireCapableBeanFactory.doCreateBean(AbstractAutowireCapableBeanFactory.java:562) ~[spring-beans-6.1.11.jar:6.1.11]
	at org.springframework.beans.factory.support.AbstractAutowireCapableBeanFactory.createBean(AbstractAutowireCapableBeanFactory.java:522) ~[spring-beans-6.1.11.jar:6.1.11]
	at org.springframework.beans.factory.support.AbstractBeanFactory.lambda$doGetBean$0(AbstractBeanFactory.java:337) ~[spring-beans-6.1.11.jar:6.1.11]
	at org.springframework.beans.factory.support.DefaultSingletonBeanRegistry.getSingleton(DefaultSingletonBeanRegistry.java:234) ~[spring-beans-6.1.11.jar:6.1.11]
	at org.springframework.beans.factory.support.AbstractBeanFactory.doGetBean(AbstractBeanFactory.java:335) ~[spring-beans-6.1.11.jar:6.1.11]
	at org.springframework.beans.factory.support.AbstractBeanFactory.getBean(AbstractBeanFactory.java:200) ~[spring-beans-6.1.11.jar:6.1.11]
	at org.springframework.beans.factory.support.BeanDefinitionValueResolver.resolveReference(BeanDefinitionValueResolver.java:365) ~[spring-beans-6.1.11.jar:6.1.11]
	at org.springframework.beans.factory.support.BeanDefinitionValueResolver.resolveValueIfNecessary(BeanDefinitionValueResolver.java:135) ~[spring-beans-6.1.11.jar:6.1.11]
	at org.springframework.beans.factory.support.AbstractAutowireCapableBeanFactory.applyPropertyValues(AbstractAutowireCapableBeanFactory.java:1705) ~[spring-beans-6.1.11.jar:6.1.11]
	at org.springframework.beans.factory.support.AbstractAutowireCapableBeanFactory.populateBean(AbstractAutowireCapableBeanFactory.java:1454) ~[spring-beans-6.1.11.jar:6.1.11]
	at org.springframework.beans.factory.support.AbstractAutowireCapableBeanFactory.doCreateBean(AbstractAutowireCapableBeanFactory.java:599) ~[spring-beans-6.1.11.jar:6.1.11]
	at org.springframework.beans.factory.support.AbstractAutowireCapableBeanFactory.createBean(AbstractAutowireCapableBeanFactory.java:522) ~[spring-beans-6.1.11.jar:6.1.11]
	at org.springframework.beans.factory.support.AbstractBeanFactory.lambda$doGetBean$0(AbstractBeanFactory.java:337) ~[spring-beans-6.1.11.jar:6.1.11]
	at org.springframework.beans.factory.support.DefaultSingletonBeanRegistry.getSingleton(DefaultSingletonBeanRegistry.java:234) ~[spring-beans-6.1.11.jar:6.1.11]
	at org.springframework.beans.factory.support.AbstractBeanFactory.doGetBean(AbstractBeanFactory.java:335) ~[spring-beans-6.1.11.jar:6.1.11]
	at org.springframework.beans.factory.support.AbstractBeanFactory.getBean(AbstractBeanFactory.java:200) ~[spring-beans-6.1.11.jar:6.1.11]
	at org.springframework.beans.factory.config.DependencyDescriptor.resolveCandidate(DependencyDescriptor.java:254) ~[spring-beans-6.1.11.jar:6.1.11]
	at org.springframework.beans.factory.support.DefaultListableBeanFactory.doResolveDependency(DefaultListableBeanFactory.java:1443) ~[spring-beans-6.1.11.jar:6.1.11]
	at org.springframework.beans.factory.support.DefaultListableBeanFactory.resolveDependency(DefaultListableBeanFactory.java:1353) ~[spring-beans-6.1.11.jar:6.1.11]
	at org.springframework.beans.factory.support.ConstructorResolver.resolveAutowiredArgument(ConstructorResolver.java:904) ~[spring-beans-6.1.11.jar:6.1.11]
	at org.springframework.beans.factory.support.ConstructorResolver.createArgumentArray(ConstructorResolver.java:782) ~[spring-beans-6.1.11.jar:6.1.11]
	at org.springframework.beans.factory.support.ConstructorResolver.autowireConstructor(ConstructorResolver.java:237) ~[spring-beans-6.1.11.jar:6.1.11]
	at org.springframework.beans.factory.support.AbstractAutowireCapableBeanFactory.autowireConstructor(AbstractAutowireCapableBeanFactory.java:1375) ~[spring-beans-6.1.11.jar:6.1.11]
	at org.springframework.beans.factory.support.AbstractAutowireCapableBeanFactory.createBeanInstance(AbstractAutowireCapableBeanFactory.java:1212) ~[spring-beans-6.1.11.jar:6.1.11]
	at org.springframework.beans.factory.support.AbstractAutowireCapableBeanFactory.doCreateBean(AbstractAutowireCapableBeanFactory.java:562) ~[spring-beans-6.1.11.jar:6.1.11]
	at org.springframework.beans.factory.support.AbstractAutowireCapableBeanFactory.createBean(AbstractAutowireCapableBeanFactory.java:522) ~[spring-beans-6.1.11.jar:6.1.11]
	at org.springframework.beans.factory.support.AbstractBeanFactory.lambda$doGetBean$0(AbstractBeanFactory.java:337) ~[spring-beans-6.1.11.jar:6.1.11]
	at org.springframework.beans.factory.support.DefaultSingletonBeanRegistry.getSingleton(DefaultSingletonBeanRegistry.java:234) ~[spring-beans-6.1.11.jar:6.1.11]
	at org.springframework.beans.factory.support.AbstractBeanFactory.doGetBean(AbstractBeanFactory.java:335) ~[spring-beans-6.1.11.jar:6.1.11]
	at org.springframework.beans.factory.support.AbstractBeanFactory.getBean(AbstractBeanFactory.java:200) ~[spring-beans-6.1.11.jar:6.1.11]
	at org.springframework.beans.factory.config.DependencyDescriptor.resolveCandidate(DependencyDescriptor.java:254) ~[spring-beans-6.1.11.jar:6.1.11]
	at org.springframework.beans.factory.support.DefaultListableBeanFactory.doResolveDependency(DefaultListableBeanFactory.java:1443) ~[spring-beans-6.1.11.jar:6.1.11]
	at org.springframework.beans.factory.support.DefaultListableBeanFactory.resolveDependency(DefaultListableBeanFactory.java:1353) ~[spring-beans-6.1.11.jar:6.1.11]
	at org.springframework.beans.factory.support.ConstructorResolver.resolveAutowiredArgument(ConstructorResolver.java:904) ~[spring-beans-6.1.11.jar:6.1.11]
	at org.springframework.beans.factory.support.ConstructorResolver.createArgumentArray(ConstructorResolver.java:782) ~[spring-beans-6.1.11.jar:6.1.11]
	at org.springframework.beans.factory.support.ConstructorResolver.autowireConstructor(ConstructorResolver.java:237) ~[spring-beans-6.1.11.jar:6.1.11]
	at org.springframework.beans.factory.support.AbstractAutowireCapableBeanFactory.autowireConstructor(AbstractAutowireCapableBeanFactory.java:1375) ~[spring-beans-6.1.11.jar:6.1.11]
	at org.springframework.beans.factory.support.AbstractAutowireCapableBeanFactory.createBeanInstance(AbstractAutowireCapableBeanFactory.java:1212) ~[spring-beans-6.1.11.jar:6.1.11]
	at org.springframework.beans.factory.support.AbstractAutowireCapableBeanFactory.doCreateBean(AbstractAutowireCapableBeanFactory.java:562) ~[spring-beans-6.1.11.jar:6.1.11]
	at org.springframework.beans.factory.support.AbstractAutowireCapableBeanFactory.createBean(AbstractAutowireCapableBeanFactory.java:522) ~[spring-beans-6.1.11.jar:6.1.11]
	at org.springframework.beans.factory.support.AbstractBeanFactory.lambda$doGetBean$0(AbstractBeanFactory.java:337) ~[spring-beans-6.1.11.jar:6.1.11]
	at org.springframework.beans.factory.support.DefaultSingletonBeanRegistry.getSingleton(DefaultSingletonBeanRegistry.java:234) ~[spring-beans-6.1.11.jar:6.1.11]
	at org.springframework.beans.factory.support.AbstractBeanFactory.doGetBean(AbstractBeanFactory.java:335) ~[spring-beans-6.1.11.jar:6.1.11]
	at org.springframework.beans.factory.support.AbstractBeanFactory.getBean(AbstractBeanFactory.java:205) ~[spring-beans-6.1.11.jar:6.1.11]
	at org.springframework.boot.web.servlet.ServletContextInitializerBeans.getOrderedBeansOfType(ServletContextInitializerBeans.java:211) ~[spring-boot-3.3.2.jar:3.3.2]
	at org.springframework.boot.web.servlet.ServletContextInitializerBeans.addAsRegistrationBean(ServletContextInitializerBeans.java:174) ~[spring-boot-3.3.2.jar:3.3.2]
	at org.springframework.boot.web.servlet.ServletContextInitializerBeans.addAsRegistrationBean(ServletContextInitializerBeans.java:169) ~[spring-boot-3.3.2.jar:3.3.2]
	at org.springframework.boot.web.servlet.ServletContextInitializerBeans.addAdaptableBeans(ServletContextInitializerBeans.java:154) ~[spring-boot-3.3.2.jar:3.3.2]
	at org.springframework.boot.web.servlet.ServletContextInitializerBeans.<init>(ServletContextInitializerBeans.java:87) ~[spring-boot-3.3.2.jar:3.3.2]
	at org.springframework.boot.web.servlet.context.ServletWebServerApplicationContext.getServletContextInitializerBeans(ServletWebServerApplicationContext.java:266) ~[spring-boot-3.3.2.jar:3.3.2]
	at org.springframework.boot.web.servlet.context.ServletWebServerApplicationContext.selfInitialize(ServletWebServerApplicationContext.java:240) ~[spring-boot-3.3.2.jar:3.3.2]
	at org.springframework.boot.web.embedded.tomcat.TomcatStarter.onStartup(TomcatStarter.java:52) ~[spring-boot-3.3.2.jar:3.3.2]
	at org.apache.catalina.core.StandardContext.startInternal(StandardContext.java:4414) ~[tomcat-embed-core-10.1.26.jar:10.1.26]
	at org.apache.catalina.util.LifecycleBase.start(LifecycleBase.java:164) ~[tomcat-embed-core-10.1.26.jar:10.1.26]
	at org.apache.catalina.core.ContainerBase$StartChild.call(ContainerBase.java:1203) ~[tomcat-embed-core-10.1.26.jar:10.1.26]
	at org.apache.catalina.core.ContainerBase$StartChild.call(ContainerBase.java:1193) ~[tomcat-embed-core-10.1.26.jar:10.1.26]
	at java.base/java.util.concurrent.FutureTask.run(FutureTask.java:317) ~[na:na]
	at org.apache.tomcat.util.threads.InlineExecutorService.execute(InlineExecutorService.java:75) ~[tomcat-embed-core-10.1.26.jar:10.1.26]
	at java.base/java.util.concurrent.AbstractExecutorService.submit(AbstractExecutorService.java:145) ~[na:na]
	at org.apache.catalina.core.ContainerBase.startInternal(ContainerBase.java:749) ~[tomcat-embed-core-10.1.26.jar:10.1.26]
	at org.apache.catalina.core.StandardHost.startInternal(StandardHost.java:772) ~[tomcat-embed-core-10.1.26.jar:10.1.26]
	at org.apache.catalina.util.LifecycleBase.start(LifecycleBase.java:164) ~[tomcat-embed-core-10.1.26.jar:10.1.26]
	at org.apache.catalina.core.ContainerBase$StartChild.call(ContainerBase.java:1203) ~[tomcat-embed-core-10.1.26.jar:10.1.26]
	at org.apache.catalina.core.ContainerBase$StartChild.call(ContainerBase.java:1193) ~[tomcat-embed-core-10.1.26.jar:10.1.26]
	at java.base/java.util.concurrent.FutureTask.run(FutureTask.java:317) ~[na:na]
	at org.apache.tomcat.util.threads.InlineExecutorService.execute(InlineExecutorService.java:75) ~[tomcat-embed-core-10.1.26.jar:10.1.26]
	at java.base/java.util.concurrent.AbstractExecutorService.submit(AbstractExecutorService.java:145) ~[na:na]
	at org.apache.catalina.core.ContainerBase.startInternal(ContainerBase.java:749) ~[tomcat-embed-core-10.1.26.jar:10.1.26]
	at org.apache.catalina.core.StandardEngine.startInternal(StandardEngine.java:203) ~[tomcat-embed-core-10.1.26.jar:10.1.26]
	at org.apache.catalina.util.LifecycleBase.start(LifecycleBase.java:164) ~[tomcat-embed-core-10.1.26.jar:10.1.26]
	at org.apache.catalina.core.StandardService.startInternal(StandardService.java:415) ~[tomcat-embed-core-10.1.26.jar:10.1.26]
	at org.apache.catalina.util.LifecycleBase.start(LifecycleBase.java:164) ~[tomcat-embed-core-10.1.26.jar:10.1.26]
	at org.apache.catalina.core.StandardServer.startInternal(StandardServer.java:874) ~[tomcat-embed-core-10.1.26.jar:10.1.26]
	at org.apache.catalina.util.LifecycleBase.start(LifecycleBase.java:164) ~[tomcat-embed-core-10.1.26.jar:10.1.26]
	at org.apache.catalina.startup.Tomcat.start(Tomcat.java:437) ~[tomcat-embed-core-10.1.26.jar:10.1.26]
	at org.springframework.boot.web.embedded.tomcat.TomcatWebServer.initialize(TomcatWebServer.java:128) ~[spring-boot-3.3.2.jar:3.3.2]
	at org.springframework.boot.web.embedded.tomcat.TomcatWebServer.<init>(TomcatWebServer.java:107) ~[spring-boot-3.3.2.jar:3.3.2]
	at org.springframework.boot.web.embedded.tomcat.TomcatServletWebServerFactory.getTomcatWebServer(TomcatServletWebServerFactory.java:516) ~[spring-boot-3.3.2.jar:3.3.2]
	at org.springframework.boot.web.embedded.tomcat.TomcatServletWebServerFactory.getWebServer(TomcatServletWebServerFactory.java:222) ~[spring-boot-3.3.2.jar:3.3.2]
	at org.springframework.boot.web.servlet.context.ServletWebServerApplicationContext.createWebServer(ServletWebServerApplicationContext.java:188) ~[spring-boot-3.3.2.jar:3.3.2]
	at org.springframework.boot.web.servlet.context.ServletWebServerApplicationContext.onRefresh(ServletWebServerApplicationContext.java:162) ~[spring-boot-3.3.2.jar:3.3.2]
	at org.springframework.context.support.AbstractApplicationContext.refresh(AbstractApplicationContext.java:619) ~[spring-context-6.1.11.jar:6.1.11]
	at org.springframework.boot.web.servlet.context.ServletWebServerApplicationContext.refresh(ServletWebServerApplicationContext.java:146) ~[spring-boot-3.3.2.jar:3.3.2]
	at org.springframework.boot.SpringApplication.refresh(SpringApplication.java:754) ~[spring-boot-3.3.2.jar:3.3.2]
	at org.springframework.boot.SpringApplication.refreshContext(SpringApplication.java:456) ~[spring-boot-3.3.2.jar:3.3.2]
	at org.springframework.boot.SpringApplication.run(SpringApplication.java:335) ~[spring-boot-3.3.2.jar:3.3.2]
	at org.springframework.boot.SpringApplication.run(SpringApplication.java:1363) ~[spring-boot-3.3.2.jar:3.3.2]
	at org.springframework.boot.SpringApplication.run(SpringApplication.java:1352) ~[spring-boot-3.3.2.jar:3.3.2]
	at com.shecancode.attendence.ShecancodeAttendanceSystemApplication.main(ShecancodeAttendanceSystemApplication.java:12) ~[classes/:na]
Caused by: org.postgresql.util.PSQLException: ERROR: insert or update on table "refresh_token" violates foreign key constraint "fk5wkt2p042y3lwltk29cvpxuh"
  Detail: Key (user_id)=(11111111-1111-1111-1111-111111111111) is not present in table "app_user".
	at org.postgresql.core.v3.QueryExecutorImpl.receiveErrorResponse(QueryExecutorImpl.java:2725) ~[postgresql-42.7.3.jar:42.7.3]
	at org.postgresql.core.v3.QueryExecutorImpl.processResults(QueryExecutorImpl.java:2412) ~[postgresql-42.7.3.jar:42.7.3]
	at org.postgresql.core.v3.QueryExecutorImpl.execute(QueryExecutorImpl.java:371) ~[postgresql-42.7.3.jar:42.7.3]
	at org.postgresql.jdbc.PgStatement.executeInternal(PgStatement.java:502) ~[postgresql-42.7.3.jar:42.7.3]
	at org.postgresql.jdbc.PgStatement.execute(PgStatement.java:419) ~[postgresql-42.7.3.jar:42.7.3]
	at org.postgresql.jdbc.PgStatement.executeWithFlags(PgStatement.java:341) ~[postgresql-42.7.3.jar:42.7.3]
	at org.postgresql.jdbc.PgStatement.executeCachedSql(PgStatement.java:326) ~[postgresql-42.7.3.jar:42.7.3]
	at org.postgresql.jdbc.PgStatement.executeWithFlags(PgStatement.java:302) ~[postgresql-42.7.3.jar:42.7.3]
	at org.postgresql.jdbc.PgStatement.execute(PgStatement.java:297) ~[postgresql-42.7.3.jar:42.7.3]
	at com.zaxxer.hikari.pool.ProxyStatement.execute(ProxyStatement.java:94) ~[HikariCP-5.1.0.jar:na]
	at com.zaxxer.hikari.pool.HikariProxyStatement.execute(HikariProxyStatement.java) ~[HikariCP-5.1.0.jar:na]
	at org.hibernate.tool.schema.internal.exec.GenerationTargetToDatabase.accept(GenerationTargetToDatabase.java:80) ~[hibernate-core-6.5.2.Final.jar:6.5.2.Final]
	... 122 common frames omitted

2026-09-15T22:50:25.864+02:00  INFO 13392 --- [shecancode-attendance-system] [           main] j.LocalContainerEntityManagerFactoryBean : Initialized JPA EntityManagerFactory for persistence unit 'default'
2026-09-15T22:50:26.411+02:00  INFO 13392 --- [shecancode-attendance-system] [           main] o.s.d.j.r.query.QueryEnhancerFactory     : Hibernate is in classpath; If applicable, HQL parser will be used.
2026-09-15T22:50:27.401+02:00  INFO 13392 --- [shecancode-attendance-system] [           main] eAuthenticationProviderManagerConfigurer : Global AuthenticationManager configured with AuthenticationProvider bean with name authenticationProvider
2026-09-15T22:50:27.402+02:00  WARN 13392 --- [shecancode-attendance-system] [           main] r$InitializeUserDetailsManagerConfigurer : Global AuthenticationManager configured with an AuthenticationProvider bean. UserDetailsService beans will not be used for username/password login. Consider removing the AuthenticationProvider bean. Alternatively, consider using the UserDetailsService in a manually instantiated DaoAuthenticationProvider.
2026-09-15T22:50:27.825+02:00  WARN 13392 --- [shecancode-attendance-system] [           main] JpaBaseConfiguration$JpaWebConfiguration : spring.jpa.open-in-view is enabled by default. Therefore, database queries may be performed during view rendering. Explicitly configure spring.jpa.open-in-view to disable this warning
2026-09-15T22:50:28.581+02:00  INFO 13392 --- [shecancode-attendance-system] [           main] o.s.b.a.e.web.EndpointLinksResolver      : Exposing 1 endpoint beneath base path '/actuator'
2026-09-15T22:50:29.987+02:00  INFO 13392 --- [shecancode-attendance-system] [           main] o.a.k.clients.admin.AdminClientConfig    : AdminClientConfig values: 
	auto.include.jmx.reporter = true
	bootstrap.controllers = []
	bootstrap.servers = [localhost:9092]
	client.dns.lookup = use_all_dns_ips
	client.id = shecancode-attendance-system-admin-0
	connections.max.idle.ms = 300000
	default.api.timeout.ms = 60000
	enable.metrics.push = true
	metadata.max.age.ms = 300000
	metric.reporters = []
	metrics.num.samples = 2
	metrics.recording.level = INFO
	metrics.sample.window.ms = 30000
	receive.buffer.bytes = 65536
	reconnect.backoff.max.ms = 1000
	reconnect.backoff.ms = 50
	request.timeout.ms = 30000
	retries = 2147483647
	retry.backoff.max.ms = 1000
	retry.backoff.ms = 100
	sasl.client.callback.handler.class = null
	sasl.jaas.config = null
	sasl.kerberos.kinit.cmd = /usr/bin/kinit
	sasl.kerberos.min.time.before.relogin = 60000
	sasl.kerberos.service.name = null
	sasl.kerberos.ticket.renew.jitter = 0.05
	sasl.kerberos.ticket.renew.window.factor = 0.8
	sasl.login.callback.handler.class = null
	sasl.login.class = null
	sasl.login.connect.timeout.ms = null
	sasl.login.read.timeout.ms = null
	sasl.login.refresh.buffer.seconds = 300
	sasl.login.refresh.min.period.seconds = 60
	sasl.login.refresh.window.factor = 0.8
	sasl.login.refresh.window.jitter = 0.05
	sasl.login.retry.backoff.max.ms = 10000
	sasl.login.retry.backoff.ms = 100
	sasl.mechanism = GSSAPI
	sasl.oauthbearer.clock.skew.seconds = 30
	sasl.oauthbearer.expected.audience = null
	sasl.oauthbearer.expected.issuer = null
	sasl.oauthbearer.jwks.endpoint.refresh.ms = 3600000
	sasl.oauthbearer.jwks.endpoint.retry.backoff.max.ms = 10000
	sasl.oauthbearer.jwks.endpoint.retry.backoff.ms = 100
	sasl.oauthbearer.jwks.endpoint.url = null
	sasl.oauthbearer.scope.claim.name = scope
	sasl.oauthbearer.sub.claim.name = sub
	sasl.oauthbearer.token.endpoint.url = null
	security.protocol = PLAINTEXT
	security.providers = null
	send.buffer.bytes = 131072
	socket.connection.setup.timeout.max.ms = 30000
	socket.connection.setup.timeout.ms = 10000
	ssl.cipher.suites = null
	ssl.enabled.protocols = [TLSv1.2, TLSv1.3]
	ssl.endpoint.identification.algorithm = https
	ssl.engine.factory.class = null
	ssl.key.password = null
	ssl.keymanager.algorithm = SunX509
	ssl.keystore.certificate.chain = null
	ssl.keystore.key = null
	ssl.keystore.location = null
	ssl.keystore.password = null
	ssl.keystore.type = JKS
	ssl.protocol = TLSv1.3
	ssl.provider = null
	ssl.secure.random.implementation = null
	ssl.trustmanager.algorithm = PKIX
	ssl.truststore.certificates = null
	ssl.truststore.location = null
	ssl.truststore.password = null
	ssl.truststore.type = JKS

2026-09-15T22:50:30.221+02:00  INFO 13392 --- [shecancode-attendance-system] [           main] o.a.kafka.common.utils.AppInfoParser     : Kafka version: 3.7.1
2026-09-15T22:50:30.222+02:00  INFO 13392 --- [shecancode-attendance-system] [           main] o.a.kafka.common.utils.AppInfoParser     : Kafka commitId: e2494e6ffb89f828
2026-09-15T22:50:30.222+02:00  INFO 13392 --- [shecancode-attendance-system] [           main] o.a.kafka.common.utils.AppInfoParser     : Kafka startTimeMs: 1789505430220
2026-09-15T22:50:31.025+02:00  INFO 13392 --- [shecancode-attendance-system] [-system-admin-0] o.a.kafka.common.utils.AppInfoParser     : App info kafka.admin.client for shecancode-attendance-system-admin-0 unregistered
2026-09-15T22:50:31.037+02:00  INFO 13392 --- [shecancode-attendance-system] [-system-admin-0] o.apache.kafka.common.metrics.Metrics    : Metrics scheduler closed
2026-09-15T22:50:31.037+02:00  INFO 13392 --- [shecancode-attendance-system] [-system-admin-0] o.apache.kafka.common.metrics.Metrics    : Closing reporter org.apache.kafka.common.metrics.JmxReporter
2026-09-15T22:50:31.038+02:00  INFO 13392 --- [shecancode-attendance-system] [-system-admin-0] o.apache.kafka.common.metrics.Metrics    : Metrics reporters closed
2026-09-15T22:50:31.070+02:00  INFO 13392 --- [shecancode-attendance-system] [           main] o.s.b.w.embedded.tomcat.TomcatWebServer  : Tomcat started on port 8081 (http) with context path '/'
2026-09-15T22:50:31.093+02:00  INFO 13392 --- [shecancode-attendance-system] [           main] .a.ShecancodeAttendanceSystemApplication : Started ShecancodeAttendanceSystemApplication in 12.679 seconds (process running for 13.385)
2026-09-15T22:50:31.213+02:00 DEBUG 13392 --- [shecancode-attendance-system] [   scheduling-1] org.hibernate.SQL                        : 
    select
        oe1_0.id,
        oe1_0.aggregate_id,
        oe1_0.created_at,
        oe1_0.event_type,
        oe1_0.payload,
        oe1_0.processed_at,
        oe1_0.retry_count,
        oe1_0.status,
        oe1_0.updated_at 
    from
        attendance_outbox oe1_0 
    where
        oe1_0.status in (?, ?) 
        and oe1_0.retry_count<?
Hibernate: 
    select
        oe1_0.id,
        oe1_0.aggregate_id,
        oe1_0.created_at,
        oe1_0.event_type,
        oe1_0.payload,
        oe1_0.processed_at,
        oe1_0.retry_count,
        oe1_0.status,
        oe1_0.updated_at 
    from
        attendance_outbox oe1_0 
    where
        oe1_0.status in (?, ?) 
        and oe1_0.retry_count<?
2026-09-15T22:50:32.634+02:00  INFO 13392 --- [shecancode-attendance-system] [nio-8081-exec-1] o.a.c.c.C.[Tomcat].[localhost].[/]       : Initializing Spring DispatcherServlet 'dispatcherServlet'
2026-09-15T22:50:32.634+02:00  INFO 13392 --- [shecancode-attendance-system] [nio-8081-exec-1] o.s.web.servlet.DispatcherServlet        : Initializing Servlet 'dispatcherServlet'
2026-09-15T22:50:32.636+02:00  INFO 13392 --- [shecancode-attendance-system] [nio-8081-exec-1] o.s.web.servlet.DispatcherServlet        : Completed initialization in 2 ms
2026-09-15T22:50:36.256+02:00 DEBUG 13392 --- [shecancode-attendance-system] [   scheduling-1] org.hibernate.SQL                        : 
    select
        oe1_0.id,
        oe1_0.aggregate_id,
        oe1_0.created_at,
        oe1_0.event_type,
        oe1_0.payload,
        oe1_0.processed_at,
        oe1_0.retry_count,
        oe1_0.status,
        oe1_0.updated_at 
    from
        attendance_outbox oe1_0 
    where
        oe1_0.status in (?, ?) 
        and oe1_0.retry_count<?
Hibernate: 
    select
        oe1_0.id,
        oe1_0.aggregate_id,
        oe1_0.created_at,
        oe1_0.event_type,
        oe1_0.payload,
        oe1_0.processed_at,
        oe1_0.retry_count,
        oe1_0.status,
        oe1_0.updated_at 
    from
        attendance_outbox oe1_0 
    where
        oe1_0.status in (?, ?) 
        and oe1_0.retry_count<?
2026-09-15T22:50:41.276+02:00 DEBUG 13392 --- [shecancode-attendance-system] [   scheduling-1] org.hibernate.SQL                        : 
    select
        oe1_0.id,
        oe1_0.aggregate_id,
        oe1_0.created_at,
        oe1_0.event_type,
        oe1_0.payload,
        oe1_0.processed_at,
        oe1_0.retry_count,
        oe1_0.status,
        oe1_0.updated_at 
    from
        attendance_outbox oe1_0 
    where
        oe1_0.status in (?, ?) 
        and oe1_0.retry_count<?
Hibernate: 
    select
        oe1_0.id,
        oe1_0.aggregate_id,
        oe1_0.created_at,
        oe1_0.event_type,
        oe1_0.payload,
        oe1_0.processed_at,
        oe1_0.retry_count,
        oe1_0.status,
        oe1_0.updated_at 
    from
        attendance_outbox oe1_0 
    where
        oe1_0.status in (?, ?) 
        and oe1_0.retry_count<?
2026-09-15T22:50:46.294+02:00 DEBUG 13392 --- [shecancode-attendance-system] [   scheduling-1] org.hibernate.SQL                        : 
    select
        oe1_0.id,
        oe1_0.aggregate_id,
        oe1_0.created_at,
        oe1_0.event_type,
        oe1_0.payload,
        oe1_0.processed_at,
        oe1_0.retry_count,
        oe1_0.status,
        oe1_0.updated_at 
    from
        attendance_outbox oe1_0 
    where
        oe1_0.status in (?, ?) 
        and oe1_0.retry_count<?
Hibernate: 
    select
        oe1_0.id,
        oe1_0.aggregate_id,
        oe1_0.created_at,
        oe1_0.event_type,
        oe1_0.payload,
        oe1_0.processed_at,
        oe1_0.retry_count,
        oe1_0.status,
        oe1_0.updated_at 
    from
        attendance_outbox oe1_0 
    where
        oe1_0.status in (?, ?) 
        and oe1_0.retry_count<?
2026-09-15T22:50:47.816+02:00 DEBUG 13392 --- [shecancode-attendance-system] [nio-8081-exec-3] org.hibernate.SQL                        : 
    select
        au1_0.user_id,
        au1_0.account_status,
        au1_0.enabled,
        au1_0.full_name,
        au1_0.password,
        au1_0.role,
        au1_0.username 
    from
        app_user au1_0 
    where
        au1_0.username=?
Hibernate: 
    select
        au1_0.user_id,
        au1_0.account_status,
        au1_0.enabled,
        au1_0.full_name,
        au1_0.password,
        au1_0.role,
        au1_0.username 
    from
        app_user au1_0 
    where
        au1_0.username=?
2026-09-15T22:50:48.177+02:00  WARN 13392 --- [shecancode-attendance-system] [nio-8081-exec-4] c.s.a.auth.security.AuthEntryPoint       : Unauthorized access attempt on [/api/v1/cohort/550e8400-e29b-41d4-a716-446655440001]: Full authentication is required to access this resource
2026-09-15T22:50:48.294+02:00  WARN 13392 --- [shecancode-attendance-system] [nio-8081-exec-5] c.s.a.auth.security.AuthEntryPoint       : Unauthorized access attempt on [/api/v1/cohort/550e8400-e29b-41d4-a716-446655440001]: Full authentication is required to access this resource
2026-09-15T22:50:48.396+02:00  WARN 13392 --- [shecancode-attendance-system] [nio-8081-exec-6] c.s.a.auth.security.AuthEntryPoint       : Unauthorized access attempt on [/api/v1/cohort/00000000-0000-0000-0000-000000000000]: Full authentication is required to access this resource
2026-09-15T22:50:51.314+02:00 DEBUG 13392 --- [shecancode-attendance-system] [   scheduling-1] org.hibernate.SQL                        : 
    select
        oe1_0.id,
        oe1_0.aggregate_id,
        oe1_0.created_at,
        oe1_0.event_type,
        oe1_0.payload,
        oe1_0.processed_at,
        oe1_0.retry_count,
        oe1_0.status,
        oe1_0.updated_at 
    from
        attendance_outbox oe1_0 
    where
        oe1_0.status in (?, ?) 
        and oe1_0.retry_count<?
Hibernate: 
    select
        oe1_0.id,
        oe1_0.aggregate_id,
        oe1_0.created_at,
        oe1_0.event_type,
        oe1_0.payload,
        oe1_0.processed_at,
        oe1_0.retry_count,
        oe1_0.status,
        oe1_0.updated_at 
    from
        attendance_outbox oe1_0 
    where
        oe1_0.status in (?, ?) 
        and oe1_0.retry_count<?
2026-09-15T22:50:56.337+02:00 DEBUG 13392 --- [shecancode-attendance-system] [   scheduling-1] org.hibernate.SQL                        : 
    select
        oe1_0.id,
        oe1_0.aggregate_id,
        oe1_0.created_at,
        oe1_0.event_type,
        oe1_0.payload,
        oe1_0.processed_at,
        oe1_0.retry_count,
        oe1_0.status,
        oe1_0.updated_at 
    from
        attendance_outbox oe1_0 
    where
        oe1_0.status in (?, ?) 
        and oe1_0.retry_count<?
Hibernate: 
    select
        oe1_0.id,
        oe1_0.aggregate_id,
        oe1_0.created_at,
        oe1_0.event_type,
        oe1_0.payload,
        oe1_0.processed_at,
        oe1_0.retry_count,
        oe1_0.status,
        oe1_0.updated_at 
    from
        attendance_outbox oe1_0 
    where
        oe1_0.status in (?, ?) 
        and oe1_0.retry_count<?
2026-09-15T22:50:56.688+02:00 DEBUG 13392 --- [shecancode-attendance-system] [nio-8081-exec-8] org.hibernate.SQL                        : 
    select
        au1_0.user_id,
        au1_0.account_status,
        au1_0.enabled,
        au1_0.full_name,
        au1_0.password,
        au1_0.role,
        au1_0.username 
    from
        app_user au1_0 
    where
        au1_0.username=?
Hibernate: 
    select
        au1_0.user_id,
        au1_0.account_status,
        au1_0.enabled,
        au1_0.full_name,
        au1_0.password,
        au1_0.role,
        au1_0.username 
    from
        app_user au1_0 
    where
        au1_0.username=?
2026-09-15T22:51:01.350+02:00 DEBUG 13392 --- [shecancode-attendance-system] [   scheduling-1] org.hibernate.SQL                        : 
    select
        oe1_0.id,
        oe1_0.aggregate_id,
        oe1_0.created_at,
        oe1_0.event_type,
        oe1_0.payload,
        oe1_0.processed_at,
        oe1_0.retry_count,
        oe1_0.status,
        oe1_0.updated_at 
    from
        attendance_outbox oe1_0 
    where
        oe1_0.status in (?, ?) 
        and oe1_0.retry_count<?
Hibernate: 
    select
        oe1_0.id,
        oe1_0.aggregate_id,
        oe1_0.created_at,
        oe1_0.event_type,
        oe1_0.payload,
        oe1_0.processed_at,
        oe1_0.retry_count,
        oe1_0.status,
        oe1_0.updated_at 
    from
        attendance_outbox oe1_0 
    where
        oe1_0.status in (?, ?) 
        and oe1_0.retry_count<?
2026-09-15T22:51:06.370+02:00 DEBUG 13392 --- [shecancode-attendance-system] [   scheduling-1] org.hibernate.SQL                        : 
    select
        oe1_0.id,
        oe1_0.aggregate_id,
        oe1_0.created_at,
        oe1_0.event_type,
        oe1_0.payload,
        oe1_0.processed_at,
        oe1_0.retry_count,
        oe1_0.status,
        oe1_0.updated_at 
    from
        attendance_outbox oe1_0 
    where
        oe1_0.status in (?, ?) 
        and oe1_0.retry_count<?
Hibernate: 
    select
        oe1_0.id,
        oe1_0.aggregate_id,
        oe1_0.created_at,
        oe1_0.event_type,
        oe1_0.payload,
        oe1_0.processed_at,
        oe1_0.retry_count,
        oe1_0.status,
        oe1_0.updated_at 
    from
        attendance_outbox oe1_0 
    where
        oe1_0.status in (?, ?) 
        and oe1_0.retry_count<?
2026-09-15T22:51:11.394+02:00 DEBUG 13392 --- [shecancode-attendance-system] [   scheduling-1] org.hibernate.SQL                        : 
    select
        oe1_0.id,
        oe1_0.aggregate_id,
        oe1_0.created_at,
        oe1_0.event_type,
        oe1_0.payload,
        oe1_0.processed_at,
        oe1_0.retry_count,
        oe1_0.status,
        oe1_0.updated_at 
    from
        attendance_outbox oe1_0 
    where
        oe1_0.status in (?, ?) 
        and oe1_0.retry_count<?
Hibernate: 
    select
        oe1_0.id,
        oe1_0.aggregate_id,
        oe1_0.created_at,
        oe1_0.event_type,
        oe1_0.payload,
        oe1_0.processed_at,
        oe1_0.retry_count,
        oe1_0.status,
        oe1_0.updated_at 
    from
        attendance_outbox oe1_0 
    where
        oe1_0.status in (?, ?) 
        and oe1_0.retry_count<?
2026-09-15T22:51:16.405+02:00 DEBUG 13392 --- [shecancode-attendance-system] [   scheduling-1] org.hibernate.SQL                        : 
    select
        oe1_0.id,
        oe1_0.aggregate_id,
        oe1_0.created_at,
        oe1_0.event_type,
        oe1_0.payload,
        oe1_0.processed_at,
        oe1_0.retry_count,
        oe1_0.status,
        oe1_0.updated_at 
    from
        attendance_outbox oe1_0 
    where
        oe1_0.status in (?, ?) 
        and oe1_0.retry_count<?
Hibernate: 
    select
        oe1_0.id,
        oe1_0.aggregate_id,
        oe1_0.created_at,
        oe1_0.event_type,
        oe1_0.payload,
        oe1_0.processed_at,
        oe1_0.retry_count,
        oe1_0.status,
        oe1_0.updated_at 
    from
        attendance_outbox oe1_0 
    where
        oe1_0.status in (?, ?) 
        and oe1_0.retry_count<?
2026-09-15T22:51:21.428+02:00 DEBUG 13392 --- [shecancode-attendance-system] [   scheduling-1] org.hibernate.SQL                        : 
    select
        oe1_0.id,
        oe1_0.aggregate_id,
        oe1_0.created_at,
        oe1_0.event_type,
        oe1_0.payload,
        oe1_0.processed_at,
        oe1_0.retry_count,
        oe1_0.status,
        oe1_0.updated_at 
    from
        attendance_outbox oe1_0 
    where
        oe1_0.status in (?, ?) 
        and oe1_0.retry_count<?
Hibernate: 
    select
        oe1_0.id,
        oe1_0.aggregate_id,
        oe1_0.created_at,
        oe1_0.event_type,
        oe1_0.payload,
        oe1_0.processed_at,
        oe1_0.retry_count,
        oe1_0.status,
        oe1_0.updated_at 
    from
        attendance_outbox oe1_0 
    where
        oe1_0.status in (?, ?) 
        and oe1_0.retry_count<?
2026-09-15T22:51:26.445+02:00 DEBUG 13392 --- [shecancode-attendance-system] [   scheduling-1] org.hibernate.SQL                        : 
    select
        oe1_0.id,
        oe1_0.aggregate_id,
        oe1_0.created_at,
        oe1_0.event_type,
        oe1_0.payload,
        oe1_0.processed_at,
        oe1_0.retry_count,
        oe1_0.status,
        oe1_0.updated_at 
    from
        attendance_outbox oe1_0 
    where
        oe1_0.status in (?, ?) 
        and oe1_0.retry_count<?
Hibernate: 
    select
        oe1_0.id,
        oe1_0.aggregate_id,
        oe1_0.created_at,
        oe1_0.event_type,
        oe1_0.payload,
        oe1_0.processed_at,
        oe1_0.retry_count,
        oe1_0.status,
        oe1_0.updated_at 
    from
        attendance_outbox oe1_0 
    where
        oe1_0.status in (?, ?) 
        and oe1_0.retry_count<?
2026-09-15T22:51:31.470+02:00 DEBUG 13392 --- [shecancode-attendance-system] [   scheduling-1] org.hibernate.SQL                        : 
    select
        oe1_0.id,
        oe1_0.aggregate_id,
        oe1_0.created_at,
        oe1_0.event_type,
        oe1_0.payload,
        oe1_0.processed_at,
        oe1_0.retry_count,
        oe1_0.status,
        oe1_0.updated_at 
    from
        attendance_outbox oe1_0 
    where
        oe1_0.status in (?, ?) 
        and oe1_0.retry_count<?
Hibernate: 
    select
        oe1_0.id,
        oe1_0.aggregate_id,
        oe1_0.created_at,
        oe1_0.event_type,
        oe1_0.payload,
        oe1_0.processed_at,
        oe1_0.retry_count,
        oe1_0.status,
        oe1_0.updated_at 
    from
        attendance_outbox oe1_0 
    where
        oe1_0.status in (?, ?) 
        and oe1_0.retry_count<?
2026-09-15T22:51:36.486+02:00 DEBUG 13392 --- [shecancode-attendance-system] [   scheduling-1] org.hibernate.SQL                        : 
    select
        oe1_0.id,
        oe1_0.aggregate_id,
        oe1_0.created_at,
        oe1_0.event_type,
        oe1_0.payload,
        oe1_0.processed_at,
        oe1_0.retry_count,
        oe1_0.status,
        oe1_0.updated_at 
    from
        attendance_outbox oe1_0 
    where
        oe1_0.status in (?, ?) 
        and oe1_0.retry_count<?
Hibernate: 
    select
        oe1_0.id,
        oe1_0.aggregate_id,
        oe1_0.created_at,
        oe1_0.event_type,
        oe1_0.payload,
        oe1_0.processed_at,
        oe1_0.retry_count,
        oe1_0.status,
        oe1_0.updated_at 
    from
        attendance_outbox oe1_0 
    where
        oe1_0.status in (?, ?) 
        and oe1_0.retry_count<?
2026-09-15T22:51:41.503+02:00 DEBUG 13392 --- [shecancode-attendance-system] [   scheduling-1] org.hibernate.SQL                        : 
    select
        oe1_0.id,
        oe1_0.aggregate_id,
        oe1_0.created_at,
        oe1_0.event_type,
        oe1_0.payload,
        oe1_0.processed_at,
        oe1_0.retry_count,
        oe1_0.status,
        oe1_0.updated_at 
    from
        attendance_outbox oe1_0 
    where
        oe1_0.status in (?, ?) 
        and oe1_0.retry_count<?
Hibernate: 
    select
        oe1_0.id,
        oe1_0.aggregate_id,
        oe1_0.created_at,
        oe1_0.event_type,
        oe1_0.payload,
        oe1_0.processed_at,
        oe1_0.retry_count,
        oe1_0.status,
        oe1_0.updated_at 
    from
        attendance_outbox oe1_0 
    where
        oe1_0.status in (?, ?) 
        and oe1_0.retry_count<?
2026-09-15T22:51:46.525+02:00 DEBUG 13392 --- [shecancode-attendance-system] [   scheduling-1] org.hibernate.SQL                        : 
    select
        oe1_0.id,
        oe1_0.aggregate_id,
        oe1_0.created_at,
        oe1_0.event_type,
        oe1_0.payload,
        oe1_0.processed_at,
        oe1_0.retry_count,
        oe1_0.status,
        oe1_0.updated_at 
    from
        attendance_outbox oe1_0 
    where
        oe1_0.status in (?, ?) 
        and oe1_0.retry_count<?
Hibernate: 
    select
        oe1_0.id,
        oe1_0.aggregate_id,
        oe1_0.created_at,
        oe1_0.event_type,
        oe1_0.payload,
        oe1_0.processed_at,
        oe1_0.retry_count,
        oe1_0.status,
        oe1_0.updated_at 
    from
        attendance_outbox oe1_0 
    where
        oe1_0.status in (?, ?) 
        and oe1_0.retry_count<?
2026-09-15T22:51:51.542+02:00 DEBUG 13392 --- [shecancode-attendance-system] [   scheduling-1] org.hibernate.SQL                        : 
    select
        oe1_0.id,
        oe1_0.aggregate_id,
        oe1_0.created_at,
        oe1_0.event_type,
        oe1_0.payload,
        oe1_0.processed_at,
        oe1_0.retry_count,
        oe1_0.status,
        oe1_0.updated_at 
    from
        attendance_outbox oe1_0 
    where
        oe1_0.status in (?, ?) 
        and oe1_0.retry_count<?
Hibernate: 
    select
        oe1_0.id,
        oe1_0.aggregate_id,
        oe1_0.created_at,
        oe1_0.event_type,
        oe1_0.payload,
        oe1_0.processed_at,
        oe1_0.retry_count,
        oe1_0.status,
        oe1_0.updated_at 
    from
        attendance_outbox oe1_0 
    where
        oe1_0.status in (?, ?) 
        and oe1_0.retry_count<?
2026-09-15T22:51:56.563+02:00 DEBUG 13392 --- [shecancode-attendance-system] [   scheduling-1] org.hibernate.SQL                        : 
    select
        oe1_0.id,
        oe1_0.aggregate_id,
        oe1_0.created_at,
        oe1_0.event_type,
        oe1_0.payload,
        oe1_0.processed_at,
        oe1_0.retry_count,
        oe1_0.status,
        oe1_0.updated_at 
    from
        attendance_outbox oe1_0 
    where
        oe1_0.status in (?, ?) 
        and oe1_0.retry_count<?
Hibernate: 
    select
        oe1_0.id,
        oe1_0.aggregate_id,
        oe1_0.created_at,
        oe1_0.event_type,
        oe1_0.payload,
        oe1_0.processed_at,
        oe1_0.retry_count,
        oe1_0.status,
        oe1_0.updated_at 
    from
        attendance_outbox oe1_0 
    where
        oe1_0.status in (?, ?) 
        and oe1_0.retry_count<?
2026-09-15T22:52:01.579+02:00 DEBUG 13392 --- [shecancode-attendance-system] [   scheduling-1] org.hibernate.SQL                        : 
    select
        oe1_0.id,
        oe1_0.aggregate_id,
        oe1_0.created_at,
        oe1_0.event_type,
        oe1_0.payload,
        oe1_0.processed_at,
        oe1_0.retry_count,
        oe1_0.status,
        oe1_0.updated_at 
    from
        attendance_outbox oe1_0 
    where
        oe1_0.status in (?, ?) 
        and oe1_0.retry_count<?
Hibernate: 
    select
        oe1_0.id,
        oe1_0.aggregate_id,
        oe1_0.created_at,
        oe1_0.event_type,
        oe1_0.payload,
        oe1_0.processed_at,
        oe1_0.retry_count,
        oe1_0.status,
        oe1_0.updated_at 
    from
        attendance_outbox oe1_0 
    where
        oe1_0.status in (?, ?) 
        and oe1_0.retry_count<?
2026-09-15T22:52:06.600+02:00 DEBUG 13392 --- [shecancode-attendance-system] [   scheduling-1] org.hibernate.SQL                        : 
    select
        oe1_0.id,
        oe1_0.aggregate_id,
        oe1_0.created_at,
        oe1_0.event_type,
        oe1_0.payload,
        oe1_0.processed_at,
        oe1_0.retry_count,
        oe1_0.status,
        oe1_0.updated_at 
    from
        attendance_outbox oe1_0 
    where
        oe1_0.status in (?, ?) 
        and oe1_0.retry_count<?
Hibernate: 
    select
        oe1_0.id,
        oe1_0.aggregate_id,
        oe1_0.created_at,
        oe1_0.event_type,
        oe1_0.payload,
        oe1_0.processed_at,
        oe1_0.retry_count,
        oe1_0.status,
        oe1_0.updated_at 
    from
        attendance_outbox oe1_0 
    where
        oe1_0.status in (?, ?) 
        and oe1_0.retry_count<?
2026-09-15T22:52:11.616+02:00 DEBUG 13392 --- [shecancode-attendance-system] [   scheduling-1] org.hibernate.SQL                        : 
    select
        oe1_0.id,
        oe1_0.aggregate_id,
        oe1_0.created_at,
        oe1_0.event_type,
        oe1_0.payload,
        oe1_0.processed_at,
        oe1_0.retry_count,
        oe1_0.status,
        oe1_0.updated_at 
    from
        attendance_outbox oe1_0 
    where
        oe1_0.status in (?, ?) 
        and oe1_0.retry_count<?
Hibernate: 
    select
        oe1_0.id,
        oe1_0.aggregate_id,
        oe1_0.created_at,
        oe1_0.event_type,
        oe1_0.payload,
        oe1_0.processed_at,
        oe1_0.retry_count,
        oe1_0.status,
        oe1_0.updated_at 
    from
        attendance_outbox oe1_0 
    where
        oe1_0.status in (?, ?) 
        and oe1_0.retry_count<?
2026-09-15T22:52:16.629+02:00 DEBUG 13392 --- [shecancode-attendance-system] [   scheduling-1] org.hibernate.SQL                        : 
    select
        oe1_0.id,
        oe1_0.aggregate_id,
        oe1_0.created_at,
        oe1_0.event_type,
        oe1_0.payload,
        oe1_0.processed_at,
        oe1_0.retry_count,
        oe1_0.status,
        oe1_0.updated_at 
    from
        attendance_outbox oe1_0 
    where
        oe1_0.status in (?, ?) 
        and oe1_0.retry_count<?
Hibernate: 
    select
        oe1_0.id,
        oe1_0.aggregate_id,
        oe1_0.created_at,
        oe1_0.event_type,
        oe1_0.payload,
        oe1_0.processed_at,
        oe1_0.retry_count,
        oe1_0.status,
        oe1_0.updated_at 
    from
        attendance_outbox oe1_0 
    where
        oe1_0.status in (?, ?) 
        and oe1_0.retry_count<?
2026-09-15T22:52:21.650+02:00 DEBUG 13392 --- [shecancode-attendance-system] [   scheduling-1] org.hibernate.SQL                        : 
    select
        oe1_0.id,
        oe1_0.aggregate_id,
        oe1_0.created_at,
        oe1_0.event_type,
        oe1_0.payload,
        oe1_0.processed_at,
        oe1_0.retry_count,
        oe1_0.status,
        oe1_0.updated_at 
    from
        attendance_outbox oe1_0 
    where
        oe1_0.status in (?, ?) 
        and oe1_0.retry_count<?
Hibernate: 
    select
        oe1_0.id,
        oe1_0.aggregate_id,
        oe1_0.created_at,
        oe1_0.event_type,
        oe1_0.payload,
        oe1_0.processed_at,
        oe1_0.retry_count,
        oe1_0.status,
        oe1_0.updated_at 
    from
        attendance_outbox oe1_0 
    where
        oe1_0.status in (?, ?) 
        and oe1_0.retry_count<?
2026-09-15T22:52:24.717+02:00 DEBUG 13392 --- [shecancode-attendance-system] [io-8081-exec-10] org.hibernate.SQL                        : 
    select
        au1_0.user_id,
        au1_0.account_status,
        au1_0.enabled,
        au1_0.full_name,
        au1_0.password,
        au1_0.role,
        au1_0.username 
    from
        app_user au1_0 
    where
        au1_0.username=?
Hibernate: 
    select
        au1_0.user_id,
        au1_0.account_status,
        au1_0.enabled,
        au1_0.full_name,
        au1_0.password,
        au1_0.role,
        au1_0.username 
    from
        app_user au1_0 
    where
        au1_0.username=?
2026-09-15T22:52:25.002+02:00 DEBUG 13392 --- [shecancode-attendance-system] [io-8081-exec-10] org.hibernate.SQL                        : 
    select
        au1_0.user_id,
        au1_0.account_status,
        au1_0.enabled,
        au1_0.full_name,
        au1_0.password,
        au1_0.role,
        au1_0.username 
    from
        app_user au1_0 
    where
        au1_0.username=?
Hibernate: 
    select
        au1_0.user_id,
        au1_0.account_status,
        au1_0.enabled,
        au1_0.full_name,
        au1_0.password,
        au1_0.role,
        au1_0.username 
    from
        app_user au1_0 
    where
        au1_0.username=?
2026-09-15T22:52:25.017+02:00  INFO 13392 --- [shecancode-attendance-system] [io-8081-exec-10] c.s.attendence.auth.service.AuthService  : User [__tmp_verify_admin__] logged in successfully
2026-09-15T22:52:25.115+02:00 DEBUG 13392 --- [shecancode-attendance-system] [io-8081-exec-10] org.hibernate.SQL                        : 
    insert 
    into
        refresh_token
        (created_at, expires_at, revoked_at, token, user_id, id) 
    values
        (?, ?, ?, ?, ?, ?)
Hibernate: 
    insert 
    into
        refresh_token
        (created_at, expires_at, revoked_at, token, user_id, id) 
    values
        (?, ?, ?, ?, ?, ?)
2026-09-15T22:52:25.736+02:00 DEBUG 13392 --- [shecancode-attendance-system] [nio-8081-exec-1] org.hibernate.SQL                        : 
    select
        au1_0.user_id,
        au1_0.account_status,
        au1_0.enabled,
        au1_0.full_name,
        au1_0.password,
        au1_0.role,
        au1_0.username 
    from
        app_user au1_0 
    where
        au1_0.username=?
Hibernate: 
    select
        au1_0.user_id,
        au1_0.account_status,
        au1_0.enabled,
        au1_0.full_name,
        au1_0.password,
        au1_0.role,
        au1_0.username 
    from
        app_user au1_0 
    where
        au1_0.username=?
2026-09-15T22:52:25.749+02:00  INFO 13392 --- [shecancode-attendance-system] [nio-8081-exec-1] c.s.a.a.s.JwtAuthenticationFilter        : Successfully authenticated user [__tmp_verify_admin__] with roles [ROLE_ADMIN]
2026-09-15T22:52:25.799+02:00  INFO 13392 --- [shecancode-attendance-system] [nio-8081-exec-1] c.s.a.r.controller.CohortController      : Retrieving cohort [550e8400-e29b-41d4-a716-446655440001]
2026-09-15T22:52:25.825+02:00 DEBUG 13392 --- [shecancode-attendance-system] [nio-8081-exec-1] org.hibernate.SQL                        : 
    select
        c1_0.cohort_id,
        c1_0.cohort_number,
        c1_0.end_date,
        c1_0.program_id,
        c1_0.start_date 
    from
        cohort c1_0 
    where
        c1_0.cohort_id=?
Hibernate: 
    select
        c1_0.cohort_id,
        c1_0.cohort_number,
        c1_0.end_date,
        c1_0.program_id,
        c1_0.start_date 
    from
        cohort c1_0 
    where
        c1_0.cohort_id=?
2026-09-15T22:52:25.854+02:00 DEBUG 13392 --- [shecancode-attendance-system] [nio-8081-exec-1] org.hibernate.SQL                        : 
    select
        p1_0.program_id,
        p1_0.program_duration,
        p1_0.program_end_date,
        p1_0.program_name,
        p1_0.program_start_date 
    from
        program p1_0 
    where
        p1_0.program_id=?
Hibernate: 
    select
        p1_0.program_id,
        p1_0.program_duration,
        p1_0.program_end_date,
        p1_0.program_name,
        p1_0.program_start_date 
    from
        program p1_0 
    where
        p1_0.program_id=?
2026-09-15T22:52:25.978+02:00 DEBUG 13392 --- [shecancode-attendance-system] [nio-8081-exec-2] org.hibernate.SQL                        : 
    select
        au1_0.user_id,
        au1_0.account_status,
        au1_0.enabled,
        au1_0.full_name,
        au1_0.password,
        au1_0.role,
        au1_0.username 
    from
        app_user au1_0 
    where
        au1_0.username=?
Hibernate: 
    select
        au1_0.user_id,
        au1_0.account_status,
        au1_0.enabled,
        au1_0.full_name,
        au1_0.password,
        au1_0.role,
        au1_0.username 
    from
        app_user au1_0 
    where
        au1_0.username=?
2026-09-15T22:52:25.989+02:00  INFO 13392 --- [shecancode-attendance-system] [nio-8081-exec-2] c.s.a.a.s.JwtAuthenticationFilter        : Successfully authenticated user [__tmp_verify_admin__] with roles [ROLE_ADMIN]
2026-09-15T22:52:25.993+02:00  INFO 13392 --- [shecancode-attendance-system] [nio-8081-exec-2] c.s.a.r.controller.CohortController      : Retrieving cohort [550e8400-e29b-41d4-a716-446655440001]
2026-09-15T22:52:25.995+02:00 DEBUG 13392 --- [shecancode-attendance-system] [nio-8081-exec-2] org.hibernate.SQL                        : 
    select
        c1_0.cohort_id,
        c1_0.cohort_number,
        c1_0.end_date,
        c1_0.program_id,
        c1_0.start_date 
    from
        cohort c1_0 
    where
        c1_0.cohort_id=?
Hibernate: 
    select
        c1_0.cohort_id,
        c1_0.cohort_number,
        c1_0.end_date,
        c1_0.program_id,
        c1_0.start_date 
    from
        cohort c1_0 
    where
        c1_0.cohort_id=?
2026-09-15T22:52:26.001+02:00 DEBUG 13392 --- [shecancode-attendance-system] [nio-8081-exec-2] org.hibernate.SQL                        : 
    select
        p1_0.program_id,
        p1_0.program_duration,
        p1_0.program_end_date,
        p1_0.program_name,
        p1_0.program_start_date 
    from
        program p1_0 
    where
        p1_0.program_id=?
Hibernate: 
    select
        p1_0.program_id,
        p1_0.program_duration,
        p1_0.program_end_date,
        p1_0.program_name,
        p1_0.program_start_date 
    from
        program p1_0 
    where
        p1_0.program_id=?
2026-09-15T22:52:26.108+02:00 DEBUG 13392 --- [shecancode-attendance-system] [nio-8081-exec-5] org.hibernate.SQL                        : 
    select
        au1_0.user_id,
        au1_0.account_status,
        au1_0.enabled,
        au1_0.full_name,
        au1_0.password,
        au1_0.role,
        au1_0.username 
    from
        app_user au1_0 
    where
        au1_0.username=?
Hibernate: 
    select
        au1_0.user_id,
        au1_0.account_status,
        au1_0.enabled,
        au1_0.full_name,
        au1_0.password,
        au1_0.role,
        au1_0.username 
    from
        app_user au1_0 
    where
        au1_0.username=?
2026-09-15T22:52:26.119+02:00  INFO 13392 --- [shecancode-attendance-system] [nio-8081-exec-5] c.s.a.a.s.JwtAuthenticationFilter        : Successfully authenticated user [__tmp_verify_admin__] with roles [ROLE_ADMIN]
2026-09-15T22:52:26.124+02:00  INFO 13392 --- [shecancode-attendance-system] [nio-8081-exec-5] c.s.a.r.controller.CohortController      : Retrieving cohort [00000000-0000-0000-0000-000000000000]
2026-09-15T22:52:26.125+02:00 DEBUG 13392 --- [shecancode-attendance-system] [nio-8081-exec-5] org.hibernate.SQL                        : 
    select
        c1_0.cohort_id,
        c1_0.cohort_number,
        c1_0.end_date,
        c1_0.program_id,
        c1_0.start_date 
    from
        cohort c1_0 
    where
        c1_0.cohort_id=?
Hibernate: 
    select
        c1_0.cohort_id,
        c1_0.cohort_number,
        c1_0.end_date,
        c1_0.program_id,
        c1_0.start_date 
    from
        cohort c1_0 
    where
        c1_0.cohort_id=?
2026-09-15T22:52:26.680+02:00 DEBUG 13392 --- [shecancode-attendance-system] [   scheduling-1] org.hibernate.SQL                        : 
    select
        oe1_0.id,
        oe1_0.aggregate_id,
        oe1_0.created_at,
        oe1_0.event_type,
        oe1_0.payload,
        oe1_0.processed_at,
        oe1_0.retry_count,
        oe1_0.status,
        oe1_0.updated_at 
    from
        attendance_outbox oe1_0 
    where
        oe1_0.status in (?, ?) 
        and oe1_0.retry_count<?
Hibernate: 
    select
        oe1_0.id,
        oe1_0.aggregate_id,
        oe1_0.created_at,
        oe1_0.event_type,
        oe1_0.payload,
        oe1_0.processed_at,
        oe1_0.retry_count,
        oe1_0.status,
        oe1_0.updated_at 
    from
        attendance_outbox oe1_0 
    where
        oe1_0.status in (?, ?) 
        and oe1_0.retry_count<?
2026-09-15T22:52:29.041+02:00  INFO 13392 --- [shecancode-attendance-system] [nio-8081-exec-5] o.springdoc.api.AbstractOpenApiResource  : Init duration for springdoc-openapi is: 1926 ms
2026-09-15T22:52:31.716+02:00 DEBUG 13392 --- [shecancode-attendance-system] [   scheduling-1] org.hibernate.SQL                        : 
    select
        oe1_0.id,
        oe1_0.aggregate_id,
        oe1_0.created_at,
        oe1_0.event_type,
        oe1_0.payload,
        oe1_0.processed_at,
        oe1_0.retry_count,
        oe1_0.status,
        oe1_0.updated_at 
    from
        attendance_outbox oe1_0 
    where
        oe1_0.status in (?, ?) 
        and oe1_0.retry_count<?
Hibernate: 
    select
        oe1_0.id,
        oe1_0.aggregate_id,
        oe1_0.created_at,
        oe1_0.event_type,
        oe1_0.payload,
        oe1_0.processed_at,
        oe1_0.retry_count,
        oe1_0.status,
        oe1_0.updated_at 
    from
        attendance_outbox oe1_0 
    where
        oe1_0.status in (?, ?) 
        and oe1_0.retry_count<?
2026-09-15T22:52:36.739+02:00 DEBUG 13392 --- [shecancode-attendance-system] [   scheduling-1] org.hibernate.SQL                        : 
    select
        oe1_0.id,
        oe1_0.aggregate_id,
        oe1_0.created_at,
        oe1_0.event_type,
        oe1_0.payload,
        oe1_0.processed_at,
        oe1_0.retry_count,
        oe1_0.status,
        oe1_0.updated_at 
    from
        attendance_outbox oe1_0 
    where
        oe1_0.status in (?, ?) 
        and oe1_0.retry_count<?
Hibernate: 
    select
        oe1_0.id,
        oe1_0.aggregate_id,
        oe1_0.created_at,
        oe1_0.event_type,
        oe1_0.payload,
        oe1_0.processed_at,
        oe1_0.retry_count,
        oe1_0.status,
        oe1_0.updated_at 
    from
        attendance_outbox oe1_0 
    where
        oe1_0.status in (?, ?) 
        and oe1_0.retry_count<?
2026-09-15T22:52:41.755+02:00 DEBUG 13392 --- [shecancode-attendance-system] [   scheduling-1] org.hibernate.SQL                        : 
    select
        oe1_0.id,
        oe1_0.aggregate_id,
        oe1_0.created_at,
        oe1_0.event_type,
        oe1_0.payload,
        oe1_0.processed_at,
        oe1_0.retry_count,
        oe1_0.status,
        oe1_0.updated_at 
    from
        attendance_outbox oe1_0 
    where
        oe1_0.status in (?, ?) 
        and oe1_0.retry_count<?
Hibernate: 
    select
        oe1_0.id,
        oe1_0.aggregate_id,
        oe1_0.created_at,
        oe1_0.event_type,
        oe1_0.payload,
        oe1_0.processed_at,
        oe1_0.retry_count,
        oe1_0.status,
        oe1_0.updated_at 
    from
        attendance_outbox oe1_0 
    where
        oe1_0.status in (?, ?) 
        and oe1_0.retry_count<?
2026-09-15T22:52:46.783+02:00 DEBUG 13392 --- [shecancode-attendance-system] [   scheduling-1] org.hibernate.SQL                        : 
    select
        oe1_0.id,
        oe1_0.aggregate_id,
        oe1_0.created_at,
        oe1_0.event_type,
        oe1_0.payload,
        oe1_0.processed_at,
        oe1_0.retry_count,
        oe1_0.status,
        oe1_0.updated_at 
    from
        attendance_outbox oe1_0 
    where
        oe1_0.status in (?, ?) 
        and oe1_0.retry_count<?
Hibernate: 
    select
        oe1_0.id,
        oe1_0.aggregate_id,
        oe1_0.created_at,
        oe1_0.event_type,
        oe1_0.payload,
        oe1_0.processed_at,
        oe1_0.retry_count,
        oe1_0.status,
        oe1_0.updated_at 
    from
        attendance_outbox oe1_0 
    where
        oe1_0.status in (?, ?) 
        and oe1_0.retry_count<?
2026-09-15T22:52:51.815+02:00 DEBUG 13392 --- [shecancode-attendance-system] [   scheduling-1] org.hibernate.SQL                        : 
    select
        oe1_0.id,
        oe1_0.aggregate_id,
        oe1_0.created_at,
        oe1_0.event_type,
        oe1_0.payload,
        oe1_0.processed_at,
        oe1_0.retry_count,
        oe1_0.status,
        oe1_0.updated_at 
    from
        attendance_outbox oe1_0 
    where
        oe1_0.status in (?, ?) 
        and oe1_0.retry_count<?
Hibernate: 
    select
        oe1_0.id,
        oe1_0.aggregate_id,
        oe1_0.created_at,
        oe1_0.event_type,
        oe1_0.payload,
        oe1_0.processed_at,
        oe1_0.retry_count,
        oe1_0.status,
        oe1_0.updated_at 
    from
        attendance_outbox oe1_0 
    where
        oe1_0.status in (?, ?) 
        and oe1_0.retry_count<?
2026-09-15T22:52:56.843+02:00 DEBUG 13392 --- [shecancode-attendance-system] [   scheduling-1] org.hibernate.SQL                        : 
    select
        oe1_0.id,
        oe1_0.aggregate_id,
        oe1_0.created_at,
        oe1_0.event_type,
        oe1_0.payload,
        oe1_0.processed_at,
        oe1_0.retry_count,
        oe1_0.status,
        oe1_0.updated_at 
    from
        attendance_outbox oe1_0 
    where
        oe1_0.status in (?, ?) 
        and oe1_0.retry_count<?
Hibernate: 
    select
        oe1_0.id,
        oe1_0.aggregate_id,
        oe1_0.created_at,
        oe1_0.event_type,
        oe1_0.payload,
        oe1_0.processed_at,
        oe1_0.retry_count,
        oe1_0.status,
        oe1_0.updated_at 
    from
        attendance_outbox oe1_0 
    where
        oe1_0.status in (?, ?) 
        and oe1_0.retry_count<?
2026-09-15T22:52:59.816+02:00 DEBUG 13392 --- [shecancode-attendance-system] [nio-8081-exec-6] org.hibernate.SQL                        : 
    select
        au1_0.user_id,
        au1_0.account_status,
        au1_0.enabled,
        au1_0.full_name,
        au1_0.password,
        au1_0.role,
        au1_0.username 
    from
        app_user au1_0 
    where
        au1_0.username=?
Hibernate: 
    select
        au1_0.user_id,
        au1_0.account_status,
        au1_0.enabled,
        au1_0.full_name,
        au1_0.password,
        au1_0.role,
        au1_0.username 
    from
        app_user au1_0 
    where
        au1_0.username=?
2026-09-15T22:53:00.075+02:00 DEBUG 13392 --- [shecancode-attendance-system] [nio-8081-exec-6] org.hibernate.SQL                        : 
    select
        au1_0.user_id,
        au1_0.account_status,
        au1_0.enabled,
        au1_0.full_name,
        au1_0.password,
        au1_0.role,
        au1_0.username 
    from
        app_user au1_0 
    where
        au1_0.username=?
Hibernate: 
    select
        au1_0.user_id,
        au1_0.account_status,
        au1_0.enabled,
        au1_0.full_name,
        au1_0.password,
        au1_0.role,
        au1_0.username 
    from
        app_user au1_0 
    where
        au1_0.username=?
2026-09-15T22:53:00.080+02:00  INFO 13392 --- [shecancode-attendance-system] [nio-8081-exec-6] c.s.attendence.auth.service.AuthService  : User [admin] logged in successfully
2026-09-15T22:53:00.083+02:00 DEBUG 13392 --- [shecancode-attendance-system] [nio-8081-exec-6] org.hibernate.SQL                        : 
    insert 
    into
        refresh_token
        (created_at, expires_at, revoked_at, token, user_id, id) 
    values
        (?, ?, ?, ?, ?, ?)
Hibernate: 
    insert 
    into
        refresh_token
        (created_at, expires_at, revoked_at, token, user_id, id) 
    values
        (?, ?, ?, ?, ?, ?)
2026-09-15T22:53:01.865+02:00 DEBUG 13392 --- [shecancode-attendance-system] [   scheduling-1] org.hibernate.SQL                        : 
    select
        oe1_0.id,
        oe1_0.aggregate_id,
        oe1_0.created_at,
        oe1_0.event_type,
        oe1_0.payload,
        oe1_0.processed_at,
        oe1_0.retry_count,
        oe1_0.status,
        oe1_0.updated_at 
    from
        attendance_outbox oe1_0 
    where
        oe1_0.status in (?, ?) 
        and oe1_0.retry_count<?
Hibernate: 
    select
        oe1_0.id,
        oe1_0.aggregate_id,
        oe1_0.created_at,
        oe1_0.event_type,
        oe1_0.payload,
        oe1_0.processed_at,
        oe1_0.retry_count,
        oe1_0.status,
        oe1_0.updated_at 
    from
        attendance_outbox oe1_0 
    where
        oe1_0.status in (?, ?) 
        and oe1_0.retry_count<?
2026-09-15T22:53:06.889+02:00 DEBUG 13392 --- [shecancode-attendance-system] [   scheduling-1] org.hibernate.SQL                        : 
    select
        oe1_0.id,
        oe1_0.aggregate_id,
        oe1_0.created_at,
        oe1_0.event_type,
        oe1_0.payload,
        oe1_0.processed_at,
        oe1_0.retry_count,
        oe1_0.status,
        oe1_0.updated_at 
    from
        attendance_outbox oe1_0 
    where
        oe1_0.status in (?, ?) 
        and oe1_0.retry_count<?
Hibernate: 
    select
        oe1_0.id,
        oe1_0.aggregate_id,
        oe1_0.created_at,
        oe1_0.event_type,
        oe1_0.payload,
        oe1_0.processed_at,
        oe1_0.retry_count,
        oe1_0.status,
        oe1_0.updated_at 
    from
        attendance_outbox oe1_0 
    where
        oe1_0.status in (?, ?) 
        and oe1_0.retry_count<?
2026-09-15T22:53:11.911+02:00 DEBUG 13392 --- [shecancode-attendance-system] [   scheduling-1] org.hibernate.SQL                        : 
    select
        oe1_0.id,
        oe1_0.aggregate_id,
        oe1_0.created_at,
        oe1_0.event_type,
        oe1_0.payload,
        oe1_0.processed_at,
        oe1_0.retry_count,
        oe1_0.status,
        oe1_0.updated_at 
    from
        attendance_outbox oe1_0 
    where
        oe1_0.status in (?, ?) 
        and oe1_0.retry_count<?
Hibernate: 
    select
        oe1_0.id,
        oe1_0.aggregate_id,
        oe1_0.created_at,
        oe1_0.event_type,
        oe1_0.payload,
        oe1_0.processed_at,
        oe1_0.retry_count,
        oe1_0.status,
        oe1_0.updated_at 
    from
        attendance_outbox oe1_0 
    where
        oe1_0.status in (?, ?) 
        and oe1_0.retry_count<?
2026-09-15T22:53:16.925+02:00 DEBUG 13392 --- [shecancode-attendance-system] [   scheduling-1] org.hibernate.SQL                        : 
    select
        oe1_0.id,
        oe1_0.aggregate_id,
        oe1_0.created_at,
        oe1_0.event_type,
        oe1_0.payload,
        oe1_0.processed_at,
        oe1_0.retry_count,
        oe1_0.status,
        oe1_0.updated_at 
    from
        attendance_outbox oe1_0 
    where
        oe1_0.status in (?, ?) 
        and oe1_0.retry_count<?
Hibernate: 
    select
        oe1_0.id,
        oe1_0.aggregate_id,
        oe1_0.created_at,
        oe1_0.event_type,
        oe1_0.payload,
        oe1_0.processed_at,
        oe1_0.retry_count,
        oe1_0.status,
        oe1_0.updated_at 
    from
        attendance_outbox oe1_0 
    where
        oe1_0.status in (?, ?) 
        and oe1_0.retry_count<?
2026-09-15T22:53:21.942+02:00 DEBUG 13392 --- [shecancode-attendance-system] [   scheduling-1] org.hibernate.SQL                        : 
    select
        oe1_0.id,
        oe1_0.aggregate_id,
        oe1_0.created_at,
        oe1_0.event_type,
        oe1_0.payload,
        oe1_0.processed_at,
        oe1_0.retry_count,
        oe1_0.status,
        oe1_0.updated_at 
    from
        attendance_outbox oe1_0 
    where
        oe1_0.status in (?, ?) 
        and oe1_0.retry_count<?
Hibernate: 
    select
        oe1_0.id,
        oe1_0.aggregate_id,
        oe1_0.created_at,
        oe1_0.event_type,
        oe1_0.payload,
        oe1_0.processed_at,
        oe1_0.retry_count,
        oe1_0.status,
        oe1_0.updated_at 
    from
        attendance_outbox oe1_0 
    where
        oe1_0.status in (?, ?) 
        and oe1_0.retry_count<?
2026-09-15T22:53:26.960+02:00 DEBUG 13392 --- [shecancode-attendance-system] [   scheduling-1] org.hibernate.SQL                        : 
    select
        oe1_0.id,
        oe1_0.aggregate_id,
        oe1_0.created_at,
        oe1_0.event_type,
        oe1_0.payload,
        oe1_0.processed_at,
        oe1_0.retry_count,
        oe1_0.status,
        oe1_0.updated_at 
    from
        attendance_outbox oe1_0 
    where
        oe1_0.status in (?, ?) 
        and oe1_0.retry_count<?
Hibernate: 
    select
        oe1_0.id,
        oe1_0.aggregate_id,
        oe1_0.created_at,
        oe1_0.event_type,
        oe1_0.payload,
        oe1_0.processed_at,
        oe1_0.retry_count,
        oe1_0.status,
        oe1_0.updated_at 
    from
        attendance_outbox oe1_0 
    where
        oe1_0.status in (?, ?) 
        and oe1_0.retry_count<?
2026-09-15T22:53:31.983+02:00 DEBUG 13392 --- [shecancode-attendance-system] [   scheduling-1] org.hibernate.SQL                        : 
    select
        oe1_0.id,
        oe1_0.aggregate_id,
        oe1_0.created_at,
        oe1_0.event_type,
        oe1_0.payload,
        oe1_0.processed_at,
        oe1_0.retry_count,
        oe1_0.status,
        oe1_0.updated_at 
    from
        attendance_outbox oe1_0 
    where
        oe1_0.status in (?, ?) 
        and oe1_0.retry_count<?
Hibernate: 
    select
        oe1_0.id,
        oe1_0.aggregate_id,
        oe1_0.created_at,
        oe1_0.event_type,
        oe1_0.payload,
        oe1_0.processed_at,
        oe1_0.retry_count,
        oe1_0.status,
        oe1_0.updated_at 
    from
        attendance_outbox oe1_0 
    where
        oe1_0.status in (?, ?) 
        and oe1_0.retry_count<?
2026-09-15T22:53:36.999+02:00 DEBUG 13392 --- [shecancode-attendance-system] [   scheduling-1] org.hibernate.SQL                        : 
    select
        oe1_0.id,
        oe1_0.aggregate_id,
        oe1_0.created_at,
        oe1_0.event_type,
        oe1_0.payload,
        oe1_0.processed_at,
        oe1_0.retry_count,
        oe1_0.status,
        oe1_0.updated_at 
    from
        attendance_outbox oe1_0 
    where
        oe1_0.status in (?, ?) 
        and oe1_0.retry_count<?
Hibernate: 
    select
        oe1_0.id,
        oe1_0.aggregate_id,
        oe1_0.created_at,
        oe1_0.event_type,
        oe1_0.payload,
        oe1_0.processed_at,
        oe1_0.retry_count,
        oe1_0.status,
        oe1_0.updated_at 
    from
        attendance_outbox oe1_0 
    where
        oe1_0.status in (?, ?) 
        and oe1_0.retry_count<?
2026-09-15T22:53:42.027+02:00 DEBUG 13392 --- [shecancode-attendance-system] [   scheduling-1] org.hibernate.SQL                        : 
    select
        oe1_0.id,
        oe1_0.aggregate_id,
        oe1_0.created_at,
        oe1_0.event_type,
        oe1_0.payload,
        oe1_0.processed_at,
        oe1_0.retry_count,
        oe1_0.status,
        oe1_0.updated_at 
    from
        attendance_outbox oe1_0 
    where
        oe1_0.status in (?, ?) 
        and oe1_0.retry_count<?
Hibernate: 
    select
        oe1_0.id,
        oe1_0.aggregate_id,
        oe1_0.created_at,
        oe1_0.event_type,
        oe1_0.payload,
        oe1_0.processed_at,
        oe1_0.retry_count,
        oe1_0.status,
        oe1_0.updated_at 
    from
        attendance_outbox oe1_0 
    where
        oe1_0.status in (?, ?) 
        and oe1_0.retry_count<?
2026-09-15T22:53:47.043+02:00 DEBUG 13392 --- [shecancode-attendance-system] [   scheduling-1] org.hibernate.SQL                        : 
    select
        oe1_0.id,
        oe1_0.aggregate_id,
        oe1_0.created_at,
        oe1_0.event_type,
        oe1_0.payload,
        oe1_0.processed_at,
        oe1_0.retry_count,
        oe1_0.status,
        oe1_0.updated_at 
    from
        attendance_outbox oe1_0 
    where
        oe1_0.status in (?, ?) 
        and oe1_0.retry_count<?
Hibernate: 
    select
        oe1_0.id,
        oe1_0.aggregate_id,
        oe1_0.created_at,
        oe1_0.event_type,
        oe1_0.payload,
        oe1_0.processed_at,
        oe1_0.retry_count,
        oe1_0.status,
        oe1_0.updated_at 
    from
        attendance_outbox oe1_0 
    where
        oe1_0.status in (?, ?) 
        and oe1_0.retry_count<?
2026-09-15T22:53:52.066+02:00 DEBUG 13392 --- [shecancode-attendance-system] [   scheduling-1] org.hibernate.SQL                        : 
    select
        oe1_0.id,
        oe1_0.aggregate_id,
        oe1_0.created_at,
        oe1_0.event_type,
        oe1_0.payload,
        oe1_0.processed_at,
        oe1_0.retry_count,
        oe1_0.status,
        oe1_0.updated_at 
    from
        attendance_outbox oe1_0 
    where
        oe1_0.status in (?, ?) 
        and oe1_0.retry_count<?
Hibernate: 
    select
        oe1_0.id,
        oe1_0.aggregate_id,
        oe1_0.created_at,
        oe1_0.event_type,
        oe1_0.payload,
        oe1_0.processed_at,
        oe1_0.retry_count,
        oe1_0.status,
        oe1_0.updated_at 
    from
        attendance_outbox oe1_0 
    where
        oe1_0.status in (?, ?) 
        and oe1_0.retry_count<?
2026-09-15T22:53:57.094+02:00 DEBUG 13392 --- [shecancode-attendance-system] [   scheduling-1] org.hibernate.SQL                        : 
    select
        oe1_0.id,
        oe1_0.aggregate_id,
        oe1_0.created_at,
        oe1_0.event_type,
        oe1_0.payload,
        oe1_0.processed_at,
        oe1_0.retry_count,
        oe1_0.status,
        oe1_0.updated_at 
    from
        attendance_outbox oe1_0 
    where
        oe1_0.status in (?, ?) 
        and oe1_0.retry_count<?
Hibernate: 
    select
        oe1_0.id,
        oe1_0.aggregate_id,
        oe1_0.created_at,
        oe1_0.event_type,
        oe1_0.payload,
        oe1_0.processed_at,
        oe1_0.retry_count,
        oe1_0.status,
        oe1_0.updated_at 
    from
        attendance_outbox oe1_0 
    where
        oe1_0.status in (?, ?) 
        and oe1_0.retry_count<?
2026-09-15T22:54:02.115+02:00 DEBUG 13392 --- [shecancode-attendance-system] [   scheduling-1] org.hibernate.SQL                        : 
    select
        oe1_0.id,
        oe1_0.aggregate_id,
        oe1_0.created_at,
        oe1_0.event_type,
        oe1_0.payload,
        oe1_0.processed_at,
        oe1_0.retry_count,
        oe1_0.status,
        oe1_0.updated_at 
    from
        attendance_outbox oe1_0 
    where
        oe1_0.status in (?, ?) 
        and oe1_0.retry_count<?
Hibernate: 
    select
        oe1_0.id,
        oe1_0.aggregate_id,
        oe1_0.created_at,
        oe1_0.event_type,
        oe1_0.payload,
        oe1_0.processed_at,
        oe1_0.retry_count,
        oe1_0.status,
        oe1_0.updated_at 
    from
        attendance_outbox oe1_0 
    where
        oe1_0.status in (?, ?) 
        and oe1_0.retry_count<?
2026-09-15T22:54:07.129+02:00 DEBUG 13392 --- [shecancode-attendance-system] [   scheduling-1] org.hibernate.SQL                        : 
    select
        oe1_0.id,
        oe1_0.aggregate_id,
        oe1_0.created_at,
        oe1_0.event_type,
        oe1_0.payload,
        oe1_0.processed_at,
        oe1_0.retry_count,
        oe1_0.status,
        oe1_0.updated_at 
    from
        attendance_outbox oe1_0 
    where
        oe1_0.status in (?, ?) 
        and oe1_0.retry_count<?
Hibernate: 
    select
        oe1_0.id,
        oe1_0.aggregate_id,
        oe1_0.created_at,
        oe1_0.event_type,
        oe1_0.payload,
        oe1_0.processed_at,
        oe1_0.retry_count,
        oe1_0.status,
        oe1_0.updated_at 
    from
        attendance_outbox oe1_0 
    where
        oe1_0.status in (?, ?) 
        and oe1_0.retry_count<?
2026-09-15T22:54:12.154+02:00 DEBUG 13392 --- [shecancode-attendance-system] [   scheduling-1] org.hibernate.SQL                        : 
    select
        oe1_0.id,
        oe1_0.aggregate_id,
        oe1_0.created_at,
        oe1_0.event_type,
        oe1_0.payload,
        oe1_0.processed_at,
        oe1_0.retry_count,
        oe1_0.status,
        oe1_0.updated_at 
    from
        attendance_outbox oe1_0 
    where
        oe1_0.status in (?, ?) 
        and oe1_0.retry_count<?
Hibernate: 
    select
        oe1_0.id,
        oe1_0.aggregate_id,
        oe1_0.created_at,
        oe1_0.event_type,
        oe1_0.payload,
        oe1_0.processed_at,
        oe1_0.retry_count,
        oe1_0.status,
        oe1_0.updated_at 
    from
        attendance_outbox oe1_0 
    where
        oe1_0.status in (?, ?) 
        and oe1_0.retry_count<?
2026-09-15T22:54:17.183+02:00 DEBUG 13392 --- [shecancode-attendance-system] [   scheduling-1] org.hibernate.SQL                        : 
    select
        oe1_0.id,
        oe1_0.aggregate_id,
        oe1_0.created_at,
        oe1_0.event_type,
        oe1_0.payload,
        oe1_0.processed_at,
        oe1_0.retry_count,
        oe1_0.status,
        oe1_0.updated_at 
    from
        attendance_outbox oe1_0 
    where
        oe1_0.status in (?, ?) 
        and oe1_0.retry_count<?
Hibernate: 
    select
        oe1_0.id,
        oe1_0.aggregate_id,
        oe1_0.created_at,
        oe1_0.event_type,
        oe1_0.payload,
        oe1_0.processed_at,
        oe1_0.retry_count,
        oe1_0.status,
        oe1_0.updated_at 
    from
        attendance_outbox oe1_0 
    where
        oe1_0.status in (?, ?) 
        and oe1_0.retry_count<?
2026-09-15T22:54:22.210+02:00 DEBUG 13392 --- [shecancode-attendance-system] [   scheduling-1] org.hibernate.SQL                        : 
    select
        oe1_0.id,
        oe1_0.aggregate_id,
        oe1_0.created_at,
        oe1_0.event_type,
        oe1_0.payload,
        oe1_0.processed_at,
        oe1_0.retry_count,
        oe1_0.status,
        oe1_0.updated_at 
    from
        attendance_outbox oe1_0 
    where
        oe1_0.status in (?, ?) 
        and oe1_0.retry_count<?
Hibernate: 
    select
        oe1_0.id,
        oe1_0.aggregate_id,
        oe1_0.created_at,
        oe1_0.event_type,
        oe1_0.payload,
        oe1_0.processed_at,
        oe1_0.retry_count,
        oe1_0.status,
        oe1_0.updated_at 
    from
        attendance_outbox oe1_0 
    where
        oe1_0.status in (?, ?) 
        and oe1_0.retry_count<?
2026-09-15T22:54:27.252+02:00 DEBUG 13392 --- [shecancode-attendance-system] [   scheduling-1] org.hibernate.SQL                        : 
    select
        oe1_0.id,
        oe1_0.aggregate_id,
        oe1_0.created_at,
        oe1_0.event_type,
        oe1_0.payload,
        oe1_0.processed_at,
        oe1_0.retry_count,
        oe1_0.status,
        oe1_0.updated_at 
    from
        attendance_outbox oe1_0 
    where
        oe1_0.status in (?, ?) 
        and oe1_0.retry_count<?
Hibernate: 
    select
        oe1_0.id,
        oe1_0.aggregate_id,
        oe1_0.created_at,
        oe1_0.event_type,
        oe1_0.payload,
        oe1_0.processed_at,
        oe1_0.retry_count,
        oe1_0.status,
        oe1_0.updated_at 
    from
        attendance_outbox oe1_0 
    where
        oe1_0.status in (?, ?) 
        and oe1_0.retry_count<?
2026-09-15T22:54:32.291+02:00 DEBUG 13392 --- [shecancode-attendance-system] [   scheduling-1] org.hibernate.SQL                        : 
    select
        oe1_0.id,
        oe1_0.aggregate_id,
        oe1_0.created_at,
        oe1_0.event_type,
        oe1_0.payload,
        oe1_0.processed_at,
        oe1_0.retry_count,
        oe1_0.status,
        oe1_0.updated_at 
    from
        attendance_outbox oe1_0 
    where
        oe1_0.status in (?, ?) 
        and oe1_0.retry_count<?
Hibernate: 
    select
        oe1_0.id,
        oe1_0.aggregate_id,
        oe1_0.created_at,
        oe1_0.event_type,
        oe1_0.payload,
        oe1_0.processed_at,
        oe1_0.retry_count,
        oe1_0.status,
        oe1_0.updated_at 
    from
        attendance_outbox oe1_0 
    where
        oe1_0.status in (?, ?) 
        and oe1_0.retry_count<?
2026-09-15T22:54:37.314+02:00 DEBUG 13392 --- [shecancode-attendance-system] [   scheduling-1] org.hibernate.SQL                        : 
    select
        oe1_0.id,
        oe1_0.aggregate_id,
        oe1_0.created_at,
        oe1_0.event_type,
        oe1_0.payload,
        oe1_0.processed_at,
        oe1_0.retry_count,
        oe1_0.status,
        oe1_0.updated_at 
    from
        attendance_outbox oe1_0 
    where
        oe1_0.status in (?, ?) 
        and oe1_0.retry_count<?
Hibernate: 
    select
        oe1_0.id,
        oe1_0.aggregate_id,
        oe1_0.created_at,
        oe1_0.event_type,
        oe1_0.payload,
        oe1_0.processed_at,
        oe1_0.retry_count,
        oe1_0.status,
        oe1_0.updated_at 
    from
        attendance_outbox oe1_0 
    where
        oe1_0.status in (?, ?) 
        and oe1_0.retry_count<?
2026-09-15T22:54:42.338+02:00 DEBUG 13392 --- [shecancode-attendance-system] [   scheduling-1] org.hibernate.SQL                        : 
    select
        oe1_0.id,
        oe1_0.aggregate_id,
        oe1_0.created_at,
        oe1_0.event_type,
        oe1_0.payload,
        oe1_0.processed_at,
        oe1_0.retry_count,
        oe1_0.status,
        oe1_0.updated_at 
    from
        attendance_outbox oe1_0 
    where
        oe1_0.status in (?, ?) 
        and oe1_0.retry_count<?
Hibernate: 
    select
        oe1_0.id,
        oe1_0.aggregate_id,
        oe1_0.created_at,
        oe1_0.event_type,
        oe1_0.payload,
        oe1_0.processed_at,
        oe1_0.retry_count,
        oe1_0.status,
        oe1_0.updated_at 
    from
        attendance_outbox oe1_0 
    where
        oe1_0.status in (?, ?) 
        and oe1_0.retry_count<?
2026-09-15T22:54:47.363+02:00 DEBUG 13392 --- [shecancode-attendance-system] [   scheduling-1] org.hibernate.SQL                        : 
    select
        oe1_0.id,
        oe1_0.aggregate_id,
        oe1_0.created_at,
        oe1_0.event_type,
        oe1_0.payload,
        oe1_0.processed_at,
        oe1_0.retry_count,
        oe1_0.status,
        oe1_0.updated_at 
    from
        attendance_outbox oe1_0 
    where
        oe1_0.status in (?, ?) 
        and oe1_0.retry_count<?
Hibernate: 
    select
        oe1_0.id,
        oe1_0.aggregate_id,
        oe1_0.created_at,
        oe1_0.event_type,
        oe1_0.payload,
        oe1_0.processed_at,
        oe1_0.retry_count,
        oe1_0.status,
        oe1_0.updated_at 
    from
        attendance_outbox oe1_0 
    where
        oe1_0.status in (?, ?) 
        and oe1_0.retry_count<?
2026-09-15T22:54:52.388+02:00 DEBUG 13392 --- [shecancode-attendance-system] [   scheduling-1] org.hibernate.SQL                        : 
    select
        oe1_0.id,
        oe1_0.aggregate_id,
        oe1_0.created_at,
        oe1_0.event_type,
        oe1_0.payload,
        oe1_0.processed_at,
        oe1_0.retry_count,
        oe1_0.status,
        oe1_0.updated_at 
    from
        attendance_outbox oe1_0 
    where
        oe1_0.status in (?, ?) 
        and oe1_0.retry_count<?
Hibernate: 
    select
        oe1_0.id,
        oe1_0.aggregate_id,
        oe1_0.created_at,
        oe1_0.event_type,
        oe1_0.payload,
        oe1_0.processed_at,
        oe1_0.retry_count,
        oe1_0.status,
        oe1_0.updated_at 
    from
        attendance_outbox oe1_0 
    where
        oe1_0.status in (?, ?) 
        and oe1_0.retry_count<?
2026-09-15T22:54:57.416+02:00 DEBUG 13392 --- [shecancode-attendance-system] [   scheduling-1] org.hibernate.SQL                        : 
    select
        oe1_0.id,
        oe1_0.aggregate_id,
        oe1_0.created_at,
        oe1_0.event_type,
        oe1_0.payload,
        oe1_0.processed_at,
        oe1_0.retry_count,
        oe1_0.status,
        oe1_0.updated_at 
    from
        attendance_outbox oe1_0 
    where
        oe1_0.status in (?, ?) 
        and oe1_0.retry_count<?
Hibernate: 
    select
        oe1_0.id,
        oe1_0.aggregate_id,
        oe1_0.created_at,
        oe1_0.event_type,
        oe1_0.payload,
        oe1_0.processed_at,
        oe1_0.retry_count,
        oe1_0.status,
        oe1_0.updated_at 
    from
        attendance_outbox oe1_0 
    where
        oe1_0.status in (?, ?) 
        and oe1_0.retry_count<?
2026-09-15T22:55:02.436+02:00 DEBUG 13392 --- [shecancode-attendance-system] [   scheduling-1] org.hibernate.SQL                        : 
    select
        oe1_0.id,
        oe1_0.aggregate_id,
        oe1_0.created_at,
        oe1_0.event_type,
        oe1_0.payload,
        oe1_0.processed_at,
        oe1_0.retry_count,
        oe1_0.status,
        oe1_0.updated_at 
    from
        attendance_outbox oe1_0 
    where
        oe1_0.status in (?, ?) 
        and oe1_0.retry_count<?
Hibernate: 
    select
        oe1_0.id,
        oe1_0.aggregate_id,
        oe1_0.created_at,
        oe1_0.event_type,
        oe1_0.payload,
        oe1_0.processed_at,
        oe1_0.retry_count,
        oe1_0.status,
        oe1_0.updated_at 
    from
        attendance_outbox oe1_0 
    where
        oe1_0.status in (?, ?) 
        and oe1_0.retry_count<?
2026-09-15T22:55:07.470+02:00 DEBUG 13392 --- [shecancode-attendance-system] [   scheduling-1] org.hibernate.SQL                        : 
    select
        oe1_0.id,
        oe1_0.aggregate_id,
        oe1_0.created_at,
        oe1_0.event_type,
        oe1_0.payload,
        oe1_0.processed_at,
        oe1_0.retry_count,
        oe1_0.status,
        oe1_0.updated_at 
    from
        attendance_outbox oe1_0 
    where
        oe1_0.status in (?, ?) 
        and oe1_0.retry_count<?
Hibernate: 
    select
        oe1_0.id,
        oe1_0.aggregate_id,
        oe1_0.created_at,
        oe1_0.event_type,
        oe1_0.payload,
        oe1_0.processed_at,
        oe1_0.retry_count,
        oe1_0.status,
        oe1_0.updated_at 
    from
        attendance_outbox oe1_0 
    where
        oe1_0.status in (?, ?) 
        and oe1_0.retry_count<?
2026-09-15T22:55:12.492+02:00 DEBUG 13392 --- [shecancode-attendance-system] [   scheduling-1] org.hibernate.SQL                        : 
    select
        oe1_0.id,
        oe1_0.aggregate_id,
        oe1_0.created_at,
        oe1_0.event_type,
        oe1_0.payload,
        oe1_0.processed_at,
        oe1_0.retry_count,
        oe1_0.status,
        oe1_0.updated_at 
    from
        attendance_outbox oe1_0 
    where
        oe1_0.status in (?, ?) 
        and oe1_0.retry_count<?
Hibernate: 
    select
        oe1_0.id,
        oe1_0.aggregate_id,
        oe1_0.created_at,
        oe1_0.event_type,
        oe1_0.payload,
        oe1_0.processed_at,
        oe1_0.retry_count,
        oe1_0.status,
        oe1_0.updated_at 
    from
        attendance_outbox oe1_0 
    where
        oe1_0.status in (?, ?) 
        and oe1_0.retry_count<?
2026-09-15T22:55:17.531+02:00 DEBUG 13392 --- [shecancode-attendance-system] [   scheduling-1] org.hibernate.SQL                        : 
    select
        oe1_0.id,
        oe1_0.aggregate_id,
        oe1_0.created_at,
        oe1_0.event_type,
        oe1_0.payload,
        oe1_0.processed_at,
        oe1_0.retry_count,
        oe1_0.status,
        oe1_0.updated_at 
    from
        attendance_outbox oe1_0 
    where
        oe1_0.status in (?, ?) 
        and oe1_0.retry_count<?
Hibernate: 
    select
        oe1_0.id,
        oe1_0.aggregate_id,
        oe1_0.created_at,
        oe1_0.event_type,
        oe1_0.payload,
        oe1_0.processed_at,
        oe1_0.retry_count,
        oe1_0.status,
        oe1_0.updated_at 
    from
        attendance_outbox oe1_0 
    where
        oe1_0.status in (?, ?) 
        and oe1_0.retry_count<?
2026-09-15T22:55:22.561+02:00 DEBUG 13392 --- [shecancode-attendance-system] [   scheduling-1] org.hibernate.SQL                        : 
    select
        oe1_0.id,
        oe1_0.aggregate_id,
        oe1_0.created_at,
        oe1_0.event_type,
        oe1_0.payload,
        oe1_0.processed_at,
        oe1_0.retry_count,
        oe1_0.status,
        oe1_0.updated_at 
    from
        attendance_outbox oe1_0 
    where
        oe1_0.status in (?, ?) 
        and oe1_0.retry_count<?
Hibernate: 
    select
        oe1_0.id,
        oe1_0.aggregate_id,
        oe1_0.created_at,
        oe1_0.event_type,
        oe1_0.payload,
        oe1_0.processed_at,
        oe1_0.retry_count,
        oe1_0.status,
        oe1_0.updated_at 
    from
        attendance_outbox oe1_0 
    where
        oe1_0.status in (?, ?) 
        and oe1_0.retry_count<?
2026-09-15T22:55:27.579+02:00 DEBUG 13392 --- [shecancode-attendance-system] [   scheduling-1] org.hibernate.SQL                        : 
    select
        oe1_0.id,
        oe1_0.aggregate_id,
        oe1_0.created_at,
        oe1_0.event_type,
        oe1_0.payload,
        oe1_0.processed_at,
        oe1_0.retry_count,
        oe1_0.status,
        oe1_0.updated_at 
    from
        attendance_outbox oe1_0 
    where
        oe1_0.status in (?, ?) 
        and oe1_0.retry_count<?
Hibernate: 
    select
        oe1_0.id,
        oe1_0.aggregate_id,
        oe1_0.created_at,
        oe1_0.event_type,
        oe1_0.payload,
        oe1_0.processed_at,
        oe1_0.retry_count,
        oe1_0.status,
        oe1_0.updated_at 
    from
        attendance_outbox oe1_0 
    where
        oe1_0.status in (?, ?) 
        and oe1_0.retry_count<?
2026-09-15T22:55:32.597+02:00 DEBUG 13392 --- [shecancode-attendance-system] [   scheduling-1] org.hibernate.SQL                        : 
    select
        oe1_0.id,
        oe1_0.aggregate_id,
        oe1_0.created_at,
        oe1_0.event_type,
        oe1_0.payload,
        oe1_0.processed_at,
        oe1_0.retry_count,
        oe1_0.status,
        oe1_0.updated_at 
    from
        attendance_outbox oe1_0 
    where
        oe1_0.status in (?, ?) 
        and oe1_0.retry_count<?
Hibernate: 
    select
        oe1_0.id,
        oe1_0.aggregate_id,
        oe1_0.created_at,
        oe1_0.event_type,
        oe1_0.payload,
        oe1_0.processed_at,
        oe1_0.retry_count,
        oe1_0.status,
        oe1_0.updated_at 
    from
        attendance_outbox oe1_0 
    where
        oe1_0.status in (?, ?) 
        and oe1_0.retry_count<?
2026-09-15T22:55:37.620+02:00 DEBUG 13392 --- [shecancode-attendance-system] [   scheduling-1] org.hibernate.SQL                        : 
    select
        oe1_0.id,
        oe1_0.aggregate_id,
        oe1_0.created_at,
        oe1_0.event_type,
        oe1_0.payload,
        oe1_0.processed_at,
        oe1_0.retry_count,
        oe1_0.status,
        oe1_0.updated_at 
    from
        attendance_outbox oe1_0 
    where
        oe1_0.status in (?, ?) 
        and oe1_0.retry_count<?
Hibernate: 
    select
        oe1_0.id,
        oe1_0.aggregate_id,
        oe1_0.created_at,
        oe1_0.event_type,
        oe1_0.payload,
        oe1_0.processed_at,
        oe1_0.retry_count,
        oe1_0.status,
        oe1_0.updated_at 
    from
        attendance_outbox oe1_0 
    where
        oe1_0.status in (?, ?) 
        and oe1_0.retry_count<?
2026-09-15T22:55:42.650+02:00 DEBUG 13392 --- [shecancode-attendance-system] [   scheduling-1] org.hibernate.SQL                        : 
    select
        oe1_0.id,
        oe1_0.aggregate_id,
        oe1_0.created_at,
        oe1_0.event_type,
        oe1_0.payload,
        oe1_0.processed_at,
        oe1_0.retry_count,
        oe1_0.status,
        oe1_0.updated_at 
    from
        attendance_outbox oe1_0 
    where
        oe1_0.status in (?, ?) 
        and oe1_0.retry_count<?
Hibernate: 
    select
        oe1_0.id,
        oe1_0.aggregate_id,
        oe1_0.created_at,
        oe1_0.event_type,
        oe1_0.payload,
        oe1_0.processed_at,
        oe1_0.retry_count,
        oe1_0.status,
        oe1_0.updated_at 
    from
        attendance_outbox oe1_0 
    where
        oe1_0.status in (?, ?) 
        and oe1_0.retry_count<?
2026-09-15T22:55:47.678+02:00 DEBUG 13392 --- [shecancode-attendance-system] [   scheduling-1] org.hibernate.SQL                        : 
    select
        oe1_0.id,
        oe1_0.aggregate_id,
        oe1_0.created_at,
        oe1_0.event_type,
        oe1_0.payload,
        oe1_0.processed_at,
        oe1_0.retry_count,
        oe1_0.status,
        oe1_0.updated_at 
    from
        attendance_outbox oe1_0 
    where
        oe1_0.status in (?, ?) 
        and oe1_0.retry_count<?
Hibernate: 
    select
        oe1_0.id,
        oe1_0.aggregate_id,
        oe1_0.created_at,
        oe1_0.event_type,
        oe1_0.payload,
        oe1_0.processed_at,
        oe1_0.retry_count,
        oe1_0.status,
        oe1_0.updated_at 
    from
        attendance_outbox oe1_0 
    where
        oe1_0.status in (?, ?) 
        and oe1_0.retry_count<?
2026-09-15T22:55:52.705+02:00 DEBUG 13392 --- [shecancode-attendance-system] [   scheduling-1] org.hibernate.SQL                        : 
    select
        oe1_0.id,
        oe1_0.aggregate_id,
        oe1_0.created_at,
        oe1_0.event_type,
        oe1_0.payload,
        oe1_0.processed_at,
        oe1_0.retry_count,
        oe1_0.status,
        oe1_0.updated_at 
    from
        attendance_outbox oe1_0 
    where
        oe1_0.status in (?, ?) 
        and oe1_0.retry_count<?
Hibernate: 
    select
        oe1_0.id,
        oe1_0.aggregate_id,
        oe1_0.created_at,
        oe1_0.event_type,
        oe1_0.payload,
        oe1_0.processed_at,
        oe1_0.retry_count,
        oe1_0.status,
        oe1_0.updated_at 
    from
        attendance_outbox oe1_0 
    where
        oe1_0.status in (?, ?) 
        and oe1_0.retry_count<?
2026-09-15T22:55:57.734+02:00 DEBUG 13392 --- [shecancode-attendance-system] [   scheduling-1] org.hibernate.SQL                        : 
    select
        oe1_0.id,
        oe1_0.aggregate_id,
        oe1_0.created_at,
        oe1_0.event_type,
        oe1_0.payload,
        oe1_0.processed_at,
        oe1_0.retry_count,
        oe1_0.status,
        oe1_0.updated_at 
    from
        attendance_outbox oe1_0 
    where
        oe1_0.status in (?, ?) 
        and oe1_0.retry_count<?
Hibernate: 
    select
        oe1_0.id,
        oe1_0.aggregate_id,
        oe1_0.created_at,
        oe1_0.event_type,
        oe1_0.payload,
        oe1_0.processed_at,
        oe1_0.retry_count,
        oe1_0.status,
        oe1_0.updated_at 
    from
        attendance_outbox oe1_0 
    where
        oe1_0.status in (?, ?) 
        and oe1_0.retry_count<?
2026-09-15T22:56:02.753+02:00 DEBUG 13392 --- [shecancode-attendance-system] [   scheduling-1] org.hibernate.SQL                        : 
    select
        oe1_0.id,
        oe1_0.aggregate_id,
        oe1_0.created_at,
        oe1_0.event_type,
        oe1_0.payload,
        oe1_0.processed_at,
        oe1_0.retry_count,
        oe1_0.status,
        oe1_0.updated_at 
    from
        attendance_outbox oe1_0 
    where
        oe1_0.status in (?, ?) 
        and oe1_0.retry_count<?
Hibernate: 
    select
        oe1_0.id,
        oe1_0.aggregate_id,
        oe1_0.created_at,
        oe1_0.event_type,
        oe1_0.payload,
        oe1_0.processed_at,
        oe1_0.retry_count,
        oe1_0.status,
        oe1_0.updated_at 
    from
        attendance_outbox oe1_0 
    where
        oe1_0.status in (?, ?) 
        and oe1_0.retry_count<?
2026-09-15T22:56:07.780+02:00 DEBUG 13392 --- [shecancode-attendance-system] [   scheduling-1] org.hibernate.SQL                        : 
    select
        oe1_0.id,
        oe1_0.aggregate_id,
        oe1_0.created_at,
        oe1_0.event_type,
        oe1_0.payload,
        oe1_0.processed_at,
        oe1_0.retry_count,
        oe1_0.status,
        oe1_0.updated_at 
    from
        attendance_outbox oe1_0 
    where
        oe1_0.status in (?, ?) 
        and oe1_0.retry_count<?
Hibernate: 
    select
        oe1_0.id,
        oe1_0.aggregate_id,
        oe1_0.created_at,
        oe1_0.event_type,
        oe1_0.payload,
        oe1_0.processed_at,
        oe1_0.retry_count,
        oe1_0.status,
        oe1_0.updated_at 
    from
        attendance_outbox oe1_0 
    where
        oe1_0.status in (?, ?) 
        and oe1_0.retry_count<?
2026-09-15T22:56:12.800+02:00 DEBUG 13392 --- [shecancode-attendance-system] [   scheduling-1] org.hibernate.SQL                        : 
    select
        oe1_0.id,
        oe1_0.aggregate_id,
        oe1_0.created_at,
        oe1_0.event_type,
        oe1_0.payload,
        oe1_0.processed_at,
        oe1_0.retry_count,
        oe1_0.status,
        oe1_0.updated_at 
    from
        attendance_outbox oe1_0 
    where
        oe1_0.status in (?, ?) 
        and oe1_0.retry_count<?
Hibernate: 
    select
        oe1_0.id,
        oe1_0.aggregate_id,
        oe1_0.created_at,
        oe1_0.event_type,
        oe1_0.payload,
        oe1_0.processed_at,
        oe1_0.retry_count,
        oe1_0.status,
        oe1_0.updated_at 
    from
        attendance_outbox oe1_0 
    where
        oe1_0.status in (?, ?) 
        and oe1_0.retry_count<?
2026-09-15T22:56:17.818+02:00 DEBUG 13392 --- [shecancode-attendance-system] [   scheduling-1] org.hibernate.SQL                        : 
    select
        oe1_0.id,
        oe1_0.aggregate_id,
        oe1_0.created_at,
        oe1_0.event_type,
        oe1_0.payload,
        oe1_0.processed_at,
        oe1_0.retry_count,
        oe1_0.status,
        oe1_0.updated_at 
    from
        attendance_outbox oe1_0 
    where
        oe1_0.status in (?, ?) 
        and oe1_0.retry_count<?
Hibernate: 
    select
        oe1_0.id,
        oe1_0.aggregate_id,
        oe1_0.created_at,
        oe1_0.event_type,
        oe1_0.payload,
        oe1_0.processed_at,
        oe1_0.retry_count,
        oe1_0.status,
        oe1_0.updated_at 
    from
        attendance_outbox oe1_0 
    where
        oe1_0.status in (?, ?) 
        and oe1_0.retry_count<?
2026-09-15T22:56:22.845+02:00 DEBUG 13392 --- [shecancode-attendance-system] [   scheduling-1] org.hibernate.SQL                        : 
    select
        oe1_0.id,
        oe1_0.aggregate_id,
        oe1_0.created_at,
        oe1_0.event_type,
        oe1_0.payload,
        oe1_0.processed_at,
        oe1_0.retry_count,
        oe1_0.status,
        oe1_0.updated_at 
    from
        attendance_outbox oe1_0 
    where
        oe1_0.status in (?, ?) 
        and oe1_0.retry_count<?
Hibernate: 
    select
        oe1_0.id,
        oe1_0.aggregate_id,
        oe1_0.created_at,
        oe1_0.event_type,
        oe1_0.payload,
        oe1_0.processed_at,
        oe1_0.retry_count,
        oe1_0.status,
        oe1_0.updated_at 
    from
        attendance_outbox oe1_0 
    where
        oe1_0.status in (?, ?) 
        and oe1_0.retry_count<?
2026-09-15T22:56:27.878+02:00 DEBUG 13392 --- [shecancode-attendance-system] [   scheduling-1] org.hibernate.SQL                        : 
    select
        oe1_0.id,
        oe1_0.aggregate_id,
        oe1_0.created_at,
        oe1_0.event_type,
        oe1_0.payload,
        oe1_0.processed_at,
        oe1_0.retry_count,
        oe1_0.status,
        oe1_0.updated_at 
    from
        attendance_outbox oe1_0 
    where
        oe1_0.status in (?, ?) 
        and oe1_0.retry_count<?
Hibernate: 
    select
        oe1_0.id,
        oe1_0.aggregate_id,
        oe1_0.created_at,
        oe1_0.event_type,
        oe1_0.payload,
        oe1_0.processed_at,
        oe1_0.retry_count,
        oe1_0.status,
        oe1_0.updated_at 
    from
        attendance_outbox oe1_0 
    where
        oe1_0.status in (?, ?) 
        and oe1_0.retry_count<?
2026-09-15T23:03:21.773+02:00 DEBUG 13392 --- [shecancode-attendance-system] [   scheduling-1] org.hibernate.SQL                        : 
    select
        oe1_0.id,
        oe1_0.aggregate_id,
        oe1_0.created_at,
        oe1_0.event_type,
        oe1_0.payload,
        oe1_0.processed_at,
        oe1_0.retry_count,
        oe1_0.status,
        oe1_0.updated_at 
    from
        attendance_outbox oe1_0 
    where
        oe1_0.status in (?, ?) 
        and oe1_0.retry_count<?
Hibernate: 
    select
        oe1_0.id,
        oe1_0.aggregate_id,
        oe1_0.created_at,
        oe1_0.event_type,
        oe1_0.payload,
        oe1_0.processed_at,
        oe1_0.retry_count,
        oe1_0.status,
        oe1_0.updated_at 
    from
        attendance_outbox oe1_0 
    where
        oe1_0.status in (?, ?) 
        and oe1_0.retry_count<?
2026-09-15T23:32:23.490+02:00 DEBUG 13392 --- [shecancode-attendance-system] [   scheduling-1] org.hibernate.SQL                        : 
    select
        oe1_0.id,
        oe1_0.aggregate_id,
        oe1_0.created_at,
        oe1_0.event_type,
        oe1_0.payload,
        oe1_0.processed_at,
        oe1_0.retry_count,
        oe1_0.status,
        oe1_0.updated_at 
    from
        attendance_outbox oe1_0 
    where
        oe1_0.status in (?, ?) 
        and oe1_0.retry_count<?
Hibernate: 
    select
        oe1_0.id,
        oe1_0.aggregate_id,
        oe1_0.created_at,
        oe1_0.event_type,
        oe1_0.payload,
        oe1_0.processed_at,
        oe1_0.retry_count,
        oe1_0.status,
        oe1_0.updated_at 
    from
        attendance_outbox oe1_0 
    where
        oe1_0.status in (?, ?) 
        and oe1_0.retry_count<?
2026-09-15T23:32:28.723+02:00 DEBUG 13392 --- [shecancode-attendance-system] [   scheduling-1] org.hibernate.SQL                        : 
    select
        oe1_0.id,
        oe1_0.aggregate_id,
        oe1_0.created_at,
        oe1_0.event_type,
        oe1_0.payload,
        oe1_0.processed_at,
        oe1_0.retry_count,
        oe1_0.status,
        oe1_0.updated_at 
    from
        attendance_outbox oe1_0 
    where
        oe1_0.status in (?, ?) 
        and oe1_0.retry_count<?
Hibernate: 
    select
        oe1_0.id,
        oe1_0.aggregate_id,
        oe1_0.created_at,
        oe1_0.event_type,
        oe1_0.payload,
        oe1_0.processed_at,
        oe1_0.retry_count,
        oe1_0.status,
        oe1_0.updated_at 
    from
        attendance_outbox oe1_0 
    where
        oe1_0.status in (?, ?) 
        and oe1_0.retry_count<?
2026-09-15T23:32:33.761+02:00 DEBUG 13392 --- [shecancode-attendance-system] [   scheduling-1] org.hibernate.SQL                        : 
    select
        oe1_0.id,
        oe1_0.aggregate_id,
        oe1_0.created_at,
        oe1_0.event_type,
        oe1_0.payload,
        oe1_0.processed_at,
        oe1_0.retry_count,
        oe1_0.status,
        oe1_0.updated_at 
    from
        attendance_outbox oe1_0 
    where
        oe1_0.status in (?, ?) 
        and oe1_0.retry_count<?
Hibernate: 
    select
        oe1_0.id,
        oe1_0.aggregate_id,
        oe1_0.created_at,
        oe1_0.event_type,
        oe1_0.payload,
        oe1_0.processed_at,
        oe1_0.retry_count,
        oe1_0.status,
        oe1_0.updated_at 
    from
        attendance_outbox oe1_0 
    where
        oe1_0.status in (?, ?) 
        and oe1_0.retry_count<?
2026-09-15T23:32:38.105+02:00  WARN 13392 --- [shecancode-attendance-system] [l-1 housekeeper] com.zaxxer.hikari.pool.HikariPool        : HikariPool-1 - Thread starvation or clock leap detected (housekeeper delta=36m14s678ms763µs500ns).
2026-09-15T23:32:38.781+02:00 DEBUG 13392 --- [shecancode-attendance-system] [   scheduling-1] org.hibernate.SQL                        : 
    select
        oe1_0.id,
        oe1_0.aggregate_id,
        oe1_0.created_at,
        oe1_0.event_type,
        oe1_0.payload,
        oe1_0.processed_at,
        oe1_0.retry_count,
        oe1_0.status,
        oe1_0.updated_at 
    from
        attendance_outbox oe1_0 
    where
        oe1_0.status in (?, ?) 
        and oe1_0.retry_count<?
Hibernate: 
    select
        oe1_0.id,
        oe1_0.aggregate_id,
        oe1_0.created_at,
        oe1_0.event_type,
        oe1_0.payload,
        oe1_0.processed_at,
        oe1_0.retry_count,
        oe1_0.status,
        oe1_0.updated_at 
    from
        attendance_outbox oe1_0 
    where
        oe1_0.status in (?, ?) 
        and oe1_0.retry_count<?
2026-09-15T23:32:43.805+02:00 DEBUG 13392 --- [shecancode-attendance-system] [   scheduling-1] org.hibernate.SQL                        : 
    select
        oe1_0.id,
        oe1_0.aggregate_id,
        oe1_0.created_at,
        oe1_0.event_type,
        oe1_0.payload,
        oe1_0.processed_at,
        oe1_0.retry_count,
        oe1_0.status,
        oe1_0.updated_at 
    from
        attendance_outbox oe1_0 
    where
        oe1_0.status in (?, ?) 
        and oe1_0.retry_count<?
Hibernate: 
    select
        oe1_0.id,
        oe1_0.aggregate_id,
        oe1_0.created_at,
        oe1_0.event_type,
        oe1_0.payload,
        oe1_0.processed_at,
        oe1_0.retry_count,
        oe1_0.status,
        oe1_0.updated_at 
    from
        attendance_outbox oe1_0 
    where
        oe1_0.status in (?, ?) 
        and oe1_0.retry_count<?
2026-09-15T23:32:48.818+02:00 DEBUG 13392 --- [shecancode-attendance-system] [   scheduling-1] org.hibernate.SQL                        : 
    select
        oe1_0.id,
        oe1_0.aggregate_id,
        oe1_0.created_at,
        oe1_0.event_type,
        oe1_0.payload,
        oe1_0.processed_at,
        oe1_0.retry_count,
        oe1_0.status,
        oe1_0.updated_at 
    from
        attendance_outbox oe1_0 
    where
        oe1_0.status in (?, ?) 
        and oe1_0.retry_count<?
Hibernate: 
    select
        oe1_0.id,
        oe1_0.aggregate_id,
        oe1_0.created_at,
        oe1_0.event_type,
        oe1_0.payload,
        oe1_0.processed_at,
        oe1_0.retry_count,
        oe1_0.status,
        oe1_0.updated_at 
    from
        attendance_outbox oe1_0 
    where
        oe1_0.status in (?, ?) 
        and oe1_0.retry_count<?
2026-09-15T23:32:53.844+02:00 DEBUG 13392 --- [shecancode-attendance-system] [   scheduling-1] org.hibernate.SQL                        : 
    select
        oe1_0.id,
        oe1_0.aggregate_id,
        oe1_0.created_at,
        oe1_0.event_type,
        oe1_0.payload,
        oe1_0.processed_at,
        oe1_0.retry_count,
        oe1_0.status,
        oe1_0.updated_at 
    from
        attendance_outbox oe1_0 
    where
        oe1_0.status in (?, ?) 
        and oe1_0.retry_count<?
Hibernate: 
    select
        oe1_0.id,
        oe1_0.aggregate_id,
        oe1_0.created_at,
        oe1_0.event_type,
        oe1_0.payload,
        oe1_0.processed_at,
        oe1_0.retry_count,
        oe1_0.status,
        oe1_0.updated_at 
    from
        attendance_outbox oe1_0 
    where
        oe1_0.status in (?, ?) 
        and oe1_0.retry_count<?
2026-09-15T23:32:58.865+02:00 DEBUG 13392 --- [shecancode-attendance-system] [   scheduling-1] org.hibernate.SQL                        : 
    select
        oe1_0.id,
        oe1_0.aggregate_id,
        oe1_0.created_at,
        oe1_0.event_type,
        oe1_0.payload,
        oe1_0.processed_at,
        oe1_0.retry_count,
        oe1_0.status,
        oe1_0.updated_at 
    from
        attendance_outbox oe1_0 
    where
        oe1_0.status in (?, ?) 
        and oe1_0.retry_count<?
Hibernate: 
    select
        oe1_0.id,
        oe1_0.aggregate_id,
        oe1_0.created_at,
        oe1_0.event_type,
        oe1_0.payload,
        oe1_0.processed_at,
        oe1_0.retry_count,
        oe1_0.status,
        oe1_0.updated_at 
    from
        attendance_outbox oe1_0 
    where
        oe1_0.status in (?, ?) 
        and oe1_0.retry_count<?
2026-09-15T23:33:03.896+02:00 DEBUG 13392 --- [shecancode-attendance-system] [   scheduling-1] org.hibernate.SQL                        : 
    select
        oe1_0.id,
        oe1_0.aggregate_id,
        oe1_0.created_at,
        oe1_0.event_type,
        oe1_0.payload,
        oe1_0.processed_at,
        oe1_0.retry_count,
        oe1_0.status,
        oe1_0.updated_at 
    from
        attendance_outbox oe1_0 
    where
        oe1_0.status in (?, ?) 
        and oe1_0.retry_count<?
Hibernate: 
    select
        oe1_0.id,
        oe1_0.aggregate_id,
        oe1_0.created_at,
        oe1_0.event_type,
        oe1_0.payload,
        oe1_0.processed_at,
        oe1_0.retry_count,
        oe1_0.status,
        oe1_0.updated_at 
    from
        attendance_outbox oe1_0 
    where
        oe1_0.status in (?, ?) 
        and oe1_0.retry_count<?
2026-09-15T23:33:08.919+02:00 DEBUG 13392 --- [shecancode-attendance-system] [   scheduling-1] org.hibernate.SQL                        : 
    select
        oe1_0.id,
        oe1_0.aggregate_id,
        oe1_0.created_at,
        oe1_0.event_type,
        oe1_0.payload,
        oe1_0.processed_at,
        oe1_0.retry_count,
        oe1_0.status,
        oe1_0.updated_at 
    from
        attendance_outbox oe1_0 
    where
        oe1_0.status in (?, ?) 
        and oe1_0.retry_count<?
Hibernate: 
    select
        oe1_0.id,
        oe1_0.aggregate_id,
        oe1_0.created_at,
        oe1_0.event_type,
        oe1_0.payload,
        oe1_0.processed_at,
        oe1_0.retry_count,
        oe1_0.status,
        oe1_0.updated_at 
    from
        attendance_outbox oe1_0 
    where
        oe1_0.status in (?, ?) 
        and oe1_0.retry_count<?
2026-09-15T23:33:13.945+02:00 DEBUG 13392 --- [shecancode-attendance-system] [   scheduling-1] org.hibernate.SQL                        : 
    select
        oe1_0.id,
        oe1_0.aggregate_id,
        oe1_0.created_at,
        oe1_0.event_type,
        oe1_0.payload,
        oe1_0.processed_at,
        oe1_0.retry_count,
        oe1_0.status,
        oe1_0.updated_at 
    from
        attendance_outbox oe1_0 
    where
        oe1_0.status in (?, ?) 
        and oe1_0.retry_count<?
Hibernate: 
    select
        oe1_0.id,
        oe1_0.aggregate_id,
        oe1_0.created_at,
        oe1_0.event_type,
        oe1_0.payload,
        oe1_0.processed_at,
        oe1_0.retry_count,
        oe1_0.status,
        oe1_0.updated_at 
    from
        attendance_outbox oe1_0 
    where
        oe1_0.status in (?, ?) 
        and oe1_0.retry_count<?
2026-09-15T23:33:18.965+02:00 DEBUG 13392 --- [shecancode-attendance-system] [   scheduling-1] org.hibernate.SQL                        : 
    select
        oe1_0.id,
        oe1_0.aggregate_id,
        oe1_0.created_at,
        oe1_0.event_type,
        oe1_0.payload,
        oe1_0.processed_at,
        oe1_0.retry_count,
        oe1_0.status,
        oe1_0.updated_at 
    from
        attendance_outbox oe1_0 
    where
        oe1_0.status in (?, ?) 
        and oe1_0.retry_count<?
Hibernate: 
    select
        oe1_0.id,
        oe1_0.aggregate_id,
        oe1_0.created_at,
        oe1_0.event_type,
        oe1_0.payload,
        oe1_0.processed_at,
        oe1_0.retry_count,
        oe1_0.status,
        oe1_0.updated_at 
    from
        attendance_outbox oe1_0 
    where
        oe1_0.status in (?, ?) 
        and oe1_0.retry_count<?
2026-09-15T23:33:23.992+02:00 DEBUG 13392 --- [shecancode-attendance-system] [   scheduling-1] org.hibernate.SQL                        : 
    select
        oe1_0.id,
        oe1_0.aggregate_id,
        oe1_0.created_at,
        oe1_0.event_type,
        oe1_0.payload,
        oe1_0.processed_at,
        oe1_0.retry_count,
        oe1_0.status,
        oe1_0.updated_at 
    from
        attendance_outbox oe1_0 
    where
        oe1_0.status in (?, ?) 
        and oe1_0.retry_count<?
Hibernate: 
    select
        oe1_0.id,
        oe1_0.aggregate_id,
        oe1_0.created_at,
        oe1_0.event_type,
        oe1_0.payload,
        oe1_0.processed_at,
        oe1_0.retry_count,
        oe1_0.status,
        oe1_0.updated_at 
    from
        attendance_outbox oe1_0 
    where
        oe1_0.status in (?, ?) 
        and oe1_0.retry_count<?
2026-09-15T23:33:29.019+02:00 DEBUG 13392 --- [shecancode-attendance-system] [   scheduling-1] org.hibernate.SQL                        : 
    select
        oe1_0.id,
        oe1_0.aggregate_id,
        oe1_0.created_at,
        oe1_0.event_type,
        oe1_0.payload,
        oe1_0.processed_at,
        oe1_0.retry_count,
        oe1_0.status,
        oe1_0.updated_at 
    from
        attendance_outbox oe1_0 
    where
        oe1_0.status in (?, ?) 
        and oe1_0.retry_count<?
Hibernate: 
    select
        oe1_0.id,
        oe1_0.aggregate_id,
        oe1_0.created_at,
        oe1_0.event_type,
        oe1_0.payload,
        oe1_0.processed_at,
        oe1_0.retry_count,
        oe1_0.status,
        oe1_0.updated_at 
    from
        attendance_outbox oe1_0 
    where
        oe1_0.status in (?, ?) 
        and oe1_0.retry_count<?
2026-09-15T23:33:34.043+02:00 DEBUG 13392 --- [shecancode-attendance-system] [   scheduling-1] org.hibernate.SQL                        : 
    select
        oe1_0.id,
        oe1_0.aggregate_id,
        oe1_0.created_at,
        oe1_0.event_type,
        oe1_0.payload,
        oe1_0.processed_at,
        oe1_0.retry_count,
        oe1_0.status,
        oe1_0.updated_at 
    from
        attendance_outbox oe1_0 
    where
        oe1_0.status in (?, ?) 
        and oe1_0.retry_count<?
Hibernate: 
    select
        oe1_0.id,
        oe1_0.aggregate_id,
        oe1_0.created_at,
        oe1_0.event_type,
        oe1_0.payload,
        oe1_0.processed_at,
        oe1_0.retry_count,
        oe1_0.status,
        oe1_0.updated_at 
    from
        attendance_outbox oe1_0 
    where
        oe1_0.status in (?, ?) 
        and oe1_0.retry_count<?
2026-09-15T23:33:39.070+02:00 DEBUG 13392 --- [shecancode-attendance-system] [   scheduling-1] org.hibernate.SQL                        : 
    select
        oe1_0.id,
        oe1_0.aggregate_id,
        oe1_0.created_at,
        oe1_0.event_type,
        oe1_0.payload,
        oe1_0.processed_at,
        oe1_0.retry_count,
        oe1_0.status,
        oe1_0.updated_at 
    from
        attendance_outbox oe1_0 
    where
        oe1_0.status in (?, ?) 
        and oe1_0.retry_count<?
Hibernate: 
    select
        oe1_0.id,
        oe1_0.aggregate_id,
        oe1_0.created_at,
        oe1_0.event_type,
        oe1_0.payload,
        oe1_0.processed_at,
        oe1_0.retry_count,
        oe1_0.status,
        oe1_0.updated_at 
    from
        attendance_outbox oe1_0 
    where
        oe1_0.status in (?, ?) 
        and oe1_0.retry_count<?
2026-09-15T23:33:44.096+02:00 DEBUG 13392 --- [shecancode-attendance-system] [   scheduling-1] org.hibernate.SQL                        : 
    select
        oe1_0.id,
        oe1_0.aggregate_id,
        oe1_0.created_at,
        oe1_0.event_type,
        oe1_0.payload,
        oe1_0.processed_at,
        oe1_0.retry_count,
        oe1_0.status,
        oe1_0.updated_at 
    from
        attendance_outbox oe1_0 
    where
        oe1_0.status in (?, ?) 
        and oe1_0.retry_count<?
Hibernate: 
    select
        oe1_0.id,
        oe1_0.aggregate_id,
        oe1_0.created_at,
        oe1_0.event_type,
        oe1_0.payload,
        oe1_0.processed_at,
        oe1_0.retry_count,
        oe1_0.status,
        oe1_0.updated_at 
    from
        attendance_outbox oe1_0 
    where
        oe1_0.status in (?, ?) 
        and oe1_0.retry_count<?
2026-09-15T23:33:49.121+02:00 DEBUG 13392 --- [shecancode-attendance-system] [   scheduling-1] org.hibernate.SQL                        : 
    select
        oe1_0.id,
        oe1_0.aggregate_id,
        oe1_0.created_at,
        oe1_0.event_type,
        oe1_0.payload,
        oe1_0.processed_at,
        oe1_0.retry_count,
        oe1_0.status,
        oe1_0.updated_at 
    from
        attendance_outbox oe1_0 
    where
        oe1_0.status in (?, ?) 
        and oe1_0.retry_count<?
Hibernate: 
    select
        oe1_0.id,
        oe1_0.aggregate_id,
        oe1_0.created_at,
        oe1_0.event_type,
        oe1_0.payload,
        oe1_0.processed_at,
        oe1_0.retry_count,
        oe1_0.status,
        oe1_0.updated_at 
    from
        attendance_outbox oe1_0 
    where
        oe1_0.status in (?, ?) 
        and oe1_0.retry_count<?
2026-09-15T23:33:54.143+02:00 DEBUG 13392 --- [shecancode-attendance-system] [   scheduling-1] org.hibernate.SQL                        : 
    select
        oe1_0.id,
        oe1_0.aggregate_id,
        oe1_0.created_at,
        oe1_0.event_type,
        oe1_0.payload,
        oe1_0.processed_at,
        oe1_0.retry_count,
        oe1_0.status,
        oe1_0.updated_at 
    from
        attendance_outbox oe1_0 
    where
        oe1_0.status in (?, ?) 
        and oe1_0.retry_count<?
Hibernate: 
    select
        oe1_0.id,
        oe1_0.aggregate_id,
        oe1_0.created_at,
        oe1_0.event_type,
        oe1_0.payload,
        oe1_0.processed_at,
        oe1_0.retry_count,
        oe1_0.status,
        oe1_0.updated_at 
    from
        attendance_outbox oe1_0 
    where
        oe1_0.status in (?, ?) 
        and oe1_0.retry_count<?
2026-09-15T23:33:59.153+02:00 DEBUG 13392 --- [shecancode-attendance-system] [   scheduling-1] org.hibernate.SQL                        : 
    select
        oe1_0.id,
        oe1_0.aggregate_id,
        oe1_0.created_at,
        oe1_0.event_type,
        oe1_0.payload,
        oe1_0.processed_at,
        oe1_0.retry_count,
        oe1_0.status,
        oe1_0.updated_at 
    from
        attendance_outbox oe1_0 
    where
        oe1_0.status in (?, ?) 
        and oe1_0.retry_count<?
Hibernate: 
    select
        oe1_0.id,
        oe1_0.aggregate_id,
        oe1_0.created_at,
        oe1_0.event_type,
        oe1_0.payload,
        oe1_0.processed_at,
        oe1_0.retry_count,
        oe1_0.status,
        oe1_0.updated_at 
    from
        attendance_outbox oe1_0 
    where
        oe1_0.status in (?, ?) 
        and oe1_0.retry_count<?
2026-09-15T23:34:04.178+02:00 DEBUG 13392 --- [shecancode-attendance-system] [   scheduling-1] org.hibernate.SQL                        : 
    select
        oe1_0.id,
        oe1_0.aggregate_id,
        oe1_0.created_at,
        oe1_0.event_type,
        oe1_0.payload,
        oe1_0.processed_at,
        oe1_0.retry_count,
        oe1_0.status,
        oe1_0.updated_at 
    from
        attendance_outbox oe1_0 
    where
        oe1_0.status in (?, ?) 
        and oe1_0.retry_count<?
Hibernate: 
    select
        oe1_0.id,
        oe1_0.aggregate_id,
        oe1_0.created_at,
        oe1_0.event_type,
        oe1_0.payload,
        oe1_0.processed_at,
        oe1_0.retry_count,
        oe1_0.status,
        oe1_0.updated_at 
    from
        attendance_outbox oe1_0 
    where
        oe1_0.status in (?, ?) 
        and oe1_0.retry_count<?
2026-09-15T23:34:09.195+02:00 DEBUG 13392 --- [shecancode-attendance-system] [   scheduling-1] org.hibernate.SQL                        : 
    select
        oe1_0.id,
        oe1_0.aggregate_id,
        oe1_0.created_at,
        oe1_0.event_type,
        oe1_0.payload,
        oe1_0.processed_at,
        oe1_0.retry_count,
        oe1_0.status,
        oe1_0.updated_at 
    from
        attendance_outbox oe1_0 
    where
        oe1_0.status in (?, ?) 
        and oe1_0.retry_count<?
Hibernate: 
    select
        oe1_0.id,
        oe1_0.aggregate_id,
        oe1_0.created_at,
        oe1_0.event_type,
        oe1_0.payload,
        oe1_0.processed_at,
        oe1_0.retry_count,
        oe1_0.status,
        oe1_0.updated_at 
    from
        attendance_outbox oe1_0 
    where
        oe1_0.status in (?, ?) 
        and oe1_0.retry_count<?
2026-09-15T23:34:14.221+02:00 DEBUG 13392 --- [shecancode-attendance-system] [   scheduling-1] org.hibernate.SQL                        : 
    select
        oe1_0.id,
        oe1_0.aggregate_id,
        oe1_0.created_at,
        oe1_0.event_type,
        oe1_0.payload,
        oe1_0.processed_at,
        oe1_0.retry_count,
        oe1_0.status,
        oe1_0.updated_at 
    from
        attendance_outbox oe1_0 
    where
        oe1_0.status in (?, ?) 
        and oe1_0.retry_count<?
Hibernate: 
    select
        oe1_0.id,
        oe1_0.aggregate_id,
        oe1_0.created_at,
        oe1_0.event_type,
        oe1_0.payload,
        oe1_0.processed_at,
        oe1_0.retry_count,
        oe1_0.status,
        oe1_0.updated_at 
    from
        attendance_outbox oe1_0 
    where
        oe1_0.status in (?, ?) 
        and oe1_0.retry_count<?
2026-09-15T23:34:19.245+02:00 DEBUG 13392 --- [shecancode-attendance-system] [   scheduling-1] org.hibernate.SQL                        : 
    select
        oe1_0.id,
        oe1_0.aggregate_id,
        oe1_0.created_at,
        oe1_0.event_type,
        oe1_0.payload,
        oe1_0.processed_at,
        oe1_0.retry_count,
        oe1_0.status,
        oe1_0.updated_at 
    from
        attendance_outbox oe1_0 
    where
        oe1_0.status in (?, ?) 
        and oe1_0.retry_count<?
Hibernate: 
    select
        oe1_0.id,
        oe1_0.aggregate_id,
        oe1_0.created_at,
        oe1_0.event_type,
        oe1_0.payload,
        oe1_0.processed_at,
        oe1_0.retry_count,
        oe1_0.status,
        oe1_0.updated_at 
    from
        attendance_outbox oe1_0 
    where
        oe1_0.status in (?, ?) 
        and oe1_0.retry_count<?
2026-09-15T23:34:24.266+02:00 DEBUG 13392 --- [shecancode-attendance-system] [   scheduling-1] org.hibernate.SQL                        : 
    select
        oe1_0.id,
        oe1_0.aggregate_id,
        oe1_0.created_at,
        oe1_0.event_type,
        oe1_0.payload,
        oe1_0.processed_at,
        oe1_0.retry_count,
        oe1_0.status,
        oe1_0.updated_at 
    from
        attendance_outbox oe1_0 
    where
        oe1_0.status in (?, ?) 
        and oe1_0.retry_count<?
Hibernate: 
    select
        oe1_0.id,
        oe1_0.aggregate_id,
        oe1_0.created_at,
        oe1_0.event_type,
        oe1_0.payload,
        oe1_0.processed_at,
        oe1_0.retry_count,
        oe1_0.status,
        oe1_0.updated_at 
    from
        attendance_outbox oe1_0 
    where
        oe1_0.status in (?, ?) 
        and oe1_0.retry_count<?
2026-09-15T23:34:29.277+02:00 DEBUG 13392 --- [shecancode-attendance-system] [   scheduling-1] org.hibernate.SQL                        : 
    select
        oe1_0.id,
        oe1_0.aggregate_id,
        oe1_0.created_at,
        oe1_0.event_type,
        oe1_0.payload,
        oe1_0.processed_at,
        oe1_0.retry_count,
        oe1_0.status,
        oe1_0.updated_at 
    from
        attendance_outbox oe1_0 
    where
        oe1_0.status in (?, ?) 
        and oe1_0.retry_count<?
Hibernate: 
    select
        oe1_0.id,
        oe1_0.aggregate_id,
        oe1_0.created_at,
        oe1_0.event_type,
        oe1_0.payload,
        oe1_0.processed_at,
        oe1_0.retry_count,
        oe1_0.status,
        oe1_0.updated_at 
    from
        attendance_outbox oe1_0 
    where
        oe1_0.status in (?, ?) 
        and oe1_0.retry_count<?
2026-09-15T23:34:34.306+02:00 DEBUG 13392 --- [shecancode-attendance-system] [   scheduling-1] org.hibernate.SQL                        : 
    select
        oe1_0.id,
        oe1_0.aggregate_id,
        oe1_0.created_at,
        oe1_0.event_type,
        oe1_0.payload,
        oe1_0.processed_at,
        oe1_0.retry_count,
        oe1_0.status,
        oe1_0.updated_at 
    from
        attendance_outbox oe1_0 
    where
        oe1_0.status in (?, ?) 
        and oe1_0.retry_count<?
Hibernate: 
    select
        oe1_0.id,
        oe1_0.aggregate_id,
        oe1_0.created_at,
        oe1_0.event_type,
        oe1_0.payload,
        oe1_0.processed_at,
        oe1_0.retry_count,
        oe1_0.status,
        oe1_0.updated_at 
    from
        attendance_outbox oe1_0 
    where
        oe1_0.status in (?, ?) 
        and oe1_0.retry_count<?
2026-09-15T23:34:39.327+02:00 DEBUG 13392 --- [shecancode-attendance-system] [   scheduling-1] org.hibernate.SQL                        : 
    select
        oe1_0.id,
        oe1_0.aggregate_id,
        oe1_0.created_at,
        oe1_0.event_type,
        oe1_0.payload,
        oe1_0.processed_at,
        oe1_0.retry_count,
        oe1_0.status,
        oe1_0.updated_at 
    from
        attendance_outbox oe1_0 
    where
        oe1_0.status in (?, ?) 
        and oe1_0.retry_count<?
Hibernate: 
    select
        oe1_0.id,
        oe1_0.aggregate_id,
        oe1_0.created_at,
        oe1_0.event_type,
        oe1_0.payload,
        oe1_0.processed_at,
        oe1_0.retry_count,
        oe1_0.status,
        oe1_0.updated_at 
    from
        attendance_outbox oe1_0 
    where
        oe1_0.status in (?, ?) 
        and oe1_0.retry_count<?
2026-09-15T23:34:44.340+02:00 DEBUG 13392 --- [shecancode-attendance-system] [   scheduling-1] org.hibernate.SQL                        : 
    select
        oe1_0.id,
        oe1_0.aggregate_id,
        oe1_0.created_at,
        oe1_0.event_type,
        oe1_0.payload,
        oe1_0.processed_at,
        oe1_0.retry_count,
        oe1_0.status,
        oe1_0.updated_at 
    from
        attendance_outbox oe1_0 
    where
        oe1_0.status in (?, ?) 
        and oe1_0.retry_count<?
Hibernate: 
    select
        oe1_0.id,
        oe1_0.aggregate_id,
        oe1_0.created_at,
        oe1_0.event_type,
        oe1_0.payload,
        oe1_0.processed_at,
        oe1_0.retry_count,
        oe1_0.status,
        oe1_0.updated_at 
    from
        attendance_outbox oe1_0 
    where
        oe1_0.status in (?, ?) 
        and oe1_0.retry_count<?
2026-09-15T23:34:49.358+02:00 DEBUG 13392 --- [shecancode-attendance-system] [   scheduling-1] org.hibernate.SQL                        : 
    select
        oe1_0.id,
        oe1_0.aggregate_id,
        oe1_0.created_at,
        oe1_0.event_type,
        oe1_0.payload,
        oe1_0.processed_at,
        oe1_0.retry_count,
        oe1_0.status,
        oe1_0.updated_at 
    from
        attendance_outbox oe1_0 
    where
        oe1_0.status in (?, ?) 
        and oe1_0.retry_count<?
Hibernate: 
    select
        oe1_0.id,
        oe1_0.aggregate_id,
        oe1_0.created_at,
        oe1_0.event_type,
        oe1_0.payload,
        oe1_0.processed_at,
        oe1_0.retry_count,
        oe1_0.status,
        oe1_0.updated_at 
    from
        attendance_outbox oe1_0 
    where
        oe1_0.status in (?, ?) 
        and oe1_0.retry_count<?
2026-09-15T23:34:54.373+02:00 DEBUG 13392 --- [shecancode-attendance-system] [   scheduling-1] org.hibernate.SQL                        : 
    select
        oe1_0.id,
        oe1_0.aggregate_id,
        oe1_0.created_at,
        oe1_0.event_type,
        oe1_0.payload,
        oe1_0.processed_at,
        oe1_0.retry_count,
        oe1_0.status,
        oe1_0.updated_at 
    from
        attendance_outbox oe1_0 
    where
        oe1_0.status in (?, ?) 
        and oe1_0.retry_count<?
Hibernate: 
    select
        oe1_0.id,
        oe1_0.aggregate_id,
        oe1_0.created_at,
        oe1_0.event_type,
        oe1_0.payload,
        oe1_0.processed_at,
        oe1_0.retry_count,
        oe1_0.status,
        oe1_0.updated_at 
    from
        attendance_outbox oe1_0 
    where
        oe1_0.status in (?, ?) 
        and oe1_0.retry_count<?
2026-09-15T23:34:59.391+02:00 DEBUG 13392 --- [shecancode-attendance-system] [   scheduling-1] org.hibernate.SQL                        : 
    select
        oe1_0.id,
        oe1_0.aggregate_id,
        oe1_0.created_at,
        oe1_0.event_type,
        oe1_0.payload,
        oe1_0.processed_at,
        oe1_0.retry_count,
        oe1_0.status,
        oe1_0.updated_at 
    from
        attendance_outbox oe1_0 
    where
        oe1_0.status in (?, ?) 
        and oe1_0.retry_count<?
Hibernate: 
    select
        oe1_0.id,
        oe1_0.aggregate_id,
        oe1_0.created_at,
        oe1_0.event_type,
        oe1_0.payload,
        oe1_0.processed_at,
        oe1_0.retry_count,
        oe1_0.status,
        oe1_0.updated_at 
    from
        attendance_outbox oe1_0 
    where
        oe1_0.status in (?, ?) 
        and oe1_0.retry_count<?
2026-09-15T23:35:04.414+02:00 DEBUG 13392 --- [shecancode-attendance-system] [   scheduling-1] org.hibernate.SQL                        : 
    select
        oe1_0.id,
        oe1_0.aggregate_id,
        oe1_0.created_at,
        oe1_0.event_type,
        oe1_0.payload,
        oe1_0.processed_at,
        oe1_0.retry_count,
        oe1_0.status,
        oe1_0.updated_at 
    from
        attendance_outbox oe1_0 
    where
        oe1_0.status in (?, ?) 
        and oe1_0.retry_count<?
Hibernate: 
    select
        oe1_0.id,
        oe1_0.aggregate_id,
        oe1_0.created_at,
        oe1_0.event_type,
        oe1_0.payload,
        oe1_0.processed_at,
        oe1_0.retry_count,
        oe1_0.status,
        oe1_0.updated_at 
    from
        attendance_outbox oe1_0 
    where
        oe1_0.status in (?, ?) 
        and oe1_0.retry_count<?
2026-09-15T23:35:09.433+02:00 DEBUG 13392 --- [shecancode-attendance-system] [   scheduling-1] org.hibernate.SQL                        : 
    select
        oe1_0.id,
        oe1_0.aggregate_id,
        oe1_0.created_at,
        oe1_0.event_type,
        oe1_0.payload,
        oe1_0.processed_at,
        oe1_0.retry_count,
        oe1_0.status,
        oe1_0.updated_at 
    from
        attendance_outbox oe1_0 
    where
        oe1_0.status in (?, ?) 
        and oe1_0.retry_count<?
Hibernate: 
    select
        oe1_0.id,
        oe1_0.aggregate_id,
        oe1_0.created_at,
        oe1_0.event_type,
        oe1_0.payload,
        oe1_0.processed_at,
        oe1_0.retry_count,
        oe1_0.status,
        oe1_0.updated_at 
    from
        attendance_outbox oe1_0 
    where
        oe1_0.status in (?, ?) 
        and oe1_0.retry_count<?
2026-09-15T23:35:14.448+02:00 DEBUG 13392 --- [shecancode-attendance-system] [   scheduling-1] org.hibernate.SQL                        : 
    select
        oe1_0.id,
        oe1_0.aggregate_id,
        oe1_0.created_at,
        oe1_0.event_type,
        oe1_0.payload,
        oe1_0.processed_at,
        oe1_0.retry_count,
        oe1_0.status,
        oe1_0.updated_at 
    from
        attendance_outbox oe1_0 
    where
        oe1_0.status in (?, ?) 
        and oe1_0.retry_count<?
Hibernate: 
    select
        oe1_0.id,
        oe1_0.aggregate_id,
        oe1_0.created_at,
        oe1_0.event_type,
        oe1_0.payload,
        oe1_0.processed_at,
        oe1_0.retry_count,
        oe1_0.status,
        oe1_0.updated_at 
    from
        attendance_outbox oe1_0 
    where
        oe1_0.status in (?, ?) 
        and oe1_0.retry_count<?
2026-09-15T23:35:19.462+02:00 DEBUG 13392 --- [shecancode-attendance-system] [   scheduling-1] org.hibernate.SQL                        : 
    select
        oe1_0.id,
        oe1_0.aggregate_id,
        oe1_0.created_at,
        oe1_0.event_type,
        oe1_0.payload,
        oe1_0.processed_at,
        oe1_0.retry_count,
        oe1_0.status,
        oe1_0.updated_at 
    from
        attendance_outbox oe1_0 
    where
        oe1_0.status in (?, ?) 
        and oe1_0.retry_count<?
Hibernate: 
    select
        oe1_0.id,
        oe1_0.aggregate_id,
        oe1_0.created_at,
        oe1_0.event_type,
        oe1_0.payload,
        oe1_0.processed_at,
        oe1_0.retry_count,
        oe1_0.status,
        oe1_0.updated_at 
    from
        attendance_outbox oe1_0 
    where
        oe1_0.status in (?, ?) 
        and oe1_0.retry_count<?
2026-09-15T23:35:24.478+02:00 DEBUG 13392 --- [shecancode-attendance-system] [   scheduling-1] org.hibernate.SQL                        : 
    select
        oe1_0.id,
        oe1_0.aggregate_id,
        oe1_0.created_at,
        oe1_0.event_type,
        oe1_0.payload,
        oe1_0.processed_at,
        oe1_0.retry_count,
        oe1_0.status,
        oe1_0.updated_at 
    from
        attendance_outbox oe1_0 
    where
        oe1_0.status in (?, ?) 
        and oe1_0.retry_count<?
Hibernate: 
    select
        oe1_0.id,
        oe1_0.aggregate_id,
        oe1_0.created_at,
        oe1_0.event_type,
        oe1_0.payload,
        oe1_0.processed_at,
        oe1_0.retry_count,
        oe1_0.status,
        oe1_0.updated_at 
    from
        attendance_outbox oe1_0 
    where
        oe1_0.status in (?, ?) 
        and oe1_0.retry_count<?
2026-09-15T23:35:29.497+02:00 DEBUG 13392 --- [shecancode-attendance-system] [   scheduling-1] org.hibernate.SQL                        : 
    select
        oe1_0.id,
        oe1_0.aggregate_id,
        oe1_0.created_at,
        oe1_0.event_type,
        oe1_0.payload,
        oe1_0.processed_at,
        oe1_0.retry_count,
        oe1_0.status,
        oe1_0.updated_at 
    from
        attendance_outbox oe1_0 
    where
        oe1_0.status in (?, ?) 
        and oe1_0.retry_count<?
Hibernate: 
    select
        oe1_0.id,
        oe1_0.aggregate_id,
        oe1_0.created_at,
        oe1_0.event_type,
        oe1_0.payload,
        oe1_0.processed_at,
        oe1_0.retry_count,
        oe1_0.status,
        oe1_0.updated_at 
    from
        attendance_outbox oe1_0 
    where
        oe1_0.status in (?, ?) 
        and oe1_0.retry_count<?
2026-09-15T23:35:34.522+02:00 DEBUG 13392 --- [shecancode-attendance-system] [   scheduling-1] org.hibernate.SQL                        : 
    select
        oe1_0.id,
        oe1_0.aggregate_id,
        oe1_0.created_at,
        oe1_0.event_type,
        oe1_0.payload,
        oe1_0.processed_at,
        oe1_0.retry_count,
        oe1_0.status,
        oe1_0.updated_at 
    from
        attendance_outbox oe1_0 
    where
        oe1_0.status in (?, ?) 
        and oe1_0.retry_count<?
Hibernate: 
    select
        oe1_0.id,
        oe1_0.aggregate_id,
        oe1_0.created_at,
        oe1_0.event_type,
        oe1_0.payload,
        oe1_0.processed_at,
        oe1_0.retry_count,
        oe1_0.status,
        oe1_0.updated_at 
    from
        attendance_outbox oe1_0 
    where
        oe1_0.status in (?, ?) 
        and oe1_0.retry_count<?
2026-09-15T23:35:39.546+02:00 DEBUG 13392 --- [shecancode-attendance-system] [   scheduling-1] org.hibernate.SQL                        : 
    select
        oe1_0.id,
        oe1_0.aggregate_id,
        oe1_0.created_at,
        oe1_0.event_type,
        oe1_0.payload,
        oe1_0.processed_at,
        oe1_0.retry_count,
        oe1_0.status,
        oe1_0.updated_at 
    from
        attendance_outbox oe1_0 
    where
        oe1_0.status in (?, ?) 
        and oe1_0.retry_count<?
Hibernate: 
    select
        oe1_0.id,
        oe1_0.aggregate_id,
        oe1_0.created_at,
        oe1_0.event_type,
        oe1_0.payload,
        oe1_0.processed_at,
        oe1_0.retry_count,
        oe1_0.status,
        oe1_0.updated_at 
    from
        attendance_outbox oe1_0 
    where
        oe1_0.status in (?, ?) 
        and oe1_0.retry_count<?
2026-09-15T23:35:44.567+02:00 DEBUG 13392 --- [shecancode-attendance-system] [   scheduling-1] org.hibernate.SQL                        : 
    select
        oe1_0.id,
        oe1_0.aggregate_id,
        oe1_0.created_at,
        oe1_0.event_type,
        oe1_0.payload,
        oe1_0.processed_at,
        oe1_0.retry_count,
        oe1_0.status,
        oe1_0.updated_at 
    from
        attendance_outbox oe1_0 
    where
        oe1_0.status in (?, ?) 
        and oe1_0.retry_count<?
Hibernate: 
    select
        oe1_0.id,
        oe1_0.aggregate_id,
        oe1_0.created_at,
        oe1_0.event_type,
        oe1_0.payload,
        oe1_0.processed_at,
        oe1_0.retry_count,
        oe1_0.status,
        oe1_0.updated_at 
    from
        attendance_outbox oe1_0 
    where
        oe1_0.status in (?, ?) 
        and oe1_0.retry_count<?
2026-09-15T23:35:49.581+02:00 DEBUG 13392 --- [shecancode-attendance-system] [   scheduling-1] org.hibernate.SQL                        : 
    select
        oe1_0.id,
        oe1_0.aggregate_id,
        oe1_0.created_at,
        oe1_0.event_type,
        oe1_0.payload,
        oe1_0.processed_at,
        oe1_0.retry_count,
        oe1_0.status,
        oe1_0.updated_at 
    from
        attendance_outbox oe1_0 
    where
        oe1_0.status in (?, ?) 
        and oe1_0.retry_count<?
Hibernate: 
    select
        oe1_0.id,
        oe1_0.aggregate_id,
        oe1_0.created_at,
        oe1_0.event_type,
        oe1_0.payload,
        oe1_0.processed_at,
        oe1_0.retry_count,
        oe1_0.status,
        oe1_0.updated_at 
    from
        attendance_outbox oe1_0 
    where
        oe1_0.status in (?, ?) 
        and oe1_0.retry_count<?
2026-09-15T23:35:54.594+02:00 DEBUG 13392 --- [shecancode-attendance-system] [   scheduling-1] org.hibernate.SQL                        : 
    select
        oe1_0.id,
        oe1_0.aggregate_id,
        oe1_0.created_at,
        oe1_0.event_type,
        oe1_0.payload,
        oe1_0.processed_at,
        oe1_0.retry_count,
        oe1_0.status,
        oe1_0.updated_at 
    from
        attendance_outbox oe1_0 
    where
        oe1_0.status in (?, ?) 
        and oe1_0.retry_count<?
Hibernate: 
    select
        oe1_0.id,
        oe1_0.aggregate_id,
        oe1_0.created_at,
        oe1_0.event_type,
        oe1_0.payload,
        oe1_0.processed_at,
        oe1_0.retry_count,
        oe1_0.status,
        oe1_0.updated_at 
    from
        attendance_outbox oe1_0 
    where
        oe1_0.status in (?, ?) 
        and oe1_0.retry_count<?
2026-09-15T23:35:59.617+02:00 DEBUG 13392 --- [shecancode-attendance-system] [   scheduling-1] org.hibernate.SQL                        : 
    select
        oe1_0.id,
        oe1_0.aggregate_id,
        oe1_0.created_at,
        oe1_0.event_type,
        oe1_0.payload,
        oe1_0.processed_at,
        oe1_0.retry_count,
        oe1_0.status,
        oe1_0.updated_at 
    from
        attendance_outbox oe1_0 
    where
        oe1_0.status in (?, ?) 
        and oe1_0.retry_count<?
Hibernate: 
    select
        oe1_0.id,
        oe1_0.aggregate_id,
        oe1_0.created_at,
        oe1_0.event_type,
        oe1_0.payload,
        oe1_0.processed_at,
        oe1_0.retry_count,
        oe1_0.status,
        oe1_0.updated_at 
    from
        attendance_outbox oe1_0 
    where
        oe1_0.status in (?, ?) 
        and oe1_0.retry_count<?
2026-09-15T23:36:04.633+02:00 DEBUG 13392 --- [shecancode-attendance-system] [   scheduling-1] org.hibernate.SQL                        : 
    select
        oe1_0.id,
        oe1_0.aggregate_id,
        oe1_0.created_at,
        oe1_0.event_type,
        oe1_0.payload,
        oe1_0.processed_at,
        oe1_0.retry_count,
        oe1_0.status,
        oe1_0.updated_at 
    from
        attendance_outbox oe1_0 
    where
        oe1_0.status in (?, ?) 
        and oe1_0.retry_count<?
Hibernate: 
    select
        oe1_0.id,
        oe1_0.aggregate_id,
        oe1_0.created_at,
        oe1_0.event_type,
        oe1_0.payload,
        oe1_0.processed_at,
        oe1_0.retry_count,
        oe1_0.status,
        oe1_0.updated_at 
    from
        attendance_outbox oe1_0 
    where
        oe1_0.status in (?, ?) 
        and oe1_0.retry_count<?
2026-09-15T23:36:09.646+02:00 DEBUG 13392 --- [shecancode-attendance-system] [   scheduling-1] org.hibernate.SQL                        : 
    select
        oe1_0.id,
        oe1_0.aggregate_id,
        oe1_0.created_at,
        oe1_0.event_type,
        oe1_0.payload,
        oe1_0.processed_at,
        oe1_0.retry_count,
        oe1_0.status,
        oe1_0.updated_at 
    from
        attendance_outbox oe1_0 
    where
        oe1_0.status in (?, ?) 
        and oe1_0.retry_count<?
Hibernate: 
    select
        oe1_0.id,
        oe1_0.aggregate_id,
        oe1_0.created_at,
        oe1_0.event_type,
        oe1_0.payload,
        oe1_0.processed_at,
        oe1_0.retry_count,
        oe1_0.status,
        oe1_0.updated_at 
    from
        attendance_outbox oe1_0 
    where
        oe1_0.status in (?, ?) 
        and oe1_0.retry_count<?
2026-09-15T23:36:14.671+02:00 DEBUG 13392 --- [shecancode-attendance-system] [   scheduling-1] org.hibernate.SQL                        : 
    select
        oe1_0.id,
        oe1_0.aggregate_id,
        oe1_0.created_at,
        oe1_0.event_type,
        oe1_0.payload,
        oe1_0.processed_at,
        oe1_0.retry_count,
        oe1_0.status,
        oe1_0.updated_at 
    from
        attendance_outbox oe1_0 
    where
        oe1_0.status in (?, ?) 
        and oe1_0.retry_count<?
Hibernate: 
    select
        oe1_0.id,
        oe1_0.aggregate_id,
        oe1_0.created_at,
        oe1_0.event_type,
        oe1_0.payload,
        oe1_0.processed_at,
        oe1_0.retry_count,
        oe1_0.status,
        oe1_0.updated_at 
    from
        attendance_outbox oe1_0 
    where
        oe1_0.status in (?, ?) 
        and oe1_0.retry_count<?
2026-09-15T23:36:19.695+02:00 DEBUG 13392 --- [shecancode-attendance-system] [   scheduling-1] org.hibernate.SQL                        : 
    select
        oe1_0.id,
        oe1_0.aggregate_id,
        oe1_0.created_at,
        oe1_0.event_type,
        oe1_0.payload,
        oe1_0.processed_at,
        oe1_0.retry_count,
        oe1_0.status,
        oe1_0.updated_at 
    from
        attendance_outbox oe1_0 
    where
        oe1_0.status in (?, ?) 
        and oe1_0.retry_count<?
Hibernate: 
    select
        oe1_0.id,
        oe1_0.aggregate_id,
        oe1_0.created_at,
        oe1_0.event_type,
        oe1_0.payload,
        oe1_0.processed_at,
        oe1_0.retry_count,
        oe1_0.status,
        oe1_0.updated_at 
    from
        attendance_outbox oe1_0 
    where
        oe1_0.status in (?, ?) 
        and oe1_0.retry_count<?
2026-09-15T23:36:24.708+02:00 DEBUG 13392 --- [shecancode-attendance-system] [   scheduling-1] org.hibernate.SQL                        : 
    select
        oe1_0.id,
        oe1_0.aggregate_id,
        oe1_0.created_at,
        oe1_0.event_type,
        oe1_0.payload,
        oe1_0.processed_at,
        oe1_0.retry_count,
        oe1_0.status,
        oe1_0.updated_at 
    from
        attendance_outbox oe1_0 
    where
        oe1_0.status in (?, ?) 
        and oe1_0.retry_count<?
Hibernate: 
    select
        oe1_0.id,
        oe1_0.aggregate_id,
        oe1_0.created_at,
        oe1_0.event_type,
        oe1_0.payload,
        oe1_0.processed_at,
        oe1_0.retry_count,
        oe1_0.status,
        oe1_0.updated_at 
    from
        attendance_outbox oe1_0 
    where
        oe1_0.status in (?, ?) 
        and oe1_0.retry_count<?
2026-09-15T23:36:29.727+02:00 DEBUG 13392 --- [shecancode-attendance-system] [   scheduling-1] org.hibernate.SQL                        : 
    select
        oe1_0.id,
        oe1_0.aggregate_id,
        oe1_0.created_at,
        oe1_0.event_type,
        oe1_0.payload,
        oe1_0.processed_at,
        oe1_0.retry_count,
        oe1_0.status,
        oe1_0.updated_at 
    from
        attendance_outbox oe1_0 
    where
        oe1_0.status in (?, ?) 
        and oe1_0.retry_count<?
Hibernate: 
    select
        oe1_0.id,
        oe1_0.aggregate_id,
        oe1_0.created_at,
        oe1_0.event_type,
        oe1_0.payload,
        oe1_0.processed_at,
        oe1_0.retry_count,
        oe1_0.status,
        oe1_0.updated_at 
    from
        attendance_outbox oe1_0 
    where
        oe1_0.status in (?, ?) 
        and oe1_0.retry_count<?
2026-09-15T23:36:34.759+02:00 DEBUG 13392 --- [shecancode-attendance-system] [   scheduling-1] org.hibernate.SQL                        : 
    select
        oe1_0.id,
        oe1_0.aggregate_id,
        oe1_0.created_at,
        oe1_0.event_type,
        oe1_0.payload,
        oe1_0.processed_at,
        oe1_0.retry_count,
        oe1_0.status,
        oe1_0.updated_at 
    from
        attendance_outbox oe1_0 
    where
        oe1_0.status in (?, ?) 
        and oe1_0.retry_count<?
Hibernate: 
    select
        oe1_0.id,
        oe1_0.aggregate_id,
        oe1_0.created_at,
        oe1_0.event_type,
        oe1_0.payload,
        oe1_0.processed_at,
        oe1_0.retry_count,
        oe1_0.status,
        oe1_0.updated_at 
    from
        attendance_outbox oe1_0 
    where
        oe1_0.status in (?, ?) 
        and oe1_0.retry_count<?
2026-09-15T23:36:39.783+02:00 DEBUG 13392 --- [shecancode-attendance-system] [   scheduling-1] org.hibernate.SQL                        : 
    select
        oe1_0.id,
        oe1_0.aggregate_id,
        oe1_0.created_at,
        oe1_0.event_type,
        oe1_0.payload,
        oe1_0.processed_at,
        oe1_0.retry_count,
        oe1_0.status,
        oe1_0.updated_at 
    from
        attendance_outbox oe1_0 
    where
        oe1_0.status in (?, ?) 
        and oe1_0.retry_count<?
Hibernate: 
    select
        oe1_0.id,
        oe1_0.aggregate_id,
        oe1_0.created_at,
        oe1_0.event_type,
        oe1_0.payload,
        oe1_0.processed_at,
        oe1_0.retry_count,
        oe1_0.status,
        oe1_0.updated_at 
    from
        attendance_outbox oe1_0 
    where
        oe1_0.status in (?, ?) 
        and oe1_0.retry_count<?
2026-09-15T23:36:44.814+02:00 DEBUG 13392 --- [shecancode-attendance-system] [   scheduling-1] org.hibernate.SQL                        : 
    select
        oe1_0.id,
        oe1_0.aggregate_id,
        oe1_0.created_at,
        oe1_0.event_type,
        oe1_0.payload,
        oe1_0.processed_at,
        oe1_0.retry_count,
        oe1_0.status,
        oe1_0.updated_at 
    from
        attendance_outbox oe1_0 
    where
        oe1_0.status in (?, ?) 
        and oe1_0.retry_count<?
Hibernate: 
    select
        oe1_0.id,
        oe1_0.aggregate_id,
        oe1_0.created_at,
        oe1_0.event_type,
        oe1_0.payload,
        oe1_0.processed_at,
        oe1_0.retry_count,
        oe1_0.status,
        oe1_0.updated_at 
    from
        attendance_outbox oe1_0 
    where
        oe1_0.status in (?, ?) 
        and oe1_0.retry_count<?
2026-09-15T23:36:49.827+02:00 DEBUG 13392 --- [shecancode-attendance-system] [   scheduling-1] org.hibernate.SQL                        : 
    select
        oe1_0.id,
        oe1_0.aggregate_id,
        oe1_0.created_at,
        oe1_0.event_type,
        oe1_0.payload,
        oe1_0.processed_at,
        oe1_0.retry_count,
        oe1_0.status,
        oe1_0.updated_at 
    from
        attendance_outbox oe1_0 
    where
        oe1_0.status in (?, ?) 
        and oe1_0.retry_count<?
Hibernate: 
    select
        oe1_0.id,
        oe1_0.aggregate_id,
        oe1_0.created_at,
        oe1_0.event_type,
        oe1_0.payload,
        oe1_0.processed_at,
        oe1_0.retry_count,
        oe1_0.status,
        oe1_0.updated_at 
    from
        attendance_outbox oe1_0 
    where
        oe1_0.status in (?, ?) 
        and oe1_0.retry_count<?
2026-09-15T23:36:54.843+02:00 DEBUG 13392 --- [shecancode-attendance-system] [   scheduling-1] org.hibernate.SQL                        : 
    select
        oe1_0.id,
        oe1_0.aggregate_id,
        oe1_0.created_at,
        oe1_0.event_type,
        oe1_0.payload,
        oe1_0.processed_at,
        oe1_0.retry_count,
        oe1_0.status,
        oe1_0.updated_at 
    from
        attendance_outbox oe1_0 
    where
        oe1_0.status in (?, ?) 
        and oe1_0.retry_count<?
Hibernate: 
    select
        oe1_0.id,
        oe1_0.aggregate_id,
        oe1_0.created_at,
        oe1_0.event_type,
        oe1_0.payload,
        oe1_0.processed_at,
        oe1_0.retry_count,
        oe1_0.status,
        oe1_0.updated_at 
    from
        attendance_outbox oe1_0 
    where
        oe1_0.status in (?, ?) 
        and oe1_0.retry_count<?
2026-09-15T23:36:59.867+02:00 DEBUG 13392 --- [shecancode-attendance-system] [   scheduling-1] org.hibernate.SQL                        : 
    select
        oe1_0.id,
        oe1_0.aggregate_id,
        oe1_0.created_at,
        oe1_0.event_type,
        oe1_0.payload,
        oe1_0.processed_at,
        oe1_0.retry_count,
        oe1_0.status,
        oe1_0.updated_at 
    from
        attendance_outbox oe1_0 
    where
        oe1_0.status in (?, ?) 
        and oe1_0.retry_count<?
Hibernate: 
    select
        oe1_0.id,
        oe1_0.aggregate_id,
        oe1_0.created_at,
        oe1_0.event_type,
        oe1_0.payload,
        oe1_0.processed_at,
        oe1_0.retry_count,
        oe1_0.status,
        oe1_0.updated_at 
    from
        attendance_outbox oe1_0 
    where
        oe1_0.status in (?, ?) 
        and oe1_0.retry_count<?
2026-09-15T23:37:04.882+02:00 DEBUG 13392 --- [shecancode-attendance-system] [   scheduling-1] org.hibernate.SQL                        : 
    select
        oe1_0.id,
        oe1_0.aggregate_id,
        oe1_0.created_at,
        oe1_0.event_type,
        oe1_0.payload,
        oe1_0.processed_at,
        oe1_0.retry_count,
        oe1_0.status,
        oe1_0.updated_at 
    from
        attendance_outbox oe1_0 
    where
        oe1_0.status in (?, ?) 
        and oe1_0.retry_count<?
Hibernate: 
    select
        oe1_0.id,
        oe1_0.aggregate_id,
        oe1_0.created_at,
        oe1_0.event_type,
        oe1_0.payload,
        oe1_0.processed_at,
        oe1_0.retry_count,
        oe1_0.status,
        oe1_0.updated_at 
    from
        attendance_outbox oe1_0 
    where
        oe1_0.status in (?, ?) 
        and oe1_0.retry_count<?
2026-09-15T23:37:09.900+02:00 DEBUG 13392 --- [shecancode-attendance-system] [   scheduling-1] org.hibernate.SQL                        : 
    select
        oe1_0.id,
        oe1_0.aggregate_id,
        oe1_0.created_at,
        oe1_0.event_type,
        oe1_0.payload,
        oe1_0.processed_at,
        oe1_0.retry_count,
        oe1_0.status,
        oe1_0.updated_at 
    from
        attendance_outbox oe1_0 
    where
        oe1_0.status in (?, ?) 
        and oe1_0.retry_count<?
Hibernate: 
    select
        oe1_0.id,
        oe1_0.aggregate_id,
        oe1_0.created_at,
        oe1_0.event_type,
        oe1_0.payload,
        oe1_0.processed_at,
        oe1_0.retry_count,
        oe1_0.status,
        oe1_0.updated_at 
    from
        attendance_outbox oe1_0 
    where
        oe1_0.status in (?, ?) 
        and oe1_0.retry_count<?
2026-09-15T23:37:14.922+02:00 DEBUG 13392 --- [shecancode-attendance-system] [   scheduling-1] org.hibernate.SQL                        : 
    select
        oe1_0.id,
        oe1_0.aggregate_id,
        oe1_0.created_at,
        oe1_0.event_type,
        oe1_0.payload,
        oe1_0.processed_at,
        oe1_0.retry_count,
        oe1_0.status,
        oe1_0.updated_at 
    from
        attendance_outbox oe1_0 
    where
        oe1_0.status in (?, ?) 
        and oe1_0.retry_count<?
Hibernate: 
    select
        oe1_0.id,
        oe1_0.aggregate_id,
        oe1_0.created_at,
        oe1_0.event_type,
        oe1_0.payload,
        oe1_0.processed_at,
        oe1_0.retry_count,
        oe1_0.status,
        oe1_0.updated_at 
    from
        attendance_outbox oe1_0 
    where
        oe1_0.status in (?, ?) 
        and oe1_0.retry_count<?
2026-09-15T23:37:19.945+02:00 DEBUG 13392 --- [shecancode-attendance-system] [   scheduling-1] org.hibernate.SQL                        : 
    select
        oe1_0.id,
        oe1_0.aggregate_id,
        oe1_0.created_at,
        oe1_0.event_type,
        oe1_0.payload,
        oe1_0.processed_at,
        oe1_0.retry_count,
        oe1_0.status,
        oe1_0.updated_at 
    from
        attendance_outbox oe1_0 
    where
        oe1_0.status in (?, ?) 
        and oe1_0.retry_count<?
Hibernate: 
    select
        oe1_0.id,
        oe1_0.aggregate_id,
        oe1_0.created_at,
        oe1_0.event_type,
        oe1_0.payload,
        oe1_0.processed_at,
        oe1_0.retry_count,
        oe1_0.status,
        oe1_0.updated_at 
    from
        attendance_outbox oe1_0 
    where
        oe1_0.status in (?, ?) 
        and oe1_0.retry_count<?
2026-09-15T23:37:24.959+02:00 DEBUG 13392 --- [shecancode-attendance-system] [   scheduling-1] org.hibernate.SQL                        : 
    select
        oe1_0.id,
        oe1_0.aggregate_id,
        oe1_0.created_at,
        oe1_0.event_type,
        oe1_0.payload,
        oe1_0.processed_at,
        oe1_0.retry_count,
        oe1_0.status,
        oe1_0.updated_at 
    from
        attendance_outbox oe1_0 
    where
        oe1_0.status in (?, ?) 
        and oe1_0.retry_count<?
Hibernate: 
    select
        oe1_0.id,
        oe1_0.aggregate_id,
        oe1_0.created_at,
        oe1_0.event_type,
        oe1_0.payload,
        oe1_0.processed_at,
        oe1_0.retry_count,
        oe1_0.status,
        oe1_0.updated_at 
    from
        attendance_outbox oe1_0 
    where
        oe1_0.status in (?, ?) 
        and oe1_0.retry_count<?
2026-09-15T23:37:29.979+02:00 DEBUG 13392 --- [shecancode-attendance-system] [   scheduling-1] org.hibernate.SQL                        : 
    select
        oe1_0.id,
        oe1_0.aggregate_id,
        oe1_0.created_at,
        oe1_0.event_type,
        oe1_0.payload,
        oe1_0.processed_at,
        oe1_0.retry_count,
        oe1_0.status,
        oe1_0.updated_at 
    from
        attendance_outbox oe1_0 
    where
        oe1_0.status in (?, ?) 
        and oe1_0.retry_count<?
Hibernate: 
    select
        oe1_0.id,
        oe1_0.aggregate_id,
        oe1_0.created_at,
        oe1_0.event_type,
        oe1_0.payload,
        oe1_0.processed_at,
        oe1_0.retry_count,
        oe1_0.status,
        oe1_0.updated_at 
    from
        attendance_outbox oe1_0 
    where
        oe1_0.status in (?, ?) 
        and oe1_0.retry_count<?
2026-09-15T23:37:35.005+02:00 DEBUG 13392 --- [shecancode-attendance-system] [   scheduling-1] org.hibernate.SQL                        : 
    select
        oe1_0.id,
        oe1_0.aggregate_id,
        oe1_0.created_at,
        oe1_0.event_type,
        oe1_0.payload,
        oe1_0.processed_at,
        oe1_0.retry_count,
        oe1_0.status,
        oe1_0.updated_at 
    from
        attendance_outbox oe1_0 
    where
        oe1_0.status in (?, ?) 
        and oe1_0.retry_count<?
Hibernate: 
    select
        oe1_0.id,
        oe1_0.aggregate_id,
        oe1_0.created_at,
        oe1_0.event_type,
        oe1_0.payload,
        oe1_0.processed_at,
        oe1_0.retry_count,
        oe1_0.status,
        oe1_0.updated_at 
    from
        attendance_outbox oe1_0 
    where
        oe1_0.status in (?, ?) 
        and oe1_0.retry_count<?
2026-09-15T23:37:40.019+02:00 DEBUG 13392 --- [shecancode-attendance-system] [   scheduling-1] org.hibernate.SQL                        : 
    select
        oe1_0.id,
        oe1_0.aggregate_id,
        oe1_0.created_at,
        oe1_0.event_type,
        oe1_0.payload,
        oe1_0.processed_at,
        oe1_0.retry_count,
        oe1_0.status,
        oe1_0.updated_at 
    from
        attendance_outbox oe1_0 
    where
        oe1_0.status in (?, ?) 
        and oe1_0.retry_count<?
Hibernate: 
    select
        oe1_0.id,
        oe1_0.aggregate_id,
        oe1_0.created_at,
        oe1_0.event_type,
        oe1_0.payload,
        oe1_0.processed_at,
        oe1_0.retry_count,
        oe1_0.status,
        oe1_0.updated_at 
    from
        attendance_outbox oe1_0 
    where
        oe1_0.status in (?, ?) 
        and oe1_0.retry_count<?
2026-09-15T23:37:45.041+02:00 DEBUG 13392 --- [shecancode-attendance-system] [   scheduling-1] org.hibernate.SQL                        : 
    select
        oe1_0.id,
        oe1_0.aggregate_id,
        oe1_0.created_at,
        oe1_0.event_type,
        oe1_0.payload,
        oe1_0.processed_at,
        oe1_0.retry_count,
        oe1_0.status,
        oe1_0.updated_at 
    from
        attendance_outbox oe1_0 
    where
        oe1_0.status in (?, ?) 
        and oe1_0.retry_count<?
Hibernate: 
    select
        oe1_0.id,
        oe1_0.aggregate_id,
        oe1_0.created_at,
        oe1_0.event_type,
        oe1_0.payload,
        oe1_0.processed_at,
        oe1_0.retry_count,
        oe1_0.status,
        oe1_0.updated_at 
    from
        attendance_outbox oe1_0 
    where
        oe1_0.status in (?, ?) 
        and oe1_0.retry_count<?
2026-09-15T23:37:50.067+02:00 DEBUG 13392 --- [shecancode-attendance-system] [   scheduling-1] org.hibernate.SQL                        : 
    select
        oe1_0.id,
        oe1_0.aggregate_id,
        oe1_0.created_at,
        oe1_0.event_type,
        oe1_0.payload,
        oe1_0.processed_at,
        oe1_0.retry_count,
        oe1_0.status,
        oe1_0.updated_at 
    from
        attendance_outbox oe1_0 
    where
        oe1_0.status in (?, ?) 
        and oe1_0.retry_count<?
Hibernate: 
    select
        oe1_0.id,
        oe1_0.aggregate_id,
        oe1_0.created_at,
        oe1_0.event_type,
        oe1_0.payload,
        oe1_0.processed_at,
        oe1_0.retry_count,
        oe1_0.status,
        oe1_0.updated_at 
    from
        attendance_outbox oe1_0 
    where
        oe1_0.status in (?, ?) 
        and oe1_0.retry_count<?
2026-09-15T23:37:55.086+02:00 DEBUG 13392 --- [shecancode-attendance-system] [   scheduling-1] org.hibernate.SQL                        : 
    select
        oe1_0.id,
        oe1_0.aggregate_id,
        oe1_0.created_at,
        oe1_0.event_type,
        oe1_0.payload,
        oe1_0.processed_at,
        oe1_0.retry_count,
        oe1_0.status,
        oe1_0.updated_at 
    from
        attendance_outbox oe1_0 
    where
        oe1_0.status in (?, ?) 
        and oe1_0.retry_count<?
Hibernate: 
    select
        oe1_0.id,
        oe1_0.aggregate_id,
        oe1_0.created_at,
        oe1_0.event_type,
        oe1_0.payload,
        oe1_0.processed_at,
        oe1_0.retry_count,
        oe1_0.status,
        oe1_0.updated_at 
    from
        attendance_outbox oe1_0 
    where
        oe1_0.status in (?, ?) 
        and oe1_0.retry_count<?
2026-09-15T23:38:00.110+02:00 DEBUG 13392 --- [shecancode-attendance-system] [   scheduling-1] org.hibernate.SQL                        : 
    select
        oe1_0.id,
        oe1_0.aggregate_id,
        oe1_0.created_at,
        oe1_0.event_type,
        oe1_0.payload,
        oe1_0.processed_at,
        oe1_0.retry_count,
        oe1_0.status,
        oe1_0.updated_at 
    from
        attendance_outbox oe1_0 
    where
        oe1_0.status in (?, ?) 
        and oe1_0.retry_count<?
Hibernate: 
    select
        oe1_0.id,
        oe1_0.aggregate_id,
        oe1_0.created_at,
        oe1_0.event_type,
        oe1_0.payload,
        oe1_0.processed_at,
        oe1_0.retry_count,
        oe1_0.status,
        oe1_0.updated_at 
    from
        attendance_outbox oe1_0 
    where
        oe1_0.status in (?, ?) 
        and oe1_0.retry_count<?
2026-09-15T23:38:05.141+02:00 DEBUG 13392 --- [shecancode-attendance-system] [   scheduling-1] org.hibernate.SQL                        : 
    select
        oe1_0.id,
        oe1_0.aggregate_id,
        oe1_0.created_at,
        oe1_0.event_type,
        oe1_0.payload,
        oe1_0.processed_at,
        oe1_0.retry_count,
        oe1_0.status,
        oe1_0.updated_at 
    from
        attendance_outbox oe1_0 
    where
        oe1_0.status in (?, ?) 
        and oe1_0.retry_count<?
Hibernate: 
    select
        oe1_0.id,
        oe1_0.aggregate_id,
        oe1_0.created_at,
        oe1_0.event_type,
        oe1_0.payload,
        oe1_0.processed_at,
        oe1_0.retry_count,
        oe1_0.status,
        oe1_0.updated_at 
    from
        attendance_outbox oe1_0 
    where
        oe1_0.status in (?, ?) 
        and oe1_0.retry_count<?
2026-09-15T23:38:10.160+02:00 DEBUG 13392 --- [shecancode-attendance-system] [   scheduling-1] org.hibernate.SQL                        : 
    select
        oe1_0.id,
        oe1_0.aggregate_id,
        oe1_0.created_at,
        oe1_0.event_type,
        oe1_0.payload,
        oe1_0.processed_at,
        oe1_0.retry_count,
        oe1_0.status,
        oe1_0.updated_at 
    from
        attendance_outbox oe1_0 
    where
        oe1_0.status in (?, ?) 
        and oe1_0.retry_count<?
Hibernate: 
    select
        oe1_0.id,
        oe1_0.aggregate_id,
        oe1_0.created_at,
        oe1_0.event_type,
        oe1_0.payload,
        oe1_0.processed_at,
        oe1_0.retry_count,
        oe1_0.status,
        oe1_0.updated_at 
    from
        attendance_outbox oe1_0 
    where
        oe1_0.status in (?, ?) 
        and oe1_0.retry_count<?
2026-09-15T23:38:15.182+02:00 DEBUG 13392 --- [shecancode-attendance-system] [   scheduling-1] org.hibernate.SQL                        : 
    select
        oe1_0.id,
        oe1_0.aggregate_id,
        oe1_0.created_at,
        oe1_0.event_type,
        oe1_0.payload,
        oe1_0.processed_at,
        oe1_0.retry_count,
        oe1_0.status,
        oe1_0.updated_at 
    from
        attendance_outbox oe1_0 
    where
        oe1_0.status in (?, ?) 
        and oe1_0.retry_count<?
Hibernate: 
    select
        oe1_0.id,
        oe1_0.aggregate_id,
        oe1_0.created_at,
        oe1_0.event_type,
        oe1_0.payload,
        oe1_0.processed_at,
        oe1_0.retry_count,
        oe1_0.status,
        oe1_0.updated_at 
    from
        attendance_outbox oe1_0 
    where
        oe1_0.status in (?, ?) 
        and oe1_0.retry_count<?
2026-09-15T23:38:20.205+02:00 DEBUG 13392 --- [shecancode-attendance-system] [   scheduling-1] org.hibernate.SQL                        : 
    select
        oe1_0.id,
        oe1_0.aggregate_id,
        oe1_0.created_at,
        oe1_0.event_type,
        oe1_0.payload,
        oe1_0.processed_at,
        oe1_0.retry_count,
        oe1_0.status,
        oe1_0.updated_at 
    from
        attendance_outbox oe1_0 
    where
        oe1_0.status in (?, ?) 
        and oe1_0.retry_count<?
Hibernate: 
    select
        oe1_0.id,
        oe1_0.aggregate_id,
        oe1_0.created_at,
        oe1_0.event_type,
        oe1_0.payload,
        oe1_0.processed_at,
        oe1_0.retry_count,
        oe1_0.status,
        oe1_0.updated_at 
    from
        attendance_outbox oe1_0 
    where
        oe1_0.status in (?, ?) 
        and oe1_0.retry_count<?
2026-09-15T23:38:25.227+02:00 DEBUG 13392 --- [shecancode-attendance-system] [   scheduling-1] org.hibernate.SQL                        : 
    select
        oe1_0.id,
        oe1_0.aggregate_id,
        oe1_0.created_at,
        oe1_0.event_type,
        oe1_0.payload,
        oe1_0.processed_at,
        oe1_0.retry_count,
        oe1_0.status,
        oe1_0.updated_at 
    from
        attendance_outbox oe1_0 
    where
        oe1_0.status in (?, ?) 
        and oe1_0.retry_count<?
Hibernate: 
    select
        oe1_0.id,
        oe1_0.aggregate_id,
        oe1_0.created_at,
        oe1_0.event_type,
        oe1_0.payload,
        oe1_0.processed_at,
        oe1_0.retry_count,
        oe1_0.status,
        oe1_0.updated_at 
    from
        attendance_outbox oe1_0 
    where
        oe1_0.status in (?, ?) 
        and oe1_0.retry_count<?
2026-09-15T23:38:30.254+02:00 DEBUG 13392 --- [shecancode-attendance-system] [   scheduling-1] org.hibernate.SQL                        : 
    select
        oe1_0.id,
        oe1_0.aggregate_id,
        oe1_0.created_at,
        oe1_0.event_type,
        oe1_0.payload,
        oe1_0.processed_at,
        oe1_0.retry_count,
        oe1_0.status,
        oe1_0.updated_at 
    from
        attendance_outbox oe1_0 
    where
        oe1_0.status in (?, ?) 
        and oe1_0.retry_count<?
Hibernate: 
    select
        oe1_0.id,
        oe1_0.aggregate_id,
        oe1_0.created_at,
        oe1_0.event_type,
        oe1_0.payload,
        oe1_0.processed_at,
        oe1_0.retry_count,
        oe1_0.status,
        oe1_0.updated_at 
    from
        attendance_outbox oe1_0 
    where
        oe1_0.status in (?, ?) 
        and oe1_0.retry_count<?
2026-09-15T23:38:31.282+02:00 DEBUG 13392 --- [shecancode-attendance-system] [nio-8081-exec-9] org.hibernate.SQL                        : 
    select
        au1_0.user_id,
        au1_0.account_status,
        au1_0.enabled,
        au1_0.full_name,
        au1_0.password,
        au1_0.role,
        au1_0.username 
    from
        app_user au1_0 
    where
        au1_0.username=?
Hibernate: 
    select
        au1_0.user_id,
        au1_0.account_status,
        au1_0.enabled,
        au1_0.full_name,
        au1_0.password,
        au1_0.role,
        au1_0.username 
    from
        app_user au1_0 
    where
        au1_0.username=?
2026-09-15T23:38:31.534+02:00 DEBUG 13392 --- [shecancode-attendance-system] [nio-8081-exec-9] org.hibernate.SQL                        : 
    select
        au1_0.user_id,
        au1_0.account_status,
        au1_0.enabled,
        au1_0.full_name,
        au1_0.password,
        au1_0.role,
        au1_0.username 
    from
        app_user au1_0 
    where
        au1_0.username=?
Hibernate: 
    select
        au1_0.user_id,
        au1_0.account_status,
        au1_0.enabled,
        au1_0.full_name,
        au1_0.password,
        au1_0.role,
        au1_0.username 
    from
        app_user au1_0 
    where
        au1_0.username=?
2026-09-15T23:38:31.540+02:00  INFO 13392 --- [shecancode-attendance-system] [nio-8081-exec-9] c.s.attendence.auth.service.AuthService  : User [admin] logged in successfully
2026-09-15T23:38:31.549+02:00 DEBUG 13392 --- [shecancode-attendance-system] [nio-8081-exec-9] org.hibernate.SQL                        : 
    insert 
    into
        refresh_token
        (created_at, expires_at, revoked_at, token, user_id, id) 
    values
        (?, ?, ?, ?, ?, ?)
Hibernate: 
    insert 
    into
        refresh_token
        (created_at, expires_at, revoked_at, token, user_id, id) 
    values
        (?, ?, ?, ?, ?, ?)
2026-09-15T23:38:35.268+02:00 DEBUG 13392 --- [shecancode-attendance-system] [   scheduling-1] org.hibernate.SQL                        : 
    select
        oe1_0.id,
        oe1_0.aggregate_id,
        oe1_0.created_at,
        oe1_0.event_type,
        oe1_0.payload,
        oe1_0.processed_at,
        oe1_0.retry_count,
        oe1_0.status,
        oe1_0.updated_at 
    from
        attendance_outbox oe1_0 
    where
        oe1_0.status in (?, ?) 
        and oe1_0.retry_count<?
Hibernate: 
    select
        oe1_0.id,
        oe1_0.aggregate_id,
        oe1_0.created_at,
        oe1_0.event_type,
        oe1_0.payload,
        oe1_0.processed_at,
        oe1_0.retry_count,
        oe1_0.status,
        oe1_0.updated_at 
    from
        attendance_outbox oe1_0 
    where
        oe1_0.status in (?, ?) 
        and oe1_0.retry_count<?
2026-09-15T23:38:40.291+02:00 DEBUG 13392 --- [shecancode-attendance-system] [   scheduling-1] org.hibernate.SQL                        : 
    select
        oe1_0.id,
        oe1_0.aggregate_id,
        oe1_0.created_at,
        oe1_0.event_type,
        oe1_0.payload,
        oe1_0.processed_at,
        oe1_0.retry_count,
        oe1_0.status,
        oe1_0.updated_at 
    from
        attendance_outbox oe1_0 
    where
        oe1_0.status in (?, ?) 
        and oe1_0.retry_count<?
Hibernate: 
    select
        oe1_0.id,
        oe1_0.aggregate_id,
        oe1_0.created_at,
        oe1_0.event_type,
        oe1_0.payload,
        oe1_0.processed_at,
        oe1_0.retry_count,
        oe1_0.status,
        oe1_0.updated_at 
    from
        attendance_outbox oe1_0 
    where
        oe1_0.status in (?, ?) 
        and oe1_0.retry_count<?
2026-09-15T23:38:45.313+02:00 DEBUG 13392 --- [shecancode-attendance-system] [   scheduling-1] org.hibernate.SQL                        : 
    select
        oe1_0.id,
        oe1_0.aggregate_id,
        oe1_0.created_at,
        oe1_0.event_type,
        oe1_0.payload,
        oe1_0.processed_at,
        oe1_0.retry_count,
        oe1_0.status,
        oe1_0.updated_at 
    from
        attendance_outbox oe1_0 
    where
        oe1_0.status in (?, ?) 
        and oe1_0.retry_count<?
Hibernate: 
    select
        oe1_0.id,
        oe1_0.aggregate_id,
        oe1_0.created_at,
        oe1_0.event_type,
        oe1_0.payload,
        oe1_0.processed_at,
        oe1_0.retry_count,
        oe1_0.status,
        oe1_0.updated_at 
    from
        attendance_outbox oe1_0 
    where
        oe1_0.status in (?, ?) 
        and oe1_0.retry_count<?
2026-09-15T23:38:50.341+02:00 DEBUG 13392 --- [shecancode-attendance-system] [   scheduling-1] org.hibernate.SQL                        : 
    select
        oe1_0.id,
        oe1_0.aggregate_id,
        oe1_0.created_at,
        oe1_0.event_type,
        oe1_0.payload,
        oe1_0.processed_at,
        oe1_0.retry_count,
        oe1_0.status,
        oe1_0.updated_at 
    from
        attendance_outbox oe1_0 
    where
        oe1_0.status in (?, ?) 
        and oe1_0.retry_count<?
Hibernate: 
    select
        oe1_0.id,
        oe1_0.aggregate_id,
        oe1_0.created_at,
        oe1_0.event_type,
        oe1_0.payload,
        oe1_0.processed_at,
        oe1_0.retry_count,
        oe1_0.status,
        oe1_0.updated_at 
    from
        attendance_outbox oe1_0 
    where
        oe1_0.status in (?, ?) 
        and oe1_0.retry_count<?
2026-09-15T23:38:55.359+02:00 DEBUG 13392 --- [shecancode-attendance-system] [   scheduling-1] org.hibernate.SQL                        : 
    select
        oe1_0.id,
        oe1_0.aggregate_id,
        oe1_0.created_at,
        oe1_0.event_type,
        oe1_0.payload,
        oe1_0.processed_at,
        oe1_0.retry_count,
        oe1_0.status,
        oe1_0.updated_at 
    from
        attendance_outbox oe1_0 
    where
        oe1_0.status in (?, ?) 
        and oe1_0.retry_count<?
Hibernate: 
    select
        oe1_0.id,
        oe1_0.aggregate_id,
        oe1_0.created_at,
        oe1_0.event_type,
        oe1_0.payload,
        oe1_0.processed_at,
        oe1_0.retry_count,
        oe1_0.status,
        oe1_0.updated_at 
    from
        attendance_outbox oe1_0 
    where
        oe1_0.status in (?, ?) 
        and oe1_0.retry_count<?
2026-09-15T23:39:00.380+02:00 DEBUG 13392 --- [shecancode-attendance-system] [   scheduling-1] org.hibernate.SQL                        : 
    select
        oe1_0.id,
        oe1_0.aggregate_id,
        oe1_0.created_at,
        oe1_0.event_type,
        oe1_0.payload,
        oe1_0.processed_at,
        oe1_0.retry_count,
        oe1_0.status,
        oe1_0.updated_at 
    from
        attendance_outbox oe1_0 
    where
        oe1_0.status in (?, ?) 
        and oe1_0.retry_count<?
Hibernate: 
    select
        oe1_0.id,
        oe1_0.aggregate_id,
        oe1_0.created_at,
        oe1_0.event_type,
        oe1_0.payload,
        oe1_0.processed_at,
        oe1_0.retry_count,
        oe1_0.status,
        oe1_0.updated_at 
    from
        attendance_outbox oe1_0 
    where
        oe1_0.status in (?, ?) 
        and oe1_0.retry_count<?
2026-09-15T23:39:05.403+02:00 DEBUG 13392 --- [shecancode-attendance-system] [   scheduling-1] org.hibernate.SQL                        : 
    select
        oe1_0.id,
        oe1_0.aggregate_id,
        oe1_0.created_at,
        oe1_0.event_type,
        oe1_0.payload,
        oe1_0.processed_at,
        oe1_0.retry_count,
        oe1_0.status,
        oe1_0.updated_at 
    from
        attendance_outbox oe1_0 
    where
        oe1_0.status in (?, ?) 
        and oe1_0.retry_count<?
Hibernate: 
    select
        oe1_0.id,
        oe1_0.aggregate_id,
        oe1_0.created_at,
        oe1_0.event_type,
        oe1_0.payload,
        oe1_0.processed_at,
        oe1_0.retry_count,
        oe1_0.status,
        oe1_0.updated_at 
    from
        attendance_outbox oe1_0 
    where
        oe1_0.status in (?, ?) 
        and oe1_0.retry_count<?
2026-09-15T23:39:10.418+02:00 DEBUG 13392 --- [shecancode-attendance-system] [   scheduling-1] org.hibernate.SQL                        : 
    select
        oe1_0.id,
        oe1_0.aggregate_id,
        oe1_0.created_at,
        oe1_0.event_type,
        oe1_0.payload,
        oe1_0.processed_at,
        oe1_0.retry_count,
        oe1_0.status,
        oe1_0.updated_at 
    from
        attendance_outbox oe1_0 
    where
        oe1_0.status in (?, ?) 
        and oe1_0.retry_count<?
Hibernate: 
    select
        oe1_0.id,
        oe1_0.aggregate_id,
        oe1_0.created_at,
        oe1_0.event_type,
        oe1_0.payload,
        oe1_0.processed_at,
        oe1_0.retry_count,
        oe1_0.status,
        oe1_0.updated_at 
    from
        attendance_outbox oe1_0 
    where
        oe1_0.status in (?, ?) 
        and oe1_0.retry_count<?
2026-09-15T23:39:15.451+02:00 DEBUG 13392 --- [shecancode-attendance-system] [   scheduling-1] org.hibernate.SQL                        : 
    select
        oe1_0.id,
        oe1_0.aggregate_id,
        oe1_0.created_at,
        oe1_0.event_type,
        oe1_0.payload,
        oe1_0.processed_at,
        oe1_0.retry_count,
        oe1_0.status,
        oe1_0.updated_at 
    from
        attendance_outbox oe1_0 
    where
        oe1_0.status in (?, ?) 
        and oe1_0.retry_count<?
Hibernate: 
    select
        oe1_0.id,
        oe1_0.aggregate_id,
        oe1_0.created_at,
        oe1_0.event_type,
        oe1_0.payload,
        oe1_0.processed_at,
        oe1_0.retry_count,
        oe1_0.status,
        oe1_0.updated_at 
    from
        attendance_outbox oe1_0 
    where
        oe1_0.status in (?, ?) 
        and oe1_0.retry_count<?
2026-09-15T23:39:20.468+02:00 DEBUG 13392 --- [shecancode-attendance-system] [   scheduling-1] org.hibernate.SQL                        : 
    select
        oe1_0.id,
        oe1_0.aggregate_id,
        oe1_0.created_at,
        oe1_0.event_type,
        oe1_0.payload,
        oe1_0.processed_at,
        oe1_0.retry_count,
        oe1_0.status,
        oe1_0.updated_at 
    from
        attendance_outbox oe1_0 
    where
        oe1_0.status in (?, ?) 
        and oe1_0.retry_count<?
Hibernate: 
    select
        oe1_0.id,
        oe1_0.aggregate_id,
        oe1_0.created_at,
        oe1_0.event_type,
        oe1_0.payload,
        oe1_0.processed_at,
        oe1_0.retry_count,
        oe1_0.status,
        oe1_0.updated_at 
    from
        attendance_outbox oe1_0 
    where
        oe1_0.status in (?, ?) 
        and oe1_0.retry_count<?
2026-09-15T23:39:25.486+02:00 DEBUG 13392 --- [shecancode-attendance-system] [   scheduling-1] org.hibernate.SQL                        : 
    select
        oe1_0.id,
        oe1_0.aggregate_id,
        oe1_0.created_at,
        oe1_0.event_type,
        oe1_0.payload,
        oe1_0.processed_at,
        oe1_0.retry_count,
        oe1_0.status,
        oe1_0.updated_at 
    from
        attendance_outbox oe1_0 
    where
        oe1_0.status in (?, ?) 
        and oe1_0.retry_count<?
Hibernate: 
    select
        oe1_0.id,
        oe1_0.aggregate_id,
        oe1_0.created_at,
        oe1_0.event_type,
        oe1_0.payload,
        oe1_0.processed_at,
        oe1_0.retry_count,
        oe1_0.status,
        oe1_0.updated_at 
    from
        attendance_outbox oe1_0 
    where
        oe1_0.status in (?, ?) 
        and oe1_0.retry_count<?
2026-09-15T23:39:30.507+02:00 DEBUG 13392 --- [shecancode-attendance-system] [   scheduling-1] org.hibernate.SQL                        : 
    select
        oe1_0.id,
        oe1_0.aggregate_id,
        oe1_0.created_at,
        oe1_0.event_type,
        oe1_0.payload,
        oe1_0.processed_at,
        oe1_0.retry_count,
        oe1_0.status,
        oe1_0.updated_at 
    from
        attendance_outbox oe1_0 
    where
        oe1_0.status in (?, ?) 
        and oe1_0.retry_count<?
Hibernate: 
    select
        oe1_0.id,
        oe1_0.aggregate_id,
        oe1_0.created_at,
        oe1_0.event_type,
        oe1_0.payload,
        oe1_0.processed_at,
        oe1_0.retry_count,
        oe1_0.status,
        oe1_0.updated_at 
    from
        attendance_outbox oe1_0 
    where
        oe1_0.status in (?, ?) 
        and oe1_0.retry_count<?
2026-09-15T23:39:35.532+02:00 DEBUG 13392 --- [shecancode-attendance-system] [   scheduling-1] org.hibernate.SQL                        : 
    select
        oe1_0.id,
        oe1_0.aggregate_id,
        oe1_0.created_at,
        oe1_0.event_type,
        oe1_0.payload,
        oe1_0.processed_at,
        oe1_0.retry_count,
        oe1_0.status,
        oe1_0.updated_at 
    from
        attendance_outbox oe1_0 
    where
        oe1_0.status in (?, ?) 
        and oe1_0.retry_count<?
Hibernate: 
    select
        oe1_0.id,
        oe1_0.aggregate_id,
        oe1_0.created_at,
        oe1_0.event_type,
        oe1_0.payload,
        oe1_0.processed_at,
        oe1_0.retry_count,
        oe1_0.status,
        oe1_0.updated_at 
    from
        attendance_outbox oe1_0 
    where
        oe1_0.status in (?, ?) 
        and oe1_0.retry_count<?
2026-09-15T23:39:40.559+02:00 DEBUG 13392 --- [shecancode-attendance-system] [   scheduling-1] org.hibernate.SQL                        : 
    select
        oe1_0.id,
        oe1_0.aggregate_id,
        oe1_0.created_at,
        oe1_0.event_type,
        oe1_0.payload,
        oe1_0.processed_at,
        oe1_0.retry_count,
        oe1_0.status,
        oe1_0.updated_at 
    from
        attendance_outbox oe1_0 
    where
        oe1_0.status in (?, ?) 
        and oe1_0.retry_count<?
Hibernate: 
    select
        oe1_0.id,
        oe1_0.aggregate_id,
        oe1_0.created_at,
        oe1_0.event_type,
        oe1_0.payload,
        oe1_0.processed_at,
        oe1_0.retry_count,
        oe1_0.status,
        oe1_0.updated_at 
    from
        attendance_outbox oe1_0 
    where
        oe1_0.status in (?, ?) 
        and oe1_0.retry_count<?
2026-09-15T23:39:45.614+02:00 DEBUG 13392 --- [shecancode-attendance-system] [   scheduling-1] org.hibernate.SQL                        : 
    select
        oe1_0.id,
        oe1_0.aggregate_id,
        oe1_0.created_at,
        oe1_0.event_type,
        oe1_0.payload,
        oe1_0.processed_at,
        oe1_0.retry_count,
        oe1_0.status,
        oe1_0.updated_at 
    from
        attendance_outbox oe1_0 
    where
        oe1_0.status in (?, ?) 
        and oe1_0.retry_count<?
Hibernate: 
    select
        oe1_0.id,
        oe1_0.aggregate_id,
        oe1_0.created_at,
        oe1_0.event_type,
        oe1_0.payload,
        oe1_0.processed_at,
        oe1_0.retry_count,
        oe1_0.status,
        oe1_0.updated_at 
    from
        attendance_outbox oe1_0 
    where
        oe1_0.status in (?, ?) 
        and oe1_0.retry_count<?
2026-09-15T23:39:50.638+02:00 DEBUG 13392 --- [shecancode-attendance-system] [   scheduling-1] org.hibernate.SQL                        : 
    select
        oe1_0.id,
        oe1_0.aggregate_id,
        oe1_0.created_at,
        oe1_0.event_type,
        oe1_0.payload,
        oe1_0.processed_at,
        oe1_0.retry_count,
        oe1_0.status,
        oe1_0.updated_at 
    from
        attendance_outbox oe1_0 
    where
        oe1_0.status in (?, ?) 
        and oe1_0.retry_count<?
Hibernate: 
    select
        oe1_0.id,
        oe1_0.aggregate_id,
        oe1_0.created_at,
        oe1_0.event_type,
        oe1_0.payload,
        oe1_0.processed_at,
        oe1_0.retry_count,
        oe1_0.status,
        oe1_0.updated_at 
    from
        attendance_outbox oe1_0 
    where
        oe1_0.status in (?, ?) 
        and oe1_0.retry_count<?
2026-09-15T23:39:55.659+02:00 DEBUG 13392 --- [shecancode-attendance-system] [   scheduling-1] org.hibernate.SQL                        : 
    select
        oe1_0.id,
        oe1_0.aggregate_id,
        oe1_0.created_at,
        oe1_0.event_type,
        oe1_0.payload,
        oe1_0.processed_at,
        oe1_0.retry_count,
        oe1_0.status,
        oe1_0.updated_at 
    from
        attendance_outbox oe1_0 
    where
        oe1_0.status in (?, ?) 
        and oe1_0.retry_count<?
Hibernate: 
    select
        oe1_0.id,
        oe1_0.aggregate_id,
        oe1_0.created_at,
        oe1_0.event_type,
        oe1_0.payload,
        oe1_0.processed_at,
        oe1_0.retry_count,
        oe1_0.status,
        oe1_0.updated_at 
    from
        attendance_outbox oe1_0 
    where
        oe1_0.status in (?, ?) 
        and oe1_0.retry_count<?
2026-09-15T23:40:00.687+02:00 DEBUG 13392 --- [shecancode-attendance-system] [   scheduling-1] org.hibernate.SQL                        : 
    select
        oe1_0.id,
        oe1_0.aggregate_id,
        oe1_0.created_at,
        oe1_0.event_type,
        oe1_0.payload,
        oe1_0.processed_at,
        oe1_0.retry_count,
        oe1_0.status,
        oe1_0.updated_at 
    from
        attendance_outbox oe1_0 
    where
        oe1_0.status in (?, ?) 
        and oe1_0.retry_count<?
Hibernate: 
    select
        oe1_0.id,
        oe1_0.aggregate_id,
        oe1_0.created_at,
        oe1_0.event_type,
        oe1_0.payload,
        oe1_0.processed_at,
        oe1_0.retry_count,
        oe1_0.status,
        oe1_0.updated_at 
    from
        attendance_outbox oe1_0 
    where
        oe1_0.status in (?, ?) 
        and oe1_0.retry_count<?
2026-09-15T23:40:05.708+02:00 DEBUG 13392 --- [shecancode-attendance-system] [   scheduling-1] org.hibernate.SQL                        : 
    select
        oe1_0.id,
        oe1_0.aggregate_id,
        oe1_0.created_at,
        oe1_0.event_type,
        oe1_0.payload,
        oe1_0.processed_at,
        oe1_0.retry_count,
        oe1_0.status,
        oe1_0.updated_at 
    from
        attendance_outbox oe1_0 
    where
        oe1_0.status in (?, ?) 
        and oe1_0.retry_count<?
Hibernate: 
    select
        oe1_0.id,
        oe1_0.aggregate_id,
        oe1_0.created_at,
        oe1_0.event_type,
        oe1_0.payload,
        oe1_0.processed_at,
        oe1_0.retry_count,
        oe1_0.status,
        oe1_0.updated_at 
    from
        attendance_outbox oe1_0 
    where
        oe1_0.status in (?, ?) 
        and oe1_0.retry_count<?
2026-09-15T23:40:10.729+02:00 DEBUG 13392 --- [shecancode-attendance-system] [   scheduling-1] org.hibernate.SQL                        : 
    select
        oe1_0.id,
        oe1_0.aggregate_id,
        oe1_0.created_at,
        oe1_0.event_type,
        oe1_0.payload,
        oe1_0.processed_at,
        oe1_0.retry_count,
        oe1_0.status,
        oe1_0.updated_at 
    from
        attendance_outbox oe1_0 
    where
        oe1_0.status in (?, ?) 
        and oe1_0.retry_count<?
Hibernate: 
    select
        oe1_0.id,
        oe1_0.aggregate_id,
        oe1_0.created_at,
        oe1_0.event_type,
        oe1_0.payload,
        oe1_0.processed_at,
        oe1_0.retry_count,
        oe1_0.status,
        oe1_0.updated_at 
    from
        attendance_outbox oe1_0 
    where
        oe1_0.status in (?, ?) 
        and oe1_0.retry_count<?
2026-09-15T23:40:15.756+02:00 DEBUG 13392 --- [shecancode-attendance-system] [   scheduling-1] org.hibernate.SQL                        : 
    select
        oe1_0.id,
        oe1_0.aggregate_id,
        oe1_0.created_at,
        oe1_0.event_type,
        oe1_0.payload,
        oe1_0.processed_at,
        oe1_0.retry_count,
        oe1_0.status,
        oe1_0.updated_at 
    from
        attendance_outbox oe1_0 
    where
        oe1_0.status in (?, ?) 
        and oe1_0.retry_count<?
Hibernate: 
    select
        oe1_0.id,
        oe1_0.aggregate_id,
        oe1_0.created_at,
        oe1_0.event_type,
        oe1_0.payload,
        oe1_0.processed_at,
        oe1_0.retry_count,
        oe1_0.status,
        oe1_0.updated_at 
    from
        attendance_outbox oe1_0 
    where
        oe1_0.status in (?, ?) 
        and oe1_0.retry_count<?
2026-09-15T23:40:20.772+02:00 DEBUG 13392 --- [shecancode-attendance-system] [   scheduling-1] org.hibernate.SQL                        : 
    select
        oe1_0.id,
        oe1_0.aggregate_id,
        oe1_0.created_at,
        oe1_0.event_type,
        oe1_0.payload,
        oe1_0.processed_at,
        oe1_0.retry_count,
        oe1_0.status,
        oe1_0.updated_at 
    from
        attendance_outbox oe1_0 
    where
        oe1_0.status in (?, ?) 
        and oe1_0.retry_count<?
Hibernate: 
    select
        oe1_0.id,
        oe1_0.aggregate_id,
        oe1_0.created_at,
        oe1_0.event_type,
        oe1_0.payload,
        oe1_0.processed_at,
        oe1_0.retry_count,
        oe1_0.status,
        oe1_0.updated_at 
    from
        attendance_outbox oe1_0 
    where
        oe1_0.status in (?, ?) 
        and oe1_0.retry_count<?
2026-09-15T23:40:25.791+02:00 DEBUG 13392 --- [shecancode-attendance-system] [   scheduling-1] org.hibernate.SQL                        : 
    select
        oe1_0.id,
        oe1_0.aggregate_id,
        oe1_0.created_at,
        oe1_0.event_type,
        oe1_0.payload,
        oe1_0.processed_at,
        oe1_0.retry_count,
        oe1_0.status,
        oe1_0.updated_at 
    from
        attendance_outbox oe1_0 
    where
        oe1_0.status in (?, ?) 
        and oe1_0.retry_count<?
Hibernate: 
    select
        oe1_0.id,
        oe1_0.aggregate_id,
        oe1_0.created_at,
        oe1_0.event_type,
        oe1_0.payload,
        oe1_0.processed_at,
        oe1_0.retry_count,
        oe1_0.status,
        oe1_0.updated_at 
    from
        attendance_outbox oe1_0 
    where
        oe1_0.status in (?, ?) 
        and oe1_0.retry_count<?
2026-09-15T23:40:30.816+02:00 DEBUG 13392 --- [shecancode-attendance-system] [   scheduling-1] org.hibernate.SQL                        : 
    select
        oe1_0.id,
        oe1_0.aggregate_id,
        oe1_0.created_at,
        oe1_0.event_type,
        oe1_0.payload,
        oe1_0.processed_at,
        oe1_0.retry_count,
        oe1_0.status,
        oe1_0.updated_at 
    from
        attendance_outbox oe1_0 
    where
        oe1_0.status in (?, ?) 
        and oe1_0.retry_count<?
Hibernate: 
    select
        oe1_0.id,
        oe1_0.aggregate_id,
        oe1_0.created_at,
        oe1_0.event_type,
        oe1_0.payload,
        oe1_0.processed_at,
        oe1_0.retry_count,
        oe1_0.status,
        oe1_0.updated_at 
    from
        attendance_outbox oe1_0 
    where
        oe1_0.status in (?, ?) 
        and oe1_0.retry_count<?
2026-09-15T23:40:35.846+02:00 DEBUG 13392 --- [shecancode-attendance-system] [   scheduling-1] org.hibernate.SQL                        : 
    select
        oe1_0.id,
        oe1_0.aggregate_id,
        oe1_0.created_at,
        oe1_0.event_type,
        oe1_0.payload,
        oe1_0.processed_at,
        oe1_0.retry_count,
        oe1_0.status,
        oe1_0.updated_at 
    from
        attendance_outbox oe1_0 
    where
        oe1_0.status in (?, ?) 
        and oe1_0.retry_count<?
Hibernate: 
    select
        oe1_0.id,
        oe1_0.aggregate_id,
        oe1_0.created_at,
        oe1_0.event_type,
        oe1_0.payload,
        oe1_0.processed_at,
        oe1_0.retry_count,
        oe1_0.status,
        oe1_0.updated_at 
    from
        attendance_outbox oe1_0 
    where
        oe1_0.status in (?, ?) 
        and oe1_0.retry_count<?
2026-09-15T23:40:40.866+02:00 DEBUG 13392 --- [shecancode-attendance-system] [   scheduling-1] org.hibernate.SQL                        : 
    select
        oe1_0.id,
        oe1_0.aggregate_id,
        oe1_0.created_at,
        oe1_0.event_type,
        oe1_0.payload,
        oe1_0.processed_at,
        oe1_0.retry_count,
        oe1_0.status,
        oe1_0.updated_at 
    from
        attendance_outbox oe1_0 
    where
        oe1_0.status in (?, ?) 
        and oe1_0.retry_count<?
Hibernate: 
    select
        oe1_0.id,
        oe1_0.aggregate_id,
        oe1_0.created_at,
        oe1_0.event_type,
        oe1_0.payload,
        oe1_0.processed_at,
        oe1_0.retry_count,
        oe1_0.status,
        oe1_0.updated_at 
    from
        attendance_outbox oe1_0 
    where
        oe1_0.status in (?, ?) 
        and oe1_0.retry_count<?
2026-09-15T23:40:45.889+02:00 DEBUG 13392 --- [shecancode-attendance-system] [   scheduling-1] org.hibernate.SQL                        : 
    select
        oe1_0.id,
        oe1_0.aggregate_id,
        oe1_0.created_at,
        oe1_0.event_type,
        oe1_0.payload,
        oe1_0.processed_at,
        oe1_0.retry_count,
        oe1_0.status,
        oe1_0.updated_at 
    from
        attendance_outbox oe1_0 
    where
        oe1_0.status in (?, ?) 
        and oe1_0.retry_count<?
Hibernate: 
    select
        oe1_0.id,
        oe1_0.aggregate_id,
        oe1_0.created_at,
        oe1_0.event_type,
        oe1_0.payload,
        oe1_0.processed_at,
        oe1_0.retry_count,
        oe1_0.status,
        oe1_0.updated_at 
    from
        attendance_outbox oe1_0 
    where
        oe1_0.status in (?, ?) 
        and oe1_0.retry_count<?
2026-09-15T23:40:50.921+02:00 DEBUG 13392 --- [shecancode-attendance-system] [   scheduling-1] org.hibernate.SQL                        : 
    select
        oe1_0.id,
        oe1_0.aggregate_id,
        oe1_0.created_at,
        oe1_0.event_type,
        oe1_0.payload,
        oe1_0.processed_at,
        oe1_0.retry_count,
        oe1_0.status,
        oe1_0.updated_at 
    from
        attendance_outbox oe1_0 
    where
        oe1_0.status in (?, ?) 
        and oe1_0.retry_count<?
Hibernate: 
    select
        oe1_0.id,
        oe1_0.aggregate_id,
        oe1_0.created_at,
        oe1_0.event_type,
        oe1_0.payload,
        oe1_0.processed_at,
        oe1_0.retry_count,
        oe1_0.status,
        oe1_0.updated_at 
    from
        attendance_outbox oe1_0 
    where
        oe1_0.status in (?, ?) 
        and oe1_0.retry_count<?
2026-09-15T23:40:55.946+02:00 DEBUG 13392 --- [shecancode-attendance-system] [   scheduling-1] org.hibernate.SQL                        : 
    select
        oe1_0.id,
        oe1_0.aggregate_id,
        oe1_0.created_at,
        oe1_0.event_type,
        oe1_0.payload,
        oe1_0.processed_at,
        oe1_0.retry_count,
        oe1_0.status,
        oe1_0.updated_at 
    from
        attendance_outbox oe1_0 
    where
        oe1_0.status in (?, ?) 
        and oe1_0.retry_count<?
Hibernate: 
    select
        oe1_0.id,
        oe1_0.aggregate_id,
        oe1_0.created_at,
        oe1_0.event_type,
        oe1_0.payload,
        oe1_0.processed_at,
        oe1_0.retry_count,
        oe1_0.status,
        oe1_0.updated_at 
    from
        attendance_outbox oe1_0 
    where
        oe1_0.status in (?, ?) 
        and oe1_0.retry_count<?
2026-09-15T23:41:00.972+02:00 DEBUG 13392 --- [shecancode-attendance-system] [   scheduling-1] org.hibernate.SQL                        : 
    select
        oe1_0.id,
        oe1_0.aggregate_id,
        oe1_0.created_at,
        oe1_0.event_type,
        oe1_0.payload,
        oe1_0.processed_at,
        oe1_0.retry_count,
        oe1_0.status,
        oe1_0.updated_at 
    from
        attendance_outbox oe1_0 
    where
        oe1_0.status in (?, ?) 
        and oe1_0.retry_count<?
Hibernate: 
    select
        oe1_0.id,
        oe1_0.aggregate_id,
        oe1_0.created_at,
        oe1_0.event_type,
        oe1_0.payload,
        oe1_0.processed_at,
        oe1_0.retry_count,
        oe1_0.status,
        oe1_0.updated_at 
    from
        attendance_outbox oe1_0 
    where
        oe1_0.status in (?, ?) 
        and oe1_0.retry_count<?
2026-09-15T23:41:05.996+02:00 DEBUG 13392 --- [shecancode-attendance-system] [   scheduling-1] org.hibernate.SQL                        : 
    select
        oe1_0.id,
        oe1_0.aggregate_id,
        oe1_0.created_at,
        oe1_0.event_type,
        oe1_0.payload,
        oe1_0.processed_at,
        oe1_0.retry_count,
        oe1_0.status,
        oe1_0.updated_at 
    from
        attendance_outbox oe1_0 
    where
        oe1_0.status in (?, ?) 
        and oe1_0.retry_count<?
Hibernate: 
    select
        oe1_0.id,
        oe1_0.aggregate_id,
        oe1_0.created_at,
        oe1_0.event_type,
        oe1_0.payload,
        oe1_0.processed_at,
        oe1_0.retry_count,
        oe1_0.status,
        oe1_0.updated_at 
    from
        attendance_outbox oe1_0 
    where
        oe1_0.status in (?, ?) 
        and oe1_0.retry_count<?
2026-09-15T23:41:11.015+02:00 DEBUG 13392 --- [shecancode-attendance-system] [   scheduling-1] org.hibernate.SQL                        : 
    select
        oe1_0.id,
        oe1_0.aggregate_id,
        oe1_0.created_at,
        oe1_0.event_type,
        oe1_0.payload,
        oe1_0.processed_at,
        oe1_0.retry_count,
        oe1_0.status,
        oe1_0.updated_at 
    from
        attendance_outbox oe1_0 
    where
        oe1_0.status in (?, ?) 
        and oe1_0.retry_count<?
Hibernate: 
    select
        oe1_0.id,
        oe1_0.aggregate_id,
        oe1_0.created_at,
        oe1_0.event_type,
        oe1_0.payload,
        oe1_0.processed_at,
        oe1_0.retry_count,
        oe1_0.status,
        oe1_0.updated_at 
    from
        attendance_outbox oe1_0 
    where
        oe1_0.status in (?, ?) 
        and oe1_0.retry_count<?
2026-09-15T23:41:16.035+02:00 DEBUG 13392 --- [shecancode-attendance-system] [   scheduling-1] org.hibernate.SQL                        : 
    select
        oe1_0.id,
        oe1_0.aggregate_id,
        oe1_0.created_at,
        oe1_0.event_type,
        oe1_0.payload,
        oe1_0.processed_at,
        oe1_0.retry_count,
        oe1_0.status,
        oe1_0.updated_at 
    from
        attendance_outbox oe1_0 
    where
        oe1_0.status in (?, ?) 
        and oe1_0.retry_count<?
Hibernate: 
    select
        oe1_0.id,
        oe1_0.aggregate_id,
        oe1_0.created_at,
        oe1_0.event_type,
        oe1_0.payload,
        oe1_0.processed_at,
        oe1_0.retry_count,
        oe1_0.status,
        oe1_0.updated_at 
    from
        attendance_outbox oe1_0 
    where
        oe1_0.status in (?, ?) 
        and oe1_0.retry_count<?
2026-09-15T23:41:21.064+02:00 DEBUG 13392 --- [shecancode-attendance-system] [   scheduling-1] org.hibernate.SQL                        : 
    select
        oe1_0.id,
        oe1_0.aggregate_id,
        oe1_0.created_at,
        oe1_0.event_type,
        oe1_0.payload,
        oe1_0.processed_at,
        oe1_0.retry_count,
        oe1_0.status,
        oe1_0.updated_at 
    from
        attendance_outbox oe1_0 
    where
        oe1_0.status in (?, ?) 
        and oe1_0.retry_count<?
Hibernate: 
    select
        oe1_0.id,
        oe1_0.aggregate_id,
        oe1_0.created_at,
        oe1_0.event_type,
        oe1_0.payload,
        oe1_0.processed_at,
        oe1_0.retry_count,
        oe1_0.status,
        oe1_0.updated_at 
    from
        attendance_outbox oe1_0 
    where
        oe1_0.status in (?, ?) 
        and oe1_0.retry_count<?
2026-09-15T23:41:26.089+02:00 DEBUG 13392 --- [shecancode-attendance-system] [   scheduling-1] org.hibernate.SQL                        : 
    select
        oe1_0.id,
        oe1_0.aggregate_id,
        oe1_0.created_at,
        oe1_0.event_type,
        oe1_0.payload,
        oe1_0.processed_at,
        oe1_0.retry_count,
        oe1_0.status,
        oe1_0.updated_at 
    from
        attendance_outbox oe1_0 
    where
        oe1_0.status in (?, ?) 
        and oe1_0.retry_count<?
Hibernate: 
    select
        oe1_0.id,
        oe1_0.aggregate_id,
        oe1_0.created_at,
        oe1_0.event_type,
        oe1_0.payload,
        oe1_0.processed_at,
        oe1_0.retry_count,
        oe1_0.status,
        oe1_0.updated_at 
    from
        attendance_outbox oe1_0 
    where
        oe1_0.status in (?, ?) 
        and oe1_0.retry_count<?
2026-09-15T23:41:31.106+02:00 DEBUG 13392 --- [shecancode-attendance-system] [   scheduling-1] org.hibernate.SQL                        : 
    select
        oe1_0.id,
        oe1_0.aggregate_id,
        oe1_0.created_at,
        oe1_0.event_type,
        oe1_0.payload,
        oe1_0.processed_at,
        oe1_0.retry_count,
        oe1_0.status,
        oe1_0.updated_at 
    from
        attendance_outbox oe1_0 
    where
        oe1_0.status in (?, ?) 
        and oe1_0.retry_count<?
Hibernate: 
    select
        oe1_0.id,
        oe1_0.aggregate_id,
        oe1_0.created_at,
        oe1_0.event_type,
        oe1_0.payload,
        oe1_0.processed_at,
        oe1_0.retry_count,
        oe1_0.status,
        oe1_0.updated_at 
    from
        attendance_outbox oe1_0 
    where
        oe1_0.status in (?, ?) 
        and oe1_0.retry_count<?
2026-09-15T23:41:36.129+02:00 DEBUG 13392 --- [shecancode-attendance-system] [   scheduling-1] org.hibernate.SQL                        : 
    select
        oe1_0.id,
        oe1_0.aggregate_id,
        oe1_0.created_at,
        oe1_0.event_type,
        oe1_0.payload,
        oe1_0.processed_at,
        oe1_0.retry_count,
        oe1_0.status,
        oe1_0.updated_at 
    from
        attendance_outbox oe1_0 
    where
        oe1_0.status in (?, ?) 
        and oe1_0.retry_count<?
Hibernate: 
    select
        oe1_0.id,
        oe1_0.aggregate_id,
        oe1_0.created_at,
        oe1_0.event_type,
        oe1_0.payload,
        oe1_0.processed_at,
        oe1_0.retry_count,
        oe1_0.status,
        oe1_0.updated_at 
    from
        attendance_outbox oe1_0 
    where
        oe1_0.status in (?, ?) 
        and oe1_0.retry_count<?
2026-09-15T23:41:41.159+02:00 DEBUG 13392 --- [shecancode-attendance-system] [   scheduling-1] org.hibernate.SQL                        : 
    select
        oe1_0.id,
        oe1_0.aggregate_id,
        oe1_0.created_at,
        oe1_0.event_type,
        oe1_0.payload,
        oe1_0.processed_at,
        oe1_0.retry_count,
        oe1_0.status,
        oe1_0.updated_at 
    from
        attendance_outbox oe1_0 
    where
        oe1_0.status in (?, ?) 
        and oe1_0.retry_count<?
Hibernate: 
    select
        oe1_0.id,
        oe1_0.aggregate_id,
        oe1_0.created_at,
        oe1_0.event_type,
        oe1_0.payload,
        oe1_0.processed_at,
        oe1_0.retry_count,
        oe1_0.status,
        oe1_0.updated_at 
    from
        attendance_outbox oe1_0 
    where
        oe1_0.status in (?, ?) 
        and oe1_0.retry_count<?
2026-09-15T23:41:46.182+02:00 DEBUG 13392 --- [shecancode-attendance-system] [   scheduling-1] org.hibernate.SQL                        : 
    select
        oe1_0.id,
        oe1_0.aggregate_id,
        oe1_0.created_at,
        oe1_0.event_type,
        oe1_0.payload,
        oe1_0.processed_at,
        oe1_0.retry_count,
        oe1_0.status,
        oe1_0.updated_at 
    from
        attendance_outbox oe1_0 
    where
        oe1_0.status in (?, ?) 
        and oe1_0.retry_count<?
Hibernate: 
    select
        oe1_0.id,
        oe1_0.aggregate_id,
        oe1_0.created_at,
        oe1_0.event_type,
        oe1_0.payload,
        oe1_0.processed_at,
        oe1_0.retry_count,
        oe1_0.status,
        oe1_0.updated_at 
    from
        attendance_outbox oe1_0 
    where
        oe1_0.status in (?, ?) 
        and oe1_0.retry_count<?
2026-09-15T23:41:51.196+02:00 DEBUG 13392 --- [shecancode-attendance-system] [   scheduling-1] org.hibernate.SQL                        : 
    select
        oe1_0.id,
        oe1_0.aggregate_id,
        oe1_0.created_at,
        oe1_0.event_type,
        oe1_0.payload,
        oe1_0.processed_at,
        oe1_0.retry_count,
        oe1_0.status,
        oe1_0.updated_at 
    from
        attendance_outbox oe1_0 
    where
        oe1_0.status in (?, ?) 
        and oe1_0.retry_count<?
Hibernate: 
    select
        oe1_0.id,
        oe1_0.aggregate_id,
        oe1_0.created_at,
        oe1_0.event_type,
        oe1_0.payload,
        oe1_0.processed_at,
        oe1_0.retry_count,
        oe1_0.status,
        oe1_0.updated_at 
    from
        attendance_outbox oe1_0 
    where
        oe1_0.status in (?, ?) 
        and oe1_0.retry_count<?
2026-09-15T23:41:56.222+02:00 DEBUG 13392 --- [shecancode-attendance-system] [   scheduling-1] org.hibernate.SQL                        : 
    select
        oe1_0.id,
        oe1_0.aggregate_id,
        oe1_0.created_at,
        oe1_0.event_type,
        oe1_0.payload,
        oe1_0.processed_at,
        oe1_0.retry_count,
        oe1_0.status,
        oe1_0.updated_at 
    from
        attendance_outbox oe1_0 
    where
        oe1_0.status in (?, ?) 
        and oe1_0.retry_count<?
Hibernate: 
    select
        oe1_0.id,
        oe1_0.aggregate_id,
        oe1_0.created_at,
        oe1_0.event_type,
        oe1_0.payload,
        oe1_0.processed_at,
        oe1_0.retry_count,
        oe1_0.status,
        oe1_0.updated_at 
    from
        attendance_outbox oe1_0 
    where
        oe1_0.status in (?, ?) 
        and oe1_0.retry_count<?
2026-09-15T23:42:01.249+02:00 DEBUG 13392 --- [shecancode-attendance-system] [   scheduling-1] org.hibernate.SQL                        : 
    select
        oe1_0.id,
        oe1_0.aggregate_id,
        oe1_0.created_at,
        oe1_0.event_type,
        oe1_0.payload,
        oe1_0.processed_at,
        oe1_0.retry_count,
        oe1_0.status,
        oe1_0.updated_at 
    from
        attendance_outbox oe1_0 
    where
        oe1_0.status in (?, ?) 
        and oe1_0.retry_count<?
Hibernate: 
    select
        oe1_0.id,
        oe1_0.aggregate_id,
        oe1_0.created_at,
        oe1_0.event_type,
        oe1_0.payload,
        oe1_0.processed_at,
        oe1_0.retry_count,
        oe1_0.status,
        oe1_0.updated_at 
    from
        attendance_outbox oe1_0 
    where
        oe1_0.status in (?, ?) 
        and oe1_0.retry_count<?
2026-09-15T23:42:06.271+02:00 DEBUG 13392 --- [shecancode-attendance-system] [   scheduling-1] org.hibernate.SQL                        : 
    select
        oe1_0.id,
        oe1_0.aggregate_id,
        oe1_0.created_at,
        oe1_0.event_type,
        oe1_0.payload,
        oe1_0.processed_at,
        oe1_0.retry_count,
        oe1_0.status,
        oe1_0.updated_at 
    from
        attendance_outbox oe1_0 
    where
        oe1_0.status in (?, ?) 
        and oe1_0.retry_count<?
Hibernate: 
    select
        oe1_0.id,
        oe1_0.aggregate_id,
        oe1_0.created_at,
        oe1_0.event_type,
        oe1_0.payload,
        oe1_0.processed_at,
        oe1_0.retry_count,
        oe1_0.status,
        oe1_0.updated_at 
    from
        attendance_outbox oe1_0 
    where
        oe1_0.status in (?, ?) 
        and oe1_0.retry_count<?
2026-09-15T23:42:11.294+02:00 DEBUG 13392 --- [shecancode-attendance-system] [   scheduling-1] org.hibernate.SQL                        : 
    select
        oe1_0.id,
        oe1_0.aggregate_id,
        oe1_0.created_at,
        oe1_0.event_type,
        oe1_0.payload,
        oe1_0.processed_at,
        oe1_0.retry_count,
        oe1_0.status,
        oe1_0.updated_at 
    from
        attendance_outbox oe1_0 
    where
        oe1_0.status in (?, ?) 
        and oe1_0.retry_count<?
Hibernate: 
    select
        oe1_0.id,
        oe1_0.aggregate_id,
        oe1_0.created_at,
        oe1_0.event_type,
        oe1_0.payload,
        oe1_0.processed_at,
        oe1_0.retry_count,
        oe1_0.status,
        oe1_0.updated_at 
    from
        attendance_outbox oe1_0 
    where
        oe1_0.status in (?, ?) 
        and oe1_0.retry_count<?
2026-09-15T23:42:16.313+02:00 DEBUG 13392 --- [shecancode-attendance-system] [   scheduling-1] org.hibernate.SQL                        : 
    select
        oe1_0.id,
        oe1_0.aggregate_id,
        oe1_0.created_at,
        oe1_0.event_type,
        oe1_0.payload,
        oe1_0.processed_at,
        oe1_0.retry_count,
        oe1_0.status,
        oe1_0.updated_at 
    from
        attendance_outbox oe1_0 
    where
        oe1_0.status in (?, ?) 
        and oe1_0.retry_count<?
Hibernate: 
    select
        oe1_0.id,
        oe1_0.aggregate_id,
        oe1_0.created_at,
        oe1_0.event_type,
        oe1_0.payload,
        oe1_0.processed_at,
        oe1_0.retry_count,
        oe1_0.status,
        oe1_0.updated_at 
    from
        attendance_outbox oe1_0 
    where
        oe1_0.status in (?, ?) 
        and oe1_0.retry_count<?
2026-09-15T23:42:21.332+02:00 DEBUG 13392 --- [shecancode-attendance-system] [   scheduling-1] org.hibernate.SQL                        : 
    select
        oe1_0.id,
        oe1_0.aggregate_id,
        oe1_0.created_at,
        oe1_0.event_type,
        oe1_0.payload,
        oe1_0.processed_at,
        oe1_0.retry_count,
        oe1_0.status,
        oe1_0.updated_at 
    from
        attendance_outbox oe1_0 
    where
        oe1_0.status in (?, ?) 
        and oe1_0.retry_count<?
Hibernate: 
    select
        oe1_0.id,
        oe1_0.aggregate_id,
        oe1_0.created_at,
        oe1_0.event_type,
        oe1_0.payload,
        oe1_0.processed_at,
        oe1_0.retry_count,
        oe1_0.status,
        oe1_0.updated_at 
    from
        attendance_outbox oe1_0 
    where
        oe1_0.status in (?, ?) 
        and oe1_0.retry_count<?
2026-09-15T23:42:26.348+02:00 DEBUG 13392 --- [shecancode-attendance-system] [   scheduling-1] org.hibernate.SQL                        : 
    select
        oe1_0.id,
        oe1_0.aggregate_id,
        oe1_0.created_at,
        oe1_0.event_type,
        oe1_0.payload,
        oe1_0.processed_at,
        oe1_0.retry_count,
        oe1_0.status,
        oe1_0.updated_at 
    from
        attendance_outbox oe1_0 
    where
        oe1_0.status in (?, ?) 
        and oe1_0.retry_count<?
Hibernate: 
    select
        oe1_0.id,
        oe1_0.aggregate_id,
        oe1_0.created_at,
        oe1_0.event_type,
        oe1_0.payload,
        oe1_0.processed_at,
        oe1_0.retry_count,
        oe1_0.status,
        oe1_0.updated_at 
    from
        attendance_outbox oe1_0 
    where
        oe1_0.status in (?, ?) 
        and oe1_0.retry_count<?
2026-09-15T23:42:31.364+02:00 DEBUG 13392 --- [shecancode-attendance-system] [   scheduling-1] org.hibernate.SQL                        : 
    select
        oe1_0.id,
        oe1_0.aggregate_id,
        oe1_0.created_at,
        oe1_0.event_type,
        oe1_0.payload,
        oe1_0.processed_at,
        oe1_0.retry_count,
        oe1_0.status,
        oe1_0.updated_at 
    from
        attendance_outbox oe1_0 
    where
        oe1_0.status in (?, ?) 
        and oe1_0.retry_count<?
Hibernate: 
    select
        oe1_0.id,
        oe1_0.aggregate_id,
        oe1_0.created_at,
        oe1_0.event_type,
        oe1_0.payload,
        oe1_0.processed_at,
        oe1_0.retry_count,
        oe1_0.status,
        oe1_0.updated_at 
    from
        attendance_outbox oe1_0 
    where
        oe1_0.status in (?, ?) 
        and oe1_0.retry_count<?
2026-09-15T23:42:36.395+02:00 DEBUG 13392 --- [shecancode-attendance-system] [   scheduling-1] org.hibernate.SQL                        : 
    select
        oe1_0.id,
        oe1_0.aggregate_id,
        oe1_0.created_at,
        oe1_0.event_type,
        oe1_0.payload,
        oe1_0.processed_at,
        oe1_0.retry_count,
        oe1_0.status,
        oe1_0.updated_at 
    from
        attendance_outbox oe1_0 
    where
        oe1_0.status in (?, ?) 
        and oe1_0.retry_count<?
Hibernate: 
    select
        oe1_0.id,
        oe1_0.aggregate_id,
        oe1_0.created_at,
        oe1_0.event_type,
        oe1_0.payload,
        oe1_0.processed_at,
        oe1_0.retry_count,
        oe1_0.status,
        oe1_0.updated_at 
    from
        attendance_outbox oe1_0 
    where
        oe1_0.status in (?, ?) 
        and oe1_0.retry_count<?
2026-09-15T23:42:41.421+02:00 DEBUG 13392 --- [shecancode-attendance-system] [   scheduling-1] org.hibernate.SQL                        : 
    select
        oe1_0.id,
        oe1_0.aggregate_id,
        oe1_0.created_at,
        oe1_0.event_type,
        oe1_0.payload,
        oe1_0.processed_at,
        oe1_0.retry_count,
        oe1_0.status,
        oe1_0.updated_at 
    from
        attendance_outbox oe1_0 
    where
        oe1_0.status in (?, ?) 
        and oe1_0.retry_count<?
Hibernate: 
    select
        oe1_0.id,
        oe1_0.aggregate_id,
        oe1_0.created_at,
        oe1_0.event_type,
        oe1_0.payload,
        oe1_0.processed_at,
        oe1_0.retry_count,
        oe1_0.status,
        oe1_0.updated_at 
    from
        attendance_outbox oe1_0 
    where
        oe1_0.status in (?, ?) 
        and oe1_0.retry_count<?
2026-09-15T23:42:46.444+02:00 DEBUG 13392 --- [shecancode-attendance-system] [   scheduling-1] org.hibernate.SQL                        : 
    select
        oe1_0.id,
        oe1_0.aggregate_id,
        oe1_0.created_at,
        oe1_0.event_type,
        oe1_0.payload,
        oe1_0.processed_at,
        oe1_0.retry_count,
        oe1_0.status,
        oe1_0.updated_at 
    from
        attendance_outbox oe1_0 
    where
        oe1_0.status in (?, ?) 
        and oe1_0.retry_count<?
Hibernate: 
    select
        oe1_0.id,
        oe1_0.aggregate_id,
        oe1_0.created_at,
        oe1_0.event_type,
        oe1_0.payload,
        oe1_0.processed_at,
        oe1_0.retry_count,
        oe1_0.status,
        oe1_0.updated_at 
    from
        attendance_outbox oe1_0 
    where
        oe1_0.status in (?, ?) 
        and oe1_0.retry_count<?
2026-09-15T23:42:51.459+02:00 DEBUG 13392 --- [shecancode-attendance-system] [   scheduling-1] org.hibernate.SQL                        : 
    select
        oe1_0.id,
        oe1_0.aggregate_id,
        oe1_0.created_at,
        oe1_0.event_type,
        oe1_0.payload,
        oe1_0.processed_at,
        oe1_0.retry_count,
        oe1_0.status,
        oe1_0.updated_at 
    from
        attendance_outbox oe1_0 
    where
        oe1_0.status in (?, ?) 
        and oe1_0.retry_count<?
Hibernate: 
    select
        oe1_0.id,
        oe1_0.aggregate_id,
        oe1_0.created_at,
        oe1_0.event_type,
        oe1_0.payload,
        oe1_0.processed_at,
        oe1_0.retry_count,
        oe1_0.status,
        oe1_0.updated_at 
    from
        attendance_outbox oe1_0 
    where
        oe1_0.status in (?, ?) 
        and oe1_0.retry_count<?
2026-09-15T23:42:56.474+02:00 DEBUG 13392 --- [shecancode-attendance-system] [   scheduling-1] org.hibernate.SQL                        : 
    select
        oe1_0.id,
        oe1_0.aggregate_id,
        oe1_0.created_at,
        oe1_0.event_type,
        oe1_0.payload,
        oe1_0.processed_at,
        oe1_0.retry_count,
        oe1_0.status,
        oe1_0.updated_at 
    from
        attendance_outbox oe1_0 
    where
        oe1_0.status in (?, ?) 
        and oe1_0.retry_count<?
Hibernate: 
    select
        oe1_0.id,
        oe1_0.aggregate_id,
        oe1_0.created_at,
        oe1_0.event_type,
        oe1_0.payload,
        oe1_0.processed_at,
        oe1_0.retry_count,
        oe1_0.status,
        oe1_0.updated_at 
    from
        attendance_outbox oe1_0 
    where
        oe1_0.status in (?, ?) 
        and oe1_0.retry_count<?
2026-09-15T23:43:01.492+02:00 DEBUG 13392 --- [shecancode-attendance-system] [   scheduling-1] org.hibernate.SQL                        : 
    select
        oe1_0.id,
        oe1_0.aggregate_id,
        oe1_0.created_at,
        oe1_0.event_type,
        oe1_0.payload,
        oe1_0.processed_at,
        oe1_0.retry_count,
        oe1_0.status,
        oe1_0.updated_at 
    from
        attendance_outbox oe1_0 
    where
        oe1_0.status in (?, ?) 
        and oe1_0.retry_count<?
Hibernate: 
    select
        oe1_0.id,
        oe1_0.aggregate_id,
        oe1_0.created_at,
        oe1_0.event_type,
        oe1_0.payload,
        oe1_0.processed_at,
        oe1_0.retry_count,
        oe1_0.status,
        oe1_0.updated_at 
    from
        attendance_outbox oe1_0 
    where
        oe1_0.status in (?, ?) 
        and oe1_0.retry_count<?
2026-09-15T23:43:06.507+02:00 DEBUG 13392 --- [shecancode-attendance-system] [   scheduling-1] org.hibernate.SQL                        : 
    select
        oe1_0.id,
        oe1_0.aggregate_id,
        oe1_0.created_at,
        oe1_0.event_type,
        oe1_0.payload,
        oe1_0.processed_at,
        oe1_0.retry_count,
        oe1_0.status,
        oe1_0.updated_at 
    from
        attendance_outbox oe1_0 
    where
        oe1_0.status in (?, ?) 
        and oe1_0.retry_count<?
Hibernate: 
    select
        oe1_0.id,
        oe1_0.aggregate_id,
        oe1_0.created_at,
        oe1_0.event_type,
        oe1_0.payload,
        oe1_0.processed_at,
        oe1_0.retry_count,
        oe1_0.status,
        oe1_0.updated_at 
    from
        attendance_outbox oe1_0 
    where
        oe1_0.status in (?, ?) 
        and oe1_0.retry_count<?
2026-09-15T23:43:11.523+02:00 DEBUG 13392 --- [shecancode-attendance-system] [   scheduling-1] org.hibernate.SQL                        : 
    select
        oe1_0.id,
        oe1_0.aggregate_id,
        oe1_0.created_at,
        oe1_0.event_type,
        oe1_0.payload,
        oe1_0.processed_at,
        oe1_0.retry_count,
        oe1_0.status,
        oe1_0.updated_at 
    from
        attendance_outbox oe1_0 
    where
        oe1_0.status in (?, ?) 
        and oe1_0.retry_count<?
Hibernate: 
    select
        oe1_0.id,
        oe1_0.aggregate_id,
        oe1_0.created_at,
        oe1_0.event_type,
        oe1_0.payload,
        oe1_0.processed_at,
        oe1_0.retry_count,
        oe1_0.status,
        oe1_0.updated_at 
    from
        attendance_outbox oe1_0 
    where
        oe1_0.status in (?, ?) 
        and oe1_0.retry_count<?
2026-09-15T23:43:16.541+02:00 DEBUG 13392 --- [shecancode-attendance-system] [   scheduling-1] org.hibernate.SQL                        : 
    select
        oe1_0.id,
        oe1_0.aggregate_id,
        oe1_0.created_at,
        oe1_0.event_type,
        oe1_0.payload,
        oe1_0.processed_at,
        oe1_0.retry_count,
        oe1_0.status,
        oe1_0.updated_at 
    from
        attendance_outbox oe1_0 
    where
        oe1_0.status in (?, ?) 
        and oe1_0.retry_count<?
Hibernate: 
    select
        oe1_0.id,
        oe1_0.aggregate_id,
        oe1_0.created_at,
        oe1_0.event_type,
        oe1_0.payload,
        oe1_0.processed_at,
        oe1_0.retry_count,
        oe1_0.status,
        oe1_0.updated_at 
    from
        attendance_outbox oe1_0 
    where
        oe1_0.status in (?, ?) 
        and oe1_0.retry_count<?
2026-09-15T23:43:21.560+02:00 DEBUG 13392 --- [shecancode-attendance-system] [   scheduling-1] org.hibernate.SQL                        : 
    select
        oe1_0.id,
        oe1_0.aggregate_id,
        oe1_0.created_at,
        oe1_0.event_type,
        oe1_0.payload,
        oe1_0.processed_at,
        oe1_0.retry_count,
        oe1_0.status,
        oe1_0.updated_at 
    from
        attendance_outbox oe1_0 
    where
        oe1_0.status in (?, ?) 
        and oe1_0.retry_count<?
Hibernate: 
    select
        oe1_0.id,
        oe1_0.aggregate_id,
        oe1_0.created_at,
        oe1_0.event_type,
        oe1_0.payload,
        oe1_0.processed_at,
        oe1_0.retry_count,
        oe1_0.status,
        oe1_0.updated_at 
    from
        attendance_outbox oe1_0 
    where
        oe1_0.status in (?, ?) 
        and oe1_0.retry_count<?
2026-09-15T23:43:26.581+02:00 DEBUG 13392 --- [shecancode-attendance-system] [   scheduling-1] org.hibernate.SQL                        : 
    select
        oe1_0.id,
        oe1_0.aggregate_id,
        oe1_0.created_at,
        oe1_0.event_type,
        oe1_0.payload,
        oe1_0.processed_at,
        oe1_0.retry_count,
        oe1_0.status,
        oe1_0.updated_at 
    from
        attendance_outbox oe1_0 
    where
        oe1_0.status in (?, ?) 
        and oe1_0.retry_count<?
Hibernate: 
    select
        oe1_0.id,
        oe1_0.aggregate_id,
        oe1_0.created_at,
        oe1_0.event_type,
        oe1_0.payload,
        oe1_0.processed_at,
        oe1_0.retry_count,
        oe1_0.status,
        oe1_0.updated_at 
    from
        attendance_outbox oe1_0 
    where
        oe1_0.status in (?, ?) 
        and oe1_0.retry_count<?
2026-09-15T23:43:31.599+02:00 DEBUG 13392 --- [shecancode-attendance-system] [   scheduling-1] org.hibernate.SQL                        : 
    select
        oe1_0.id,
        oe1_0.aggregate_id,
        oe1_0.created_at,
        oe1_0.event_type,
        oe1_0.payload,
        oe1_0.processed_at,
        oe1_0.retry_count,
        oe1_0.status,
        oe1_0.updated_at 
    from
        attendance_outbox oe1_0 
    where
        oe1_0.status in (?, ?) 
        and oe1_0.retry_count<?
Hibernate: 
    select
        oe1_0.id,
        oe1_0.aggregate_id,
        oe1_0.created_at,
        oe1_0.event_type,
        oe1_0.payload,
        oe1_0.processed_at,
        oe1_0.retry_count,
        oe1_0.status,
        oe1_0.updated_at 
    from
        attendance_outbox oe1_0 
    where
        oe1_0.status in (?, ?) 
        and oe1_0.retry_count<?
2026-09-15T23:43:36.623+02:00 DEBUG 13392 --- [shecancode-attendance-system] [   scheduling-1] org.hibernate.SQL                        : 
    select
        oe1_0.id,
        oe1_0.aggregate_id,
        oe1_0.created_at,
        oe1_0.event_type,
        oe1_0.payload,
        oe1_0.processed_at,
        oe1_0.retry_count,
        oe1_0.status,
        oe1_0.updated_at 
    from
        attendance_outbox oe1_0 
    where
        oe1_0.status in (?, ?) 
        and oe1_0.retry_count<?
Hibernate: 
    select
        oe1_0.id,
        oe1_0.aggregate_id,
        oe1_0.created_at,
        oe1_0.event_type,
        oe1_0.payload,
        oe1_0.processed_at,
        oe1_0.retry_count,
        oe1_0.status,
        oe1_0.updated_at 
    from
        attendance_outbox oe1_0 
    where
        oe1_0.status in (?, ?) 
        and oe1_0.retry_count<?
2026-09-15T23:43:41.644+02:00 DEBUG 13392 --- [shecancode-attendance-system] [   scheduling-1] org.hibernate.SQL                        : 
    select
        oe1_0.id,
        oe1_0.aggregate_id,
        oe1_0.created_at,
        oe1_0.event_type,
        oe1_0.payload,
        oe1_0.processed_at,
        oe1_0.retry_count,
        oe1_0.status,
        oe1_0.updated_at 
    from
        attendance_outbox oe1_0 
    where
        oe1_0.status in (?, ?) 
        and oe1_0.retry_count<?
Hibernate: 
    select
        oe1_0.id,
        oe1_0.aggregate_id,
        oe1_0.created_at,
        oe1_0.event_type,
        oe1_0.payload,
        oe1_0.processed_at,
        oe1_0.retry_count,
        oe1_0.status,
        oe1_0.updated_at 
    from
        attendance_outbox oe1_0 
    where
        oe1_0.status in (?, ?) 
        and oe1_0.retry_count<?
2026-09-15T23:43:46.670+02:00 DEBUG 13392 --- [shecancode-attendance-system] [   scheduling-1] org.hibernate.SQL                        : 
    select
        oe1_0.id,
        oe1_0.aggregate_id,
        oe1_0.created_at,
        oe1_0.event_type,
        oe1_0.payload,
        oe1_0.processed_at,
        oe1_0.retry_count,
        oe1_0.status,
        oe1_0.updated_at 
    from
        attendance_outbox oe1_0 
    where
        oe1_0.status in (?, ?) 
        and oe1_0.retry_count<?
Hibernate: 
    select
        oe1_0.id,
        oe1_0.aggregate_id,
        oe1_0.created_at,
        oe1_0.event_type,
        oe1_0.payload,
        oe1_0.processed_at,
        oe1_0.retry_count,
        oe1_0.status,
        oe1_0.updated_at 
    from
        attendance_outbox oe1_0 
    where
        oe1_0.status in (?, ?) 
        and oe1_0.retry_count<?
2026-09-15T23:43:51.692+02:00 DEBUG 13392 --- [shecancode-attendance-system] [   scheduling-1] org.hibernate.SQL                        : 
    select
        oe1_0.id,
        oe1_0.aggregate_id,
        oe1_0.created_at,
        oe1_0.event_type,
        oe1_0.payload,
        oe1_0.processed_at,
        oe1_0.retry_count,
        oe1_0.status,
        oe1_0.updated_at 
    from
        attendance_outbox oe1_0 
    where
        oe1_0.status in (?, ?) 
        and oe1_0.retry_count<?
Hibernate: 
    select
        oe1_0.id,
        oe1_0.aggregate_id,
        oe1_0.created_at,
        oe1_0.event_type,
        oe1_0.payload,
        oe1_0.processed_at,
        oe1_0.retry_count,
        oe1_0.status,
        oe1_0.updated_at 
    from
        attendance_outbox oe1_0 
    where
        oe1_0.status in (?, ?) 
        and oe1_0.retry_count<?
2026-09-15T23:43:56.709+02:00 DEBUG 13392 --- [shecancode-attendance-system] [   scheduling-1] org.hibernate.SQL                        : 
    select
        oe1_0.id,
        oe1_0.aggregate_id,
        oe1_0.created_at,
        oe1_0.event_type,
        oe1_0.payload,
        oe1_0.processed_at,
        oe1_0.retry_count,
        oe1_0.status,
        oe1_0.updated_at 
    from
        attendance_outbox oe1_0 
    where
        oe1_0.status in (?, ?) 
        and oe1_0.retry_count<?
Hibernate: 
    select
        oe1_0.id,
        oe1_0.aggregate_id,
        oe1_0.created_at,
        oe1_0.event_type,
        oe1_0.payload,
        oe1_0.processed_at,
        oe1_0.retry_count,
        oe1_0.status,
        oe1_0.updated_at 
    from
        attendance_outbox oe1_0 
    where
        oe1_0.status in (?, ?) 
        and oe1_0.retry_count<?
2026-09-15T23:44:01.733+02:00 DEBUG 13392 --- [shecancode-attendance-system] [   scheduling-1] org.hibernate.SQL                        : 
    select
        oe1_0.id,
        oe1_0.aggregate_id,
        oe1_0.created_at,
        oe1_0.event_type,
        oe1_0.payload,
        oe1_0.processed_at,
        oe1_0.retry_count,
        oe1_0.status,
        oe1_0.updated_at 
    from
        attendance_outbox oe1_0 
    where
        oe1_0.status in (?, ?) 
        and oe1_0.retry_count<?
Hibernate: 
    select
        oe1_0.id,
        oe1_0.aggregate_id,
        oe1_0.created_at,
        oe1_0.event_type,
        oe1_0.payload,
        oe1_0.processed_at,
        oe1_0.retry_count,
        oe1_0.status,
        oe1_0.updated_at 
    from
        attendance_outbox oe1_0 
    where
        oe1_0.status in (?, ?) 
        and oe1_0.retry_count<?
2026-09-15T23:44:06.747+02:00 DEBUG 13392 --- [shecancode-attendance-system] [   scheduling-1] org.hibernate.SQL                        : 
    select
        oe1_0.id,
        oe1_0.aggregate_id,
        oe1_0.created_at,
        oe1_0.event_type,
        oe1_0.payload,
        oe1_0.processed_at,
        oe1_0.retry_count,
        oe1_0.status,
        oe1_0.updated_at 
    from
        attendance_outbox oe1_0 
    where
        oe1_0.status in (?, ?) 
        and oe1_0.retry_count<?
Hibernate: 
    select
        oe1_0.id,
        oe1_0.aggregate_id,
        oe1_0.created_at,
        oe1_0.event_type,
        oe1_0.payload,
        oe1_0.processed_at,
        oe1_0.retry_count,
        oe1_0.status,
        oe1_0.updated_at 
    from
        attendance_outbox oe1_0 
    where
        oe1_0.status in (?, ?) 
        and oe1_0.retry_count<?
2026-09-15T23:44:11.772+02:00 DEBUG 13392 --- [shecancode-attendance-system] [   scheduling-1] org.hibernate.SQL                        : 
    select
        oe1_0.id,
        oe1_0.aggregate_id,
        oe1_0.created_at,
        oe1_0.event_type,
        oe1_0.payload,
        oe1_0.processed_at,
        oe1_0.retry_count,
        oe1_0.status,
        oe1_0.updated_at 
    from
        attendance_outbox oe1_0 
    where
        oe1_0.status in (?, ?) 
        and oe1_0.retry_count<?
Hibernate: 
    select
        oe1_0.id,
        oe1_0.aggregate_id,
        oe1_0.created_at,
        oe1_0.event_type,
        oe1_0.payload,
        oe1_0.processed_at,
        oe1_0.retry_count,
        oe1_0.status,
        oe1_0.updated_at 
    from
        attendance_outbox oe1_0 
    where
        oe1_0.status in (?, ?) 
        and oe1_0.retry_count<?
2026-09-15T23:44:16.798+02:00 DEBUG 13392 --- [shecancode-attendance-system] [   scheduling-1] org.hibernate.SQL                        : 
    select
        oe1_0.id,
        oe1_0.aggregate_id,
        oe1_0.created_at,
        oe1_0.event_type,
        oe1_0.payload,
        oe1_0.processed_at,
        oe1_0.retry_count,
        oe1_0.status,
        oe1_0.updated_at 
    from
        attendance_outbox oe1_0 
    where
        oe1_0.status in (?, ?) 
        and oe1_0.retry_count<?
Hibernate: 
    select
        oe1_0.id,
        oe1_0.aggregate_id,
        oe1_0.created_at,
        oe1_0.event_type,
        oe1_0.payload,
        oe1_0.processed_at,
        oe1_0.retry_count,
        oe1_0.status,
        oe1_0.updated_at 
    from
        attendance_outbox oe1_0 
    where
        oe1_0.status in (?, ?) 
        and oe1_0.retry_count<?
2026-09-15T23:44:21.823+02:00 DEBUG 13392 --- [shecancode-attendance-system] [   scheduling-1] org.hibernate.SQL                        : 
    select
        oe1_0.id,
        oe1_0.aggregate_id,
        oe1_0.created_at,
        oe1_0.event_type,
        oe1_0.payload,
        oe1_0.processed_at,
        oe1_0.retry_count,
        oe1_0.status,
        oe1_0.updated_at 
    from
        attendance_outbox oe1_0 
    where
        oe1_0.status in (?, ?) 
        and oe1_0.retry_count<?
Hibernate: 
    select
        oe1_0.id,
        oe1_0.aggregate_id,
        oe1_0.created_at,
        oe1_0.event_type,
        oe1_0.payload,
        oe1_0.processed_at,
        oe1_0.retry_count,
        oe1_0.status,
        oe1_0.updated_at 
    from
        attendance_outbox oe1_0 
    where
        oe1_0.status in (?, ?) 
        and oe1_0.retry_count<?
2026-09-15T23:44:26.853+02:00 DEBUG 13392 --- [shecancode-attendance-system] [   scheduling-1] org.hibernate.SQL                        : 
    select
        oe1_0.id,
        oe1_0.aggregate_id,
        oe1_0.created_at,
        oe1_0.event_type,
        oe1_0.payload,
        oe1_0.processed_at,
        oe1_0.retry_count,
        oe1_0.status,
        oe1_0.updated_at 
    from
        attendance_outbox oe1_0 
    where
        oe1_0.status in (?, ?) 
        and oe1_0.retry_count<?
Hibernate: 
    select
        oe1_0.id,
        oe1_0.aggregate_id,
        oe1_0.created_at,
        oe1_0.event_type,
        oe1_0.payload,
        oe1_0.processed_at,
        oe1_0.retry_count,
        oe1_0.status,
        oe1_0.updated_at 
    from
        attendance_outbox oe1_0 
    where
        oe1_0.status in (?, ?) 
        and oe1_0.retry_count<?
2026-09-15T23:44:31.873+02:00 DEBUG 13392 --- [shecancode-attendance-system] [   scheduling-1] org.hibernate.SQL                        : 
    select
        oe1_0.id,
        oe1_0.aggregate_id,
        oe1_0.created_at,
        oe1_0.event_type,
        oe1_0.payload,
        oe1_0.processed_at,
        oe1_0.retry_count,
        oe1_0.status,
        oe1_0.updated_at 
    from
        attendance_outbox oe1_0 
    where
        oe1_0.status in (?, ?) 
        and oe1_0.retry_count<?
Hibernate: 
    select
        oe1_0.id,
        oe1_0.aggregate_id,
        oe1_0.created_at,
        oe1_0.event_type,
        oe1_0.payload,
        oe1_0.processed_at,
        oe1_0.retry_count,
        oe1_0.status,
        oe1_0.updated_at 
    from
        attendance_outbox oe1_0 
    where
        oe1_0.status in (?, ?) 
        and oe1_0.retry_count<?
2026-09-15T23:44:36.889+02:00 DEBUG 13392 --- [shecancode-attendance-system] [   scheduling-1] org.hibernate.SQL                        : 
    select
        oe1_0.id,
        oe1_0.aggregate_id,
        oe1_0.created_at,
        oe1_0.event_type,
        oe1_0.payload,
        oe1_0.processed_at,
        oe1_0.retry_count,
        oe1_0.status,
        oe1_0.updated_at 
    from
        attendance_outbox oe1_0 
    where
        oe1_0.status in (?, ?) 
        and oe1_0.retry_count<?
Hibernate: 
    select
        oe1_0.id,
        oe1_0.aggregate_id,
        oe1_0.created_at,
        oe1_0.event_type,
        oe1_0.payload,
        oe1_0.processed_at,
        oe1_0.retry_count,
        oe1_0.status,
        oe1_0.updated_at 
    from
        attendance_outbox oe1_0 
    where
        oe1_0.status in (?, ?) 
        and oe1_0.retry_count<?
2026-09-15T23:44:41.908+02:00 DEBUG 13392 --- [shecancode-attendance-system] [   scheduling-1] org.hibernate.SQL                        : 
    select
        oe1_0.id,
        oe1_0.aggregate_id,
        oe1_0.created_at,
        oe1_0.event_type,
        oe1_0.payload,
        oe1_0.processed_at,
        oe1_0.retry_count,
        oe1_0.status,
        oe1_0.updated_at 
    from
        attendance_outbox oe1_0 
    where
        oe1_0.status in (?, ?) 
        and oe1_0.retry_count<?
Hibernate: 
    select
        oe1_0.id,
        oe1_0.aggregate_id,
        oe1_0.created_at,
        oe1_0.event_type,
        oe1_0.payload,
        oe1_0.processed_at,
        oe1_0.retry_count,
        oe1_0.status,
        oe1_0.updated_at 
    from
        attendance_outbox oe1_0 
    where
        oe1_0.status in (?, ?) 
        and oe1_0.retry_count<?
2026-09-15T23:44:46.941+02:00 DEBUG 13392 --- [shecancode-attendance-system] [   scheduling-1] org.hibernate.SQL                        : 
    select
        oe1_0.id,
        oe1_0.aggregate_id,
        oe1_0.created_at,
        oe1_0.event_type,
        oe1_0.payload,
        oe1_0.processed_at,
        oe1_0.retry_count,
        oe1_0.status,
        oe1_0.updated_at 
    from
        attendance_outbox oe1_0 
    where
        oe1_0.status in (?, ?) 
        and oe1_0.retry_count<?
Hibernate: 
    select
        oe1_0.id,
        oe1_0.aggregate_id,
        oe1_0.created_at,
        oe1_0.event_type,
        oe1_0.payload,
        oe1_0.processed_at,
        oe1_0.retry_count,
        oe1_0.status,
        oe1_0.updated_at 
    from
        attendance_outbox oe1_0 
    where
        oe1_0.status in (?, ?) 
        and oe1_0.retry_count<?
2026-09-15T23:44:51.965+02:00 DEBUG 13392 --- [shecancode-attendance-system] [   scheduling-1] org.hibernate.SQL                        : 
    select
        oe1_0.id,
        oe1_0.aggregate_id,
        oe1_0.created_at,
        oe1_0.event_type,
        oe1_0.payload,
        oe1_0.processed_at,
        oe1_0.retry_count,
        oe1_0.status,
        oe1_0.updated_at 
    from
        attendance_outbox oe1_0 
    where
        oe1_0.status in (?, ?) 
        and oe1_0.retry_count<?
Hibernate: 
    select
        oe1_0.id,
        oe1_0.aggregate_id,
        oe1_0.created_at,
        oe1_0.event_type,
        oe1_0.payload,
        oe1_0.processed_at,
        oe1_0.retry_count,
        oe1_0.status,
        oe1_0.updated_at 
    from
        attendance_outbox oe1_0 
    where
        oe1_0.status in (?, ?) 
        and oe1_0.retry_count<?
2026-09-15T23:44:56.990+02:00 DEBUG 13392 --- [shecancode-attendance-system] [   scheduling-1] org.hibernate.SQL                        : 
    select
        oe1_0.id,
        oe1_0.aggregate_id,
        oe1_0.created_at,
        oe1_0.event_type,
        oe1_0.payload,
        oe1_0.processed_at,
        oe1_0.retry_count,
        oe1_0.status,
        oe1_0.updated_at 
    from
        attendance_outbox oe1_0 
    where
        oe1_0.status in (?, ?) 
        and oe1_0.retry_count<?
Hibernate: 
    select
        oe1_0.id,
        oe1_0.aggregate_id,
        oe1_0.created_at,
        oe1_0.event_type,
        oe1_0.payload,
        oe1_0.processed_at,
        oe1_0.retry_count,
        oe1_0.status,
        oe1_0.updated_at 
    from
        attendance_outbox oe1_0 
    where
        oe1_0.status in (?, ?) 
        and oe1_0.retry_count<?
2026-09-15T23:45:02.004+02:00 DEBUG 13392 --- [shecancode-attendance-system] [   scheduling-1] org.hibernate.SQL                        : 
    select
        oe1_0.id,
        oe1_0.aggregate_id,
        oe1_0.created_at,
        oe1_0.event_type,
        oe1_0.payload,
        oe1_0.processed_at,
        oe1_0.retry_count,
        oe1_0.status,
        oe1_0.updated_at 
    from
        attendance_outbox oe1_0 
    where
        oe1_0.status in (?, ?) 
        and oe1_0.retry_count<?
Hibernate: 
    select
        oe1_0.id,
        oe1_0.aggregate_id,
        oe1_0.created_at,
        oe1_0.event_type,
        oe1_0.payload,
        oe1_0.processed_at,
        oe1_0.retry_count,
        oe1_0.status,
        oe1_0.updated_at 
    from
        attendance_outbox oe1_0 
    where
        oe1_0.status in (?, ?) 
        and oe1_0.retry_count<?
2026-09-15T23:45:07.019+02:00 DEBUG 13392 --- [shecancode-attendance-system] [   scheduling-1] org.hibernate.SQL                        : 
    select
        oe1_0.id,
        oe1_0.aggregate_id,
        oe1_0.created_at,
        oe1_0.event_type,
        oe1_0.payload,
        oe1_0.processed_at,
        oe1_0.retry_count,
        oe1_0.status,
        oe1_0.updated_at 
    from
        attendance_outbox oe1_0 
    where
        oe1_0.status in (?, ?) 
        and oe1_0.retry_count<?
Hibernate: 
    select
        oe1_0.id,
        oe1_0.aggregate_id,
        oe1_0.created_at,
        oe1_0.event_type,
        oe1_0.payload,
        oe1_0.processed_at,
        oe1_0.retry_count,
        oe1_0.status,
        oe1_0.updated_at 
    from
        attendance_outbox oe1_0 
    where
        oe1_0.status in (?, ?) 
        and oe1_0.retry_count<?
2026-09-15T23:45:12.040+02:00 DEBUG 13392 --- [shecancode-attendance-system] [   scheduling-1] org.hibernate.SQL                        : 
    select
        oe1_0.id,
        oe1_0.aggregate_id,
        oe1_0.created_at,
        oe1_0.event_type,
        oe1_0.payload,
        oe1_0.processed_at,
        oe1_0.retry_count,
        oe1_0.status,
        oe1_0.updated_at 
    from
        attendance_outbox oe1_0 
    where
        oe1_0.status in (?, ?) 
        and oe1_0.retry_count<?
Hibernate: 
    select
        oe1_0.id,
        oe1_0.aggregate_id,
        oe1_0.created_at,
        oe1_0.event_type,
        oe1_0.payload,
        oe1_0.processed_at,
        oe1_0.retry_count,
        oe1_0.status,
        oe1_0.updated_at 
    from
        attendance_outbox oe1_0 
    where
        oe1_0.status in (?, ?) 
        and oe1_0.retry_count<?
2026-09-15T23:45:17.072+02:00 DEBUG 13392 --- [shecancode-attendance-system] [   scheduling-1] org.hibernate.SQL                        : 
    select
        oe1_0.id,
        oe1_0.aggregate_id,
        oe1_0.created_at,
        oe1_0.event_type,
        oe1_0.payload,
        oe1_0.processed_at,
        oe1_0.retry_count,
        oe1_0.status,
        oe1_0.updated_at 
    from
        attendance_outbox oe1_0 
    where
        oe1_0.status in (?, ?) 
        and oe1_0.retry_count<?
Hibernate: 
    select
        oe1_0.id,
        oe1_0.aggregate_id,
        oe1_0.created_at,
        oe1_0.event_type,
        oe1_0.payload,
        oe1_0.processed_at,
        oe1_0.retry_count,
        oe1_0.status,
        oe1_0.updated_at 
    from
        attendance_outbox oe1_0 
    where
        oe1_0.status in (?, ?) 
        and oe1_0.retry_count<?
2026-09-15T23:45:22.105+02:00 DEBUG 13392 --- [shecancode-attendance-system] [   scheduling-1] org.hibernate.SQL                        : 
    select
        oe1_0.id,
        oe1_0.aggregate_id,
        oe1_0.created_at,
        oe1_0.event_type,
        oe1_0.payload,
        oe1_0.processed_at,
        oe1_0.retry_count,
        oe1_0.status,
        oe1_0.updated_at 
    from
        attendance_outbox oe1_0 
    where
        oe1_0.status in (?, ?) 
        and oe1_0.retry_count<?
Hibernate: 
    select
        oe1_0.id,
        oe1_0.aggregate_id,
        oe1_0.created_at,
        oe1_0.event_type,
        oe1_0.payload,
        oe1_0.processed_at,
        oe1_0.retry_count,
        oe1_0.status,
        oe1_0.updated_at 
    from
        attendance_outbox oe1_0 
    where
        oe1_0.status in (?, ?) 
        and oe1_0.retry_count<?
2026-09-15T23:45:27.122+02:00 DEBUG 13392 --- [shecancode-attendance-system] [   scheduling-1] org.hibernate.SQL                        : 
    select
        oe1_0.id,
        oe1_0.aggregate_id,
        oe1_0.created_at,
        oe1_0.event_type,
        oe1_0.payload,
        oe1_0.processed_at,
        oe1_0.retry_count,
        oe1_0.status,
        oe1_0.updated_at 
    from
        attendance_outbox oe1_0 
    where
        oe1_0.status in (?, ?) 
        and oe1_0.retry_count<?
Hibernate: 
    select
        oe1_0.id,
        oe1_0.aggregate_id,
        oe1_0.created_at,
        oe1_0.event_type,
        oe1_0.payload,
        oe1_0.processed_at,
        oe1_0.retry_count,
        oe1_0.status,
        oe1_0.updated_at 
    from
        attendance_outbox oe1_0 
    where
        oe1_0.status in (?, ?) 
        and oe1_0.retry_count<?
2026-09-15T23:45:32.149+02:00 DEBUG 13392 --- [shecancode-attendance-system] [   scheduling-1] org.hibernate.SQL                        : 
    select
        oe1_0.id,
        oe1_0.aggregate_id,
        oe1_0.created_at,
        oe1_0.event_type,
        oe1_0.payload,
        oe1_0.processed_at,
        oe1_0.retry_count,
        oe1_0.status,
        oe1_0.updated_at 
    from
        attendance_outbox oe1_0 
    where
        oe1_0.status in (?, ?) 
        and oe1_0.retry_count<?
Hibernate: 
    select
        oe1_0.id,
        oe1_0.aggregate_id,
        oe1_0.created_at,
        oe1_0.event_type,
        oe1_0.payload,
        oe1_0.processed_at,
        oe1_0.retry_count,
        oe1_0.status,
        oe1_0.updated_at 
    from
        attendance_outbox oe1_0 
    where
        oe1_0.status in (?, ?) 
        and oe1_0.retry_count<?
2026-09-15T23:45:37.164+02:00 DEBUG 13392 --- [shecancode-attendance-system] [   scheduling-1] org.hibernate.SQL                        : 
    select
        oe1_0.id,
        oe1_0.aggregate_id,
        oe1_0.created_at,
        oe1_0.event_type,
        oe1_0.payload,
        oe1_0.processed_at,
        oe1_0.retry_count,
        oe1_0.status,
        oe1_0.updated_at 
    from
        attendance_outbox oe1_0 
    where
        oe1_0.status in (?, ?) 
        and oe1_0.retry_count<?
Hibernate: 
    select
        oe1_0.id,
        oe1_0.aggregate_id,
        oe1_0.created_at,
        oe1_0.event_type,
        oe1_0.payload,
        oe1_0.processed_at,
        oe1_0.retry_count,
        oe1_0.status,
        oe1_0.updated_at 
    from
        attendance_outbox oe1_0 
    where
        oe1_0.status in (?, ?) 
        and oe1_0.retry_count<?
2026-09-15T23:45:42.184+02:00 DEBUG 13392 --- [shecancode-attendance-system] [   scheduling-1] org.hibernate.SQL                        : 
    select
        oe1_0.id,
        oe1_0.aggregate_id,
        oe1_0.created_at,
        oe1_0.event_type,
        oe1_0.payload,
        oe1_0.processed_at,
        oe1_0.retry_count,
        oe1_0.status,
        oe1_0.updated_at 
    from
        attendance_outbox oe1_0 
    where
        oe1_0.status in (?, ?) 
        and oe1_0.retry_count<?
Hibernate: 
    select
        oe1_0.id,
        oe1_0.aggregate_id,
        oe1_0.created_at,
        oe1_0.event_type,
        oe1_0.payload,
        oe1_0.processed_at,
        oe1_0.retry_count,
        oe1_0.status,
        oe1_0.updated_at 
    from
        attendance_outbox oe1_0 
    where
        oe1_0.status in (?, ?) 
        and oe1_0.retry_count<?
2026-09-15T23:45:47.202+02:00 DEBUG 13392 --- [shecancode-attendance-system] [   scheduling-1] org.hibernate.SQL                        : 
    select
        oe1_0.id,
        oe1_0.aggregate_id,
        oe1_0.created_at,
        oe1_0.event_type,
        oe1_0.payload,
        oe1_0.processed_at,
        oe1_0.retry_count,
        oe1_0.status,
        oe1_0.updated_at 
    from
        attendance_outbox oe1_0 
    where
        oe1_0.status in (?, ?) 
        and oe1_0.retry_count<?
Hibernate: 
    select
        oe1_0.id,
        oe1_0.aggregate_id,
        oe1_0.created_at,
        oe1_0.event_type,
        oe1_0.payload,
        oe1_0.processed_at,
        oe1_0.retry_count,
        oe1_0.status,
        oe1_0.updated_at 
    from
        attendance_outbox oe1_0 
    where
        oe1_0.status in (?, ?) 
        and oe1_0.retry_count<?
2026-09-15T23:45:52.226+02:00 DEBUG 13392 --- [shecancode-attendance-system] [   scheduling-1] org.hibernate.SQL                        : 
    select
        oe1_0.id,
        oe1_0.aggregate_id,
        oe1_0.created_at,
        oe1_0.event_type,
        oe1_0.payload,
        oe1_0.processed_at,
        oe1_0.retry_count,
        oe1_0.status,
        oe1_0.updated_at 
    from
        attendance_outbox oe1_0 
    where
        oe1_0.status in (?, ?) 
        and oe1_0.retry_count<?
Hibernate: 
    select
        oe1_0.id,
        oe1_0.aggregate_id,
        oe1_0.created_at,
        oe1_0.event_type,
        oe1_0.payload,
        oe1_0.processed_at,
        oe1_0.retry_count,
        oe1_0.status,
        oe1_0.updated_at 
    from
        attendance_outbox oe1_0 
    where
        oe1_0.status in (?, ?) 
        and oe1_0.retry_count<?
2026-09-15T23:45:57.243+02:00 DEBUG 13392 --- [shecancode-attendance-system] [   scheduling-1] org.hibernate.SQL                        : 
    select
        oe1_0.id,
        oe1_0.aggregate_id,
        oe1_0.created_at,
        oe1_0.event_type,
        oe1_0.payload,
        oe1_0.processed_at,
        oe1_0.retry_count,
        oe1_0.status,
        oe1_0.updated_at 
    from
        attendance_outbox oe1_0 
    where
        oe1_0.status in (?, ?) 
        and oe1_0.retry_count<?
Hibernate: 
    select
        oe1_0.id,
        oe1_0.aggregate_id,
        oe1_0.created_at,
        oe1_0.event_type,
        oe1_0.payload,
        oe1_0.processed_at,
        oe1_0.retry_count,
        oe1_0.status,
        oe1_0.updated_at 
    from
        attendance_outbox oe1_0 
    where
        oe1_0.status in (?, ?) 
        and oe1_0.retry_count<?
2026-09-15T23:46:02.267+02:00 DEBUG 13392 --- [shecancode-attendance-system] [   scheduling-1] org.hibernate.SQL                        : 
    select
        oe1_0.id,
        oe1_0.aggregate_id,
        oe1_0.created_at,
        oe1_0.event_type,
        oe1_0.payload,
        oe1_0.processed_at,
        oe1_0.retry_count,
        oe1_0.status,
        oe1_0.updated_at 
    from
        attendance_outbox oe1_0 
    where
        oe1_0.status in (?, ?) 
        and oe1_0.retry_count<?
Hibernate: 
    select
        oe1_0.id,
        oe1_0.aggregate_id,
        oe1_0.created_at,
        oe1_0.event_type,
        oe1_0.payload,
        oe1_0.processed_at,
        oe1_0.retry_count,
        oe1_0.status,
        oe1_0.updated_at 
    from
        attendance_outbox oe1_0 
    where
        oe1_0.status in (?, ?) 
        and oe1_0.retry_count<?
2026-09-15T23:46:07.290+02:00 DEBUG 13392 --- [shecancode-attendance-system] [   scheduling-1] org.hibernate.SQL                        : 
    select
        oe1_0.id,
        oe1_0.aggregate_id,
        oe1_0.created_at,
        oe1_0.event_type,
        oe1_0.payload,
        oe1_0.processed_at,
        oe1_0.retry_count,
        oe1_0.status,
        oe1_0.updated_at 
    from
        attendance_outbox oe1_0 
    where
        oe1_0.status in (?, ?) 
        and oe1_0.retry_count<?
Hibernate: 
    select
        oe1_0.id,
        oe1_0.aggregate_id,
        oe1_0.created_at,
        oe1_0.event_type,
        oe1_0.payload,
        oe1_0.processed_at,
        oe1_0.retry_count,
        oe1_0.status,
        oe1_0.updated_at 
    from
        attendance_outbox oe1_0 
    where
        oe1_0.status in (?, ?) 
        and oe1_0.retry_count<?
2026-09-15T23:46:12.306+02:00 DEBUG 13392 --- [shecancode-attendance-system] [   scheduling-1] org.hibernate.SQL                        : 
    select
        oe1_0.id,
        oe1_0.aggregate_id,
        oe1_0.created_at,
        oe1_0.event_type,
        oe1_0.payload,
        oe1_0.processed_at,
        oe1_0.retry_count,
        oe1_0.status,
        oe1_0.updated_at 
    from
        attendance_outbox oe1_0 
    where
        oe1_0.status in (?, ?) 
        and oe1_0.retry_count<?
Hibernate: 
    select
        oe1_0.id,
        oe1_0.aggregate_id,
        oe1_0.created_at,
        oe1_0.event_type,
        oe1_0.payload,
        oe1_0.processed_at,
        oe1_0.retry_count,
        oe1_0.status,
        oe1_0.updated_at 
    from
        attendance_outbox oe1_0 
    where
        oe1_0.status in (?, ?) 
        and oe1_0.retry_count<?
2026-09-15T23:46:17.324+02:00 DEBUG 13392 --- [shecancode-attendance-system] [   scheduling-1] org.hibernate.SQL                        : 
    select
        oe1_0.id,
        oe1_0.aggregate_id,
        oe1_0.created_at,
        oe1_0.event_type,
        oe1_0.payload,
        oe1_0.processed_at,
        oe1_0.retry_count,
        oe1_0.status,
        oe1_0.updated_at 
    from
        attendance_outbox oe1_0 
    where
        oe1_0.status in (?, ?) 
        and oe1_0.retry_count<?
Hibernate: 
    select
        oe1_0.id,
        oe1_0.aggregate_id,
        oe1_0.created_at,
        oe1_0.event_type,
        oe1_0.payload,
        oe1_0.processed_at,
        oe1_0.retry_count,
        oe1_0.status,
        oe1_0.updated_at 
    from
        attendance_outbox oe1_0 
    where
        oe1_0.status in (?, ?) 
        and oe1_0.retry_count<?
2026-09-15T23:46:22.351+02:00 DEBUG 13392 --- [shecancode-attendance-system] [   scheduling-1] org.hibernate.SQL                        : 
    select
        oe1_0.id,
        oe1_0.aggregate_id,
        oe1_0.created_at,
        oe1_0.event_type,
        oe1_0.payload,
        oe1_0.processed_at,
        oe1_0.retry_count,
        oe1_0.status,
        oe1_0.updated_at 
    from
        attendance_outbox oe1_0 
    where
        oe1_0.status in (?, ?) 
        and oe1_0.retry_count<?
Hibernate: 
    select
        oe1_0.id,
        oe1_0.aggregate_id,
        oe1_0.created_at,
        oe1_0.event_type,
        oe1_0.payload,
        oe1_0.processed_at,
        oe1_0.retry_count,
        oe1_0.status,
        oe1_0.updated_at 
    from
        attendance_outbox oe1_0 
    where
        oe1_0.status in (?, ?) 
        and oe1_0.retry_count<?
2026-09-15T23:46:27.383+02:00 DEBUG 13392 --- [shecancode-attendance-system] [   scheduling-1] org.hibernate.SQL                        : 
    select
        oe1_0.id,
        oe1_0.aggregate_id,
        oe1_0.created_at,
        oe1_0.event_type,
        oe1_0.payload,
        oe1_0.processed_at,
        oe1_0.retry_count,
        oe1_0.status,
        oe1_0.updated_at 
    from
        attendance_outbox oe1_0 
    where
        oe1_0.status in (?, ?) 
        and oe1_0.retry_count<?
Hibernate: 
    select
        oe1_0.id,
        oe1_0.aggregate_id,
        oe1_0.created_at,
        oe1_0.event_type,
        oe1_0.payload,
        oe1_0.processed_at,
        oe1_0.retry_count,
        oe1_0.status,
        oe1_0.updated_at 
    from
        attendance_outbox oe1_0 
    where
        oe1_0.status in (?, ?) 
        and oe1_0.retry_count<?
2026-09-15T23:46:32.411+02:00 DEBUG 13392 --- [shecancode-attendance-system] [   scheduling-1] org.hibernate.SQL                        : 
    select
        oe1_0.id,
        oe1_0.aggregate_id,
        oe1_0.created_at,
        oe1_0.event_type,
        oe1_0.payload,
        oe1_0.processed_at,
        oe1_0.retry_count,
        oe1_0.status,
        oe1_0.updated_at 
    from
        attendance_outbox oe1_0 
    where
        oe1_0.status in (?, ?) 
        and oe1_0.retry_count<?
Hibernate: 
    select
        oe1_0.id,
        oe1_0.aggregate_id,
        oe1_0.created_at,
        oe1_0.event_type,
        oe1_0.payload,
        oe1_0.processed_at,
        oe1_0.retry_count,
        oe1_0.status,
        oe1_0.updated_at 
    from
        attendance_outbox oe1_0 
    where
        oe1_0.status in (?, ?) 
        and oe1_0.retry_count<?
2026-09-15T23:46:37.438+02:00 DEBUG 13392 --- [shecancode-attendance-system] [   scheduling-1] org.hibernate.SQL                        : 
    select
        oe1_0.id,
        oe1_0.aggregate_id,
        oe1_0.created_at,
        oe1_0.event_type,
        oe1_0.payload,
        oe1_0.processed_at,
        oe1_0.retry_count,
        oe1_0.status,
        oe1_0.updated_at 
    from
        attendance_outbox oe1_0 
    where
        oe1_0.status in (?, ?) 
        and oe1_0.retry_count<?
Hibernate: 
    select
        oe1_0.id,
        oe1_0.aggregate_id,
        oe1_0.created_at,
        oe1_0.event_type,
        oe1_0.payload,
        oe1_0.processed_at,
        oe1_0.retry_count,
        oe1_0.status,
        oe1_0.updated_at 
    from
        attendance_outbox oe1_0 
    where
        oe1_0.status in (?, ?) 
        and oe1_0.retry_count<?
2026-09-15T23:46:42.461+02:00 DEBUG 13392 --- [shecancode-attendance-system] [   scheduling-1] org.hibernate.SQL                        : 
    select
        oe1_0.id,
        oe1_0.aggregate_id,
        oe1_0.created_at,
        oe1_0.event_type,
        oe1_0.payload,
        oe1_0.processed_at,
        oe1_0.retry_count,
        oe1_0.status,
        oe1_0.updated_at 
    from
        attendance_outbox oe1_0 
    where
        oe1_0.status in (?, ?) 
        and oe1_0.retry_count<?
Hibernate: 
    select
        oe1_0.id,
        oe1_0.aggregate_id,
        oe1_0.created_at,
        oe1_0.event_type,
        oe1_0.payload,
        oe1_0.processed_at,
        oe1_0.retry_count,
        oe1_0.status,
        oe1_0.updated_at 
    from
        attendance_outbox oe1_0 
    where
        oe1_0.status in (?, ?) 
        and oe1_0.retry_count<?
2026-09-15T23:46:47.475+02:00 DEBUG 13392 --- [shecancode-attendance-system] [   scheduling-1] org.hibernate.SQL                        : 
    select
        oe1_0.id,
        oe1_0.aggregate_id,
        oe1_0.created_at,
        oe1_0.event_type,
        oe1_0.payload,
        oe1_0.processed_at,
        oe1_0.retry_count,
        oe1_0.status,
        oe1_0.updated_at 
    from
        attendance_outbox oe1_0 
    where
        oe1_0.status in (?, ?) 
        and oe1_0.retry_count<?
Hibernate: 
    select
        oe1_0.id,
        oe1_0.aggregate_id,
        oe1_0.created_at,
        oe1_0.event_type,
        oe1_0.payload,
        oe1_0.processed_at,
        oe1_0.retry_count,
        oe1_0.status,
        oe1_0.updated_at 
    from
        attendance_outbox oe1_0 
    where
        oe1_0.status in (?, ?) 
        and oe1_0.retry_count<?
2026-09-15T23:46:52.497+02:00 DEBUG 13392 --- [shecancode-attendance-system] [   scheduling-1] org.hibernate.SQL                        : 
    select
        oe1_0.id,
        oe1_0.aggregate_id,
        oe1_0.created_at,
        oe1_0.event_type,
        oe1_0.payload,
        oe1_0.processed_at,
        oe1_0.retry_count,
        oe1_0.status,
        oe1_0.updated_at 
    from
        attendance_outbox oe1_0 
    where
        oe1_0.status in (?, ?) 
        and oe1_0.retry_count<?
Hibernate: 
    select
        oe1_0.id,
        oe1_0.aggregate_id,
        oe1_0.created_at,
        oe1_0.event_type,
        oe1_0.payload,
        oe1_0.processed_at,
        oe1_0.retry_count,
        oe1_0.status,
        oe1_0.updated_at 
    from
        attendance_outbox oe1_0 
    where
        oe1_0.status in (?, ?) 
        and oe1_0.retry_count<?
2026-09-15T23:46:57.519+02:00 DEBUG 13392 --- [shecancode-attendance-system] [   scheduling-1] org.hibernate.SQL                        : 
    select
        oe1_0.id,
        oe1_0.aggregate_id,
        oe1_0.created_at,
        oe1_0.event_type,
        oe1_0.payload,
        oe1_0.processed_at,
        oe1_0.retry_count,
        oe1_0.status,
        oe1_0.updated_at 
    from
        attendance_outbox oe1_0 
    where
        oe1_0.status in (?, ?) 
        and oe1_0.retry_count<?
Hibernate: 
    select
        oe1_0.id,
        oe1_0.aggregate_id,
        oe1_0.created_at,
        oe1_0.event_type,
        oe1_0.payload,
        oe1_0.processed_at,
        oe1_0.retry_count,
        oe1_0.status,
        oe1_0.updated_at 
    from
        attendance_outbox oe1_0 
    where
        oe1_0.status in (?, ?) 
        and oe1_0.retry_count<?
2026-09-15T23:47:02.541+02:00 DEBUG 13392 --- [shecancode-attendance-system] [   scheduling-1] org.hibernate.SQL                        : 
    select
        oe1_0.id,
        oe1_0.aggregate_id,
        oe1_0.created_at,
        oe1_0.event_type,
        oe1_0.payload,
        oe1_0.processed_at,
        oe1_0.retry_count,
        oe1_0.status,
        oe1_0.updated_at 
    from
        attendance_outbox oe1_0 
    where
        oe1_0.status in (?, ?) 
        and oe1_0.retry_count<?
Hibernate: 
    select
        oe1_0.id,
        oe1_0.aggregate_id,
        oe1_0.created_at,
        oe1_0.event_type,
        oe1_0.payload,
        oe1_0.processed_at,
        oe1_0.retry_count,
        oe1_0.status,
        oe1_0.updated_at 
    from
        attendance_outbox oe1_0 
    where
        oe1_0.status in (?, ?) 
        and oe1_0.retry_count<?
2026-09-15T23:47:07.571+02:00 DEBUG 13392 --- [shecancode-attendance-system] [   scheduling-1] org.hibernate.SQL                        : 
    select
        oe1_0.id,
        oe1_0.aggregate_id,
        oe1_0.created_at,
        oe1_0.event_type,
        oe1_0.payload,
        oe1_0.processed_at,
        oe1_0.retry_count,
        oe1_0.status,
        oe1_0.updated_at 
    from
        attendance_outbox oe1_0 
    where
        oe1_0.status in (?, ?) 
        and oe1_0.retry_count<?
Hibernate: 
    select
        oe1_0.id,
        oe1_0.aggregate_id,
        oe1_0.created_at,
        oe1_0.event_type,
        oe1_0.payload,
        oe1_0.processed_at,
        oe1_0.retry_count,
        oe1_0.status,
        oe1_0.updated_at 
    from
        attendance_outbox oe1_0 
    where
        oe1_0.status in (?, ?) 
        and oe1_0.retry_count<?
2026-09-15T23:47:12.609+02:00 DEBUG 13392 --- [shecancode-attendance-system] [   scheduling-1] org.hibernate.SQL                        : 
    select
        oe1_0.id,
        oe1_0.aggregate_id,
        oe1_0.created_at,
        oe1_0.event_type,
        oe1_0.payload,
        oe1_0.processed_at,
        oe1_0.retry_count,
        oe1_0.status,
        oe1_0.updated_at 
    from
        attendance_outbox oe1_0 
    where
        oe1_0.status in (?, ?) 
        and oe1_0.retry_count<?
Hibernate: 
    select
        oe1_0.id,
        oe1_0.aggregate_id,
        oe1_0.created_at,
        oe1_0.event_type,
        oe1_0.payload,
        oe1_0.processed_at,
        oe1_0.retry_count,
        oe1_0.status,
        oe1_0.updated_at 
    from
        attendance_outbox oe1_0 
    where
        oe1_0.status in (?, ?) 
        and oe1_0.retry_count<?
2026-09-15T23:47:17.633+02:00 DEBUG 13392 --- [shecancode-attendance-system] [   scheduling-1] org.hibernate.SQL                        : 
    select
        oe1_0.id,
        oe1_0.aggregate_id,
        oe1_0.created_at,
        oe1_0.event_type,
        oe1_0.payload,
        oe1_0.processed_at,
        oe1_0.retry_count,
        oe1_0.status,
        oe1_0.updated_at 
    from
        attendance_outbox oe1_0 
    where
        oe1_0.status in (?, ?) 
        and oe1_0.retry_count<?
Hibernate: 
    select
        oe1_0.id,
        oe1_0.aggregate_id,
        oe1_0.created_at,
        oe1_0.event_type,
        oe1_0.payload,
        oe1_0.processed_at,
        oe1_0.retry_count,
        oe1_0.status,
        oe1_0.updated_at 
    from
        attendance_outbox oe1_0 
    where
        oe1_0.status in (?, ?) 
        and oe1_0.retry_count<?
2026-09-15T23:47:22.660+02:00 DEBUG 13392 --- [shecancode-attendance-system] [   scheduling-1] org.hibernate.SQL                        : 
    select
        oe1_0.id,
        oe1_0.aggregate_id,
        oe1_0.created_at,
        oe1_0.event_type,
        oe1_0.payload,
        oe1_0.processed_at,
        oe1_0.retry_count,
        oe1_0.status,
        oe1_0.updated_at 
    from
        attendance_outbox oe1_0 
    where
        oe1_0.status in (?, ?) 
        and oe1_0.retry_count<?
Hibernate: 
    select
        oe1_0.id,
        oe1_0.aggregate_id,
        oe1_0.created_at,
        oe1_0.event_type,
        oe1_0.payload,
        oe1_0.processed_at,
        oe1_0.retry_count,
        oe1_0.status,
        oe1_0.updated_at 
    from
        attendance_outbox oe1_0 
    where
        oe1_0.status in (?, ?) 
        and oe1_0.retry_count<?
2026-09-15T23:47:27.688+02:00 DEBUG 13392 --- [shecancode-attendance-system] [   scheduling-1] org.hibernate.SQL                        : 
    select
        oe1_0.id,
        oe1_0.aggregate_id,
        oe1_0.created_at,
        oe1_0.event_type,
        oe1_0.payload,
        oe1_0.processed_at,
        oe1_0.retry_count,
        oe1_0.status,
        oe1_0.updated_at 
    from
        attendance_outbox oe1_0 
    where
        oe1_0.status in (?, ?) 
        and oe1_0.retry_count<?
Hibernate: 
    select
        oe1_0.id,
        oe1_0.aggregate_id,
        oe1_0.created_at,
        oe1_0.event_type,
        oe1_0.payload,
        oe1_0.processed_at,
        oe1_0.retry_count,
        oe1_0.status,
        oe1_0.updated_at 
    from
        attendance_outbox oe1_0 
    where
        oe1_0.status in (?, ?) 
        and oe1_0.retry_count<?
2026-09-15T23:47:32.703+02:00 DEBUG 13392 --- [shecancode-attendance-system] [   scheduling-1] org.hibernate.SQL                        : 
    select
        oe1_0.id,
        oe1_0.aggregate_id,
        oe1_0.created_at,
        oe1_0.event_type,
        oe1_0.payload,
        oe1_0.processed_at,
        oe1_0.retry_count,
        oe1_0.status,
        oe1_0.updated_at 
    from
        attendance_outbox oe1_0 
    where
        oe1_0.status in (?, ?) 
        and oe1_0.retry_count<?
Hibernate: 
    select
        oe1_0.id,
        oe1_0.aggregate_id,
        oe1_0.created_at,
        oe1_0.event_type,
        oe1_0.payload,
        oe1_0.processed_at,
        oe1_0.retry_count,
        oe1_0.status,
        oe1_0.updated_at 
    from
        attendance_outbox oe1_0 
    where
        oe1_0.status in (?, ?) 
        and oe1_0.retry_count<?
2026-09-15T23:47:37.718+02:00 DEBUG 13392 --- [shecancode-attendance-system] [   scheduling-1] org.hibernate.SQL                        : 
    select
        oe1_0.id,
        oe1_0.aggregate_id,
        oe1_0.created_at,
        oe1_0.event_type,
        oe1_0.payload,
        oe1_0.processed_at,
        oe1_0.retry_count,
        oe1_0.status,
        oe1_0.updated_at 
    from
        attendance_outbox oe1_0 
    where
        oe1_0.status in (?, ?) 
        and oe1_0.retry_count<?
Hibernate: 
    select
        oe1_0.id,
        oe1_0.aggregate_id,
        oe1_0.created_at,
        oe1_0.event_type,
        oe1_0.payload,
        oe1_0.processed_at,
        oe1_0.retry_count,
        oe1_0.status,
        oe1_0.updated_at 
    from
        attendance_outbox oe1_0 
    where
        oe1_0.status in (?, ?) 
        and oe1_0.retry_count<?
2026-09-15T23:47:42.735+02:00 DEBUG 13392 --- [shecancode-attendance-system] [   scheduling-1] org.hibernate.SQL                        : 
    select
        oe1_0.id,
        oe1_0.aggregate_id,
        oe1_0.created_at,
        oe1_0.event_type,
        oe1_0.payload,
        oe1_0.processed_at,
        oe1_0.retry_count,
        oe1_0.status,
        oe1_0.updated_at 
    from
        attendance_outbox oe1_0 
    where
        oe1_0.status in (?, ?) 
        and oe1_0.retry_count<?
Hibernate: 
    select
        oe1_0.id,
        oe1_0.aggregate_id,
        oe1_0.created_at,
        oe1_0.event_type,
        oe1_0.payload,
        oe1_0.processed_at,
        oe1_0.retry_count,
        oe1_0.status,
        oe1_0.updated_at 
    from
        attendance_outbox oe1_0 
    where
        oe1_0.status in (?, ?) 
        and oe1_0.retry_count<?
2026-09-15T23:47:47.761+02:00 DEBUG 13392 --- [shecancode-attendance-system] [   scheduling-1] org.hibernate.SQL                        : 
    select
        oe1_0.id,
        oe1_0.aggregate_id,
        oe1_0.created_at,
        oe1_0.event_type,
        oe1_0.payload,
        oe1_0.processed_at,
        oe1_0.retry_count,
        oe1_0.status,
        oe1_0.updated_at 
    from
        attendance_outbox oe1_0 
    where
        oe1_0.status in (?, ?) 
        and oe1_0.retry_count<?
Hibernate: 
    select
        oe1_0.id,
        oe1_0.aggregate_id,
        oe1_0.created_at,
        oe1_0.event_type,
        oe1_0.payload,
        oe1_0.processed_at,
        oe1_0.retry_count,
        oe1_0.status,
        oe1_0.updated_at 
    from
        attendance_outbox oe1_0 
    where
        oe1_0.status in (?, ?) 
        and oe1_0.retry_count<?
2026-09-15T23:47:52.786+02:00 DEBUG 13392 --- [shecancode-attendance-system] [   scheduling-1] org.hibernate.SQL                        : 
    select
        oe1_0.id,
        oe1_0.aggregate_id,
        oe1_0.created_at,
        oe1_0.event_type,
        oe1_0.payload,
        oe1_0.processed_at,
        oe1_0.retry_count,
        oe1_0.status,
        oe1_0.updated_at 
    from
        attendance_outbox oe1_0 
    where
        oe1_0.status in (?, ?) 
        and oe1_0.retry_count<?
Hibernate: 
    select
        oe1_0.id,
        oe1_0.aggregate_id,
        oe1_0.created_at,
        oe1_0.event_type,
        oe1_0.payload,
        oe1_0.processed_at,
        oe1_0.retry_count,
        oe1_0.status,
        oe1_0.updated_at 
    from
        attendance_outbox oe1_0 
    where
        oe1_0.status in (?, ?) 
        and oe1_0.retry_count<?
2026-09-15T23:47:57.815+02:00 DEBUG 13392 --- [shecancode-attendance-system] [   scheduling-1] org.hibernate.SQL                        : 
    select
        oe1_0.id,
        oe1_0.aggregate_id,
        oe1_0.created_at,
        oe1_0.event_type,
        oe1_0.payload,
        oe1_0.processed_at,
        oe1_0.retry_count,
        oe1_0.status,
        oe1_0.updated_at 
    from
        attendance_outbox oe1_0 
    where
        oe1_0.status in (?, ?) 
        and oe1_0.retry_count<?
Hibernate: 
    select
        oe1_0.id,
        oe1_0.aggregate_id,
        oe1_0.created_at,
        oe1_0.event_type,
        oe1_0.payload,
        oe1_0.processed_at,
        oe1_0.retry_count,
        oe1_0.status,
        oe1_0.updated_at 
    from
        attendance_outbox oe1_0 
    where
        oe1_0.status in (?, ?) 
        and oe1_0.retry_count<?
2026-09-15T23:48:02.829+02:00 DEBUG 13392 --- [shecancode-attendance-system] [   scheduling-1] org.hibernate.SQL                        : 
    select
        oe1_0.id,
        oe1_0.aggregate_id,
        oe1_0.created_at,
        oe1_0.event_type,
        oe1_0.payload,
        oe1_0.processed_at,
        oe1_0.retry_count,
        oe1_0.status,
        oe1_0.updated_at 
    from
        attendance_outbox oe1_0 
    where
        oe1_0.status in (?, ?) 
        and oe1_0.retry_count<?
Hibernate: 
    select
        oe1_0.id,
        oe1_0.aggregate_id,
        oe1_0.created_at,
        oe1_0.event_type,
        oe1_0.payload,
        oe1_0.processed_at,
        oe1_0.retry_count,
        oe1_0.status,
        oe1_0.updated_at 
    from
        attendance_outbox oe1_0 
    where
        oe1_0.status in (?, ?) 
        and oe1_0.retry_count<?
2026-09-15T23:48:07.854+02:00 DEBUG 13392 --- [shecancode-attendance-system] [   scheduling-1] org.hibernate.SQL                        : 
    select
        oe1_0.id,
        oe1_0.aggregate_id,
        oe1_0.created_at,
        oe1_0.event_type,
        oe1_0.payload,
        oe1_0.processed_at,
        oe1_0.retry_count,
        oe1_0.status,
        oe1_0.updated_at 
    from
        attendance_outbox oe1_0 
    where
        oe1_0.status in (?, ?) 
        and oe1_0.retry_count<?
Hibernate: 
    select
        oe1_0.id,
        oe1_0.aggregate_id,
        oe1_0.created_at,
        oe1_0.event_type,
        oe1_0.payload,
        oe1_0.processed_at,
        oe1_0.retry_count,
        oe1_0.status,
        oe1_0.updated_at 
    from
        attendance_outbox oe1_0 
    where
        oe1_0.status in (?, ?) 
        and oe1_0.retry_count<?
2026-09-15T23:48:12.873+02:00 DEBUG 13392 --- [shecancode-attendance-system] [   scheduling-1] org.hibernate.SQL                        : 
    select
        oe1_0.id,
        oe1_0.aggregate_id,
        oe1_0.created_at,
        oe1_0.event_type,
        oe1_0.payload,
        oe1_0.processed_at,
        oe1_0.retry_count,
        oe1_0.status,
        oe1_0.updated_at 
    from
        attendance_outbox oe1_0 
    where
        oe1_0.status in (?, ?) 
        and oe1_0.retry_count<?
Hibernate: 
    select
        oe1_0.id,
        oe1_0.aggregate_id,
        oe1_0.created_at,
        oe1_0.event_type,
        oe1_0.payload,
        oe1_0.processed_at,
        oe1_0.retry_count,
        oe1_0.status,
        oe1_0.updated_at 
    from
        attendance_outbox oe1_0 
    where
        oe1_0.status in (?, ?) 
        and oe1_0.retry_count<?
2026-09-15T23:48:17.898+02:00 DEBUG 13392 --- [shecancode-attendance-system] [   scheduling-1] org.hibernate.SQL                        : 
    select
        oe1_0.id,
        oe1_0.aggregate_id,
        oe1_0.created_at,
        oe1_0.event_type,
        oe1_0.payload,
        oe1_0.processed_at,
        oe1_0.retry_count,
        oe1_0.status,
        oe1_0.updated_at 
    from
        attendance_outbox oe1_0 
    where
        oe1_0.status in (?, ?) 
        and oe1_0.retry_count<?
Hibernate: 
    select
        oe1_0.id,
        oe1_0.aggregate_id,
        oe1_0.created_at,
        oe1_0.event_type,
        oe1_0.payload,
        oe1_0.processed_at,
        oe1_0.retry_count,
        oe1_0.status,
        oe1_0.updated_at 
    from
        attendance_outbox oe1_0 
    where
        oe1_0.status in (?, ?) 
        and oe1_0.retry_count<?
2026-09-15T23:48:22.911+02:00 DEBUG 13392 --- [shecancode-attendance-system] [   scheduling-1] org.hibernate.SQL                        : 
    select
        oe1_0.id,
        oe1_0.aggregate_id,
        oe1_0.created_at,
        oe1_0.event_type,
        oe1_0.payload,
        oe1_0.processed_at,
        oe1_0.retry_count,
        oe1_0.status,
        oe1_0.updated_at 
    from
        attendance_outbox oe1_0 
    where
        oe1_0.status in (?, ?) 
        and oe1_0.retry_count<?
Hibernate: 
    select
        oe1_0.id,
        oe1_0.aggregate_id,
        oe1_0.created_at,
        oe1_0.event_type,
        oe1_0.payload,
        oe1_0.processed_at,
        oe1_0.retry_count,
        oe1_0.status,
        oe1_0.updated_at 
    from
        attendance_outbox oe1_0 
    where
        oe1_0.status in (?, ?) 
        and oe1_0.retry_count<?
2026-09-15T23:48:27.923+02:00 DEBUG 13392 --- [shecancode-attendance-system] [   scheduling-1] org.hibernate.SQL                        : 
    select
        oe1_0.id,
        oe1_0.aggregate_id,
        oe1_0.created_at,
        oe1_0.event_type,
        oe1_0.payload,
        oe1_0.processed_at,
        oe1_0.retry_count,
        oe1_0.status,
        oe1_0.updated_at 
    from
        attendance_outbox oe1_0 
    where
        oe1_0.status in (?, ?) 
        and oe1_0.retry_count<?
Hibernate: 
    select
        oe1_0.id,
        oe1_0.aggregate_id,
        oe1_0.created_at,
        oe1_0.event_type,
        oe1_0.payload,
        oe1_0.processed_at,
        oe1_0.retry_count,
        oe1_0.status,
        oe1_0.updated_at 
    from
        attendance_outbox oe1_0 
    where
        oe1_0.status in (?, ?) 
        and oe1_0.retry_count<?
2026-09-15T23:48:32.944+02:00 DEBUG 13392 --- [shecancode-attendance-system] [   scheduling-1] org.hibernate.SQL                        : 
    select
        oe1_0.id,
        oe1_0.aggregate_id,
        oe1_0.created_at,
        oe1_0.event_type,
        oe1_0.payload,
        oe1_0.processed_at,
        oe1_0.retry_count,
        oe1_0.status,
        oe1_0.updated_at 
    from
        attendance_outbox oe1_0 
    where
        oe1_0.status in (?, ?) 
        and oe1_0.retry_count<?
Hibernate: 
    select
        oe1_0.id,
        oe1_0.aggregate_id,
        oe1_0.created_at,
        oe1_0.event_type,
        oe1_0.payload,
        oe1_0.processed_at,
        oe1_0.retry_count,
        oe1_0.status,
        oe1_0.updated_at 
    from
        attendance_outbox oe1_0 
    where
        oe1_0.status in (?, ?) 
        and oe1_0.retry_count<?
2026-09-15T23:48:37.971+02:00 DEBUG 13392 --- [shecancode-attendance-system] [   scheduling-1] org.hibernate.SQL                        : 
    select
        oe1_0.id,
        oe1_0.aggregate_id,
        oe1_0.created_at,
        oe1_0.event_type,
        oe1_0.payload,
        oe1_0.processed_at,
        oe1_0.retry_count,
        oe1_0.status,
        oe1_0.updated_at 
    from
        attendance_outbox oe1_0 
    where
        oe1_0.status in (?, ?) 
        and oe1_0.retry_count<?
Hibernate: 
    select
        oe1_0.id,
        oe1_0.aggregate_id,
        oe1_0.created_at,
        oe1_0.event_type,
        oe1_0.payload,
        oe1_0.processed_at,
        oe1_0.retry_count,
        oe1_0.status,
        oe1_0.updated_at 
    from
        attendance_outbox oe1_0 
    where
        oe1_0.status in (?, ?) 
        and oe1_0.retry_count<?
2026-09-15T23:48:42.992+02:00 DEBUG 13392 --- [shecancode-attendance-system] [   scheduling-1] org.hibernate.SQL                        : 
    select
        oe1_0.id,
        oe1_0.aggregate_id,
        oe1_0.created_at,
        oe1_0.event_type,
        oe1_0.payload,
        oe1_0.processed_at,
        oe1_0.retry_count,
        oe1_0.status,
        oe1_0.updated_at 
    from
        attendance_outbox oe1_0 
    where
        oe1_0.status in (?, ?) 
        and oe1_0.retry_count<?
Hibernate: 
    select
        oe1_0.id,
        oe1_0.aggregate_id,
        oe1_0.created_at,
        oe1_0.event_type,
        oe1_0.payload,
        oe1_0.processed_at,
        oe1_0.retry_count,
        oe1_0.status,
        oe1_0.updated_at 
    from
        attendance_outbox oe1_0 
    where
        oe1_0.status in (?, ?) 
        and oe1_0.retry_count<?
2026-09-15T23:48:48.020+02:00 DEBUG 13392 --- [shecancode-attendance-system] [   scheduling-1] org.hibernate.SQL                        : 
    select
        oe1_0.id,
        oe1_0.aggregate_id,
        oe1_0.created_at,
        oe1_0.event_type,
        oe1_0.payload,
        oe1_0.processed_at,
        oe1_0.retry_count,
        oe1_0.status,
        oe1_0.updated_at 
    from
        attendance_outbox oe1_0 
    where
        oe1_0.status in (?, ?) 
        and oe1_0.retry_count<?
Hibernate: 
    select
        oe1_0.id,
        oe1_0.aggregate_id,
        oe1_0.created_at,
        oe1_0.event_type,
        oe1_0.payload,
        oe1_0.processed_at,
        oe1_0.retry_count,
        oe1_0.status,
        oe1_0.updated_at 
    from
        attendance_outbox oe1_0 
    where
        oe1_0.status in (?, ?) 
        and oe1_0.retry_count<?
2026-09-15T23:48:53.050+02:00 DEBUG 13392 --- [shecancode-attendance-system] [   scheduling-1] org.hibernate.SQL                        : 
    select
        oe1_0.id,
        oe1_0.aggregate_id,
        oe1_0.created_at,
        oe1_0.event_type,
        oe1_0.payload,
        oe1_0.processed_at,
        oe1_0.retry_count,
        oe1_0.status,
        oe1_0.updated_at 
    from
        attendance_outbox oe1_0 
    where
        oe1_0.status in (?, ?) 
        and oe1_0.retry_count<?
Hibernate: 
    select
        oe1_0.id,
        oe1_0.aggregate_id,
        oe1_0.created_at,
        oe1_0.event_type,
        oe1_0.payload,
        oe1_0.processed_at,
        oe1_0.retry_count,
        oe1_0.status,
        oe1_0.updated_at 
    from
        attendance_outbox oe1_0 
    where
        oe1_0.status in (?, ?) 
        and oe1_0.retry_count<?
2026-09-15T23:48:58.066+02:00 DEBUG 13392 --- [shecancode-attendance-system] [   scheduling-1] org.hibernate.SQL                        : 
    select
        oe1_0.id,
        oe1_0.aggregate_id,
        oe1_0.created_at,
        oe1_0.event_type,
        oe1_0.payload,
        oe1_0.processed_at,
        oe1_0.retry_count,
        oe1_0.status,
        oe1_0.updated_at 
    from
        attendance_outbox oe1_0 
    where
        oe1_0.status in (?, ?) 
        and oe1_0.retry_count<?
Hibernate: 
    select
        oe1_0.id,
        oe1_0.aggregate_id,
        oe1_0.created_at,
        oe1_0.event_type,
        oe1_0.payload,
        oe1_0.processed_at,
        oe1_0.retry_count,
        oe1_0.status,
        oe1_0.updated_at 
    from
        attendance_outbox oe1_0 
    where
        oe1_0.status in (?, ?) 
        and oe1_0.retry_count<?
2026-09-15T23:49:03.088+02:00 DEBUG 13392 --- [shecancode-attendance-system] [   scheduling-1] org.hibernate.SQL                        : 
    select
        oe1_0.id,
        oe1_0.aggregate_id,
        oe1_0.created_at,
        oe1_0.event_type,
        oe1_0.payload,
        oe1_0.processed_at,
        oe1_0.retry_count,
        oe1_0.status,
        oe1_0.updated_at 
    from
        attendance_outbox oe1_0 
    where
        oe1_0.status in (?, ?) 
        and oe1_0.retry_count<?
Hibernate: 
    select
        oe1_0.id,
        oe1_0.aggregate_id,
        oe1_0.created_at,
        oe1_0.event_type,
        oe1_0.payload,
        oe1_0.processed_at,
        oe1_0.retry_count,
        oe1_0.status,
        oe1_0.updated_at 
    from
        attendance_outbox oe1_0 
    where
        oe1_0.status in (?, ?) 
        and oe1_0.retry_count<?
2026-09-15T23:49:08.104+02:00 DEBUG 13392 --- [shecancode-attendance-system] [   scheduling-1] org.hibernate.SQL                        : 
    select
        oe1_0.id,
        oe1_0.aggregate_id,
        oe1_0.created_at,
        oe1_0.event_type,
        oe1_0.payload,
        oe1_0.processed_at,
        oe1_0.retry_count,
        oe1_0.status,
        oe1_0.updated_at 
    from
        attendance_outbox oe1_0 
    where
        oe1_0.status in (?, ?) 
        and oe1_0.retry_count<?
Hibernate: 
    select
        oe1_0.id,
        oe1_0.aggregate_id,
        oe1_0.created_at,
        oe1_0.event_type,
        oe1_0.payload,
        oe1_0.processed_at,
        oe1_0.retry_count,
        oe1_0.status,
        oe1_0.updated_at 
    from
        attendance_outbox oe1_0 
    where
        oe1_0.status in (?, ?) 
        and oe1_0.retry_count<?
2026-09-15T23:49:13.131+02:00 DEBUG 13392 --- [shecancode-attendance-system] [   scheduling-1] org.hibernate.SQL                        : 
    select
        oe1_0.id,
        oe1_0.aggregate_id,
        oe1_0.created_at,
        oe1_0.event_type,
        oe1_0.payload,
        oe1_0.processed_at,
        oe1_0.retry_count,
        oe1_0.status,
        oe1_0.updated_at 
    from
        attendance_outbox oe1_0 
    where
        oe1_0.status in (?, ?) 
        and oe1_0.retry_count<?
Hibernate: 
    select
        oe1_0.id,
        oe1_0.aggregate_id,
        oe1_0.created_at,
        oe1_0.event_type,
        oe1_0.payload,
        oe1_0.processed_at,
        oe1_0.retry_count,
        oe1_0.status,
        oe1_0.updated_at 
    from
        attendance_outbox oe1_0 
    where
        oe1_0.status in (?, ?) 
        and oe1_0.retry_count<?
2026-09-15T23:49:18.163+02:00 DEBUG 13392 --- [shecancode-attendance-system] [   scheduling-1] org.hibernate.SQL                        : 
    select
        oe1_0.id,
        oe1_0.aggregate_id,
        oe1_0.created_at,
        oe1_0.event_type,
        oe1_0.payload,
        oe1_0.processed_at,
        oe1_0.retry_count,
        oe1_0.status,
        oe1_0.updated_at 
    from
        attendance_outbox oe1_0 
    where
        oe1_0.status in (?, ?) 
        and oe1_0.retry_count<?
Hibernate: 
    select
        oe1_0.id,
        oe1_0.aggregate_id,
        oe1_0.created_at,
        oe1_0.event_type,
        oe1_0.payload,
        oe1_0.processed_at,
        oe1_0.retry_count,
        oe1_0.status,
        oe1_0.updated_at 
    from
        attendance_outbox oe1_0 
    where
        oe1_0.status in (?, ?) 
        and oe1_0.retry_count<?
2026-09-15T23:49:23.182+02:00 DEBUG 13392 --- [shecancode-attendance-system] [   scheduling-1] org.hibernate.SQL                        : 
    select
        oe1_0.id,
        oe1_0.aggregate_id,
        oe1_0.created_at,
        oe1_0.event_type,
        oe1_0.payload,
        oe1_0.processed_at,
        oe1_0.retry_count,
        oe1_0.status,
        oe1_0.updated_at 
    from
        attendance_outbox oe1_0 
    where
        oe1_0.status in (?, ?) 
        and oe1_0.retry_count<?
Hibernate: 
    select
        oe1_0.id,
        oe1_0.aggregate_id,
        oe1_0.created_at,
        oe1_0.event_type,
        oe1_0.payload,
        oe1_0.processed_at,
        oe1_0.retry_count,
        oe1_0.status,
        oe1_0.updated_at 
    from
        attendance_outbox oe1_0 
    where
        oe1_0.status in (?, ?) 
        and oe1_0.retry_count<?
2026-09-15T23:49:28.207+02:00 DEBUG 13392 --- [shecancode-attendance-system] [   scheduling-1] org.hibernate.SQL                        : 
    select
        oe1_0.id,
        oe1_0.aggregate_id,
        oe1_0.created_at,
        oe1_0.event_type,
        oe1_0.payload,
        oe1_0.processed_at,
        oe1_0.retry_count,
        oe1_0.status,
        oe1_0.updated_at 
    from
        attendance_outbox oe1_0 
    where
        oe1_0.status in (?, ?) 
        and oe1_0.retry_count<?
Hibernate: 
    select
        oe1_0.id,
        oe1_0.aggregate_id,
        oe1_0.created_at,
        oe1_0.event_type,
        oe1_0.payload,
        oe1_0.processed_at,
        oe1_0.retry_count,
        oe1_0.status,
        oe1_0.updated_at 
    from
        attendance_outbox oe1_0 
    where
        oe1_0.status in (?, ?) 
        and oe1_0.retry_count<?
2026-09-15T23:49:33.245+02:00 DEBUG 13392 --- [shecancode-attendance-system] [   scheduling-1] org.hibernate.SQL                        : 
    select
        oe1_0.id,
        oe1_0.aggregate_id,
        oe1_0.created_at,
        oe1_0.event_type,
        oe1_0.payload,
        oe1_0.processed_at,
        oe1_0.retry_count,
        oe1_0.status,
        oe1_0.updated_at 
    from
        attendance_outbox oe1_0 
    where
        oe1_0.status in (?, ?) 
        and oe1_0.retry_count<?
Hibernate: 
    select
        oe1_0.id,
        oe1_0.aggregate_id,
        oe1_0.created_at,
        oe1_0.event_type,
        oe1_0.payload,
        oe1_0.processed_at,
        oe1_0.retry_count,
        oe1_0.status,
        oe1_0.updated_at 
    from
        attendance_outbox oe1_0 
    where
        oe1_0.status in (?, ?) 
        and oe1_0.retry_count<?
2026-09-15T23:49:38.265+02:00 DEBUG 13392 --- [shecancode-attendance-system] [   scheduling-1] org.hibernate.SQL                        : 
    select
        oe1_0.id,
        oe1_0.aggregate_id,
        oe1_0.created_at,
        oe1_0.event_type,
        oe1_0.payload,
        oe1_0.processed_at,
        oe1_0.retry_count,
        oe1_0.status,
        oe1_0.updated_at 
    from
        attendance_outbox oe1_0 
    where
        oe1_0.status in (?, ?) 
        and oe1_0.retry_count<?
Hibernate: 
    select
        oe1_0.id,
        oe1_0.aggregate_id,
        oe1_0.created_at,
        oe1_0.event_type,
        oe1_0.payload,
        oe1_0.processed_at,
        oe1_0.retry_count,
        oe1_0.status,
        oe1_0.updated_at 
    from
        attendance_outbox oe1_0 
    where
        oe1_0.status in (?, ?) 
        and oe1_0.retry_count<?
2026-09-15T23:49:43.290+02:00 DEBUG 13392 --- [shecancode-attendance-system] [   scheduling-1] org.hibernate.SQL                        : 
    select
        oe1_0.id,
        oe1_0.aggregate_id,
        oe1_0.created_at,
        oe1_0.event_type,
        oe1_0.payload,
        oe1_0.processed_at,
        oe1_0.retry_count,
        oe1_0.status,
        oe1_0.updated_at 
    from
        attendance_outbox oe1_0 
    where
        oe1_0.status in (?, ?) 
        and oe1_0.retry_count<?
Hibernate: 
    select
        oe1_0.id,
        oe1_0.aggregate_id,
        oe1_0.created_at,
        oe1_0.event_type,
        oe1_0.payload,
        oe1_0.processed_at,
        oe1_0.retry_count,
        oe1_0.status,
        oe1_0.updated_at 
    from
        attendance_outbox oe1_0 
    where
        oe1_0.status in (?, ?) 
        and oe1_0.retry_count<?
2026-09-15T23:49:48.318+02:00 DEBUG 13392 --- [shecancode-attendance-system] [   scheduling-1] org.hibernate.SQL                        : 
    select
        oe1_0.id,
        oe1_0.aggregate_id,
        oe1_0.created_at,
        oe1_0.event_type,
        oe1_0.payload,
        oe1_0.processed_at,
        oe1_0.retry_count,
        oe1_0.status,
        oe1_0.updated_at 
    from
        attendance_outbox oe1_0 
    where
        oe1_0.status in (?, ?) 
        and oe1_0.retry_count<?
Hibernate: 
    select
        oe1_0.id,
        oe1_0.aggregate_id,
        oe1_0.created_at,
        oe1_0.event_type,
        oe1_0.payload,
        oe1_0.processed_at,
        oe1_0.retry_count,
        oe1_0.status,
        oe1_0.updated_at 
    from
        attendance_outbox oe1_0 
    where
        oe1_0.status in (?, ?) 
        and oe1_0.retry_count<?
2026-09-15T23:49:53.329+02:00 DEBUG 13392 --- [shecancode-attendance-system] [   scheduling-1] org.hibernate.SQL                        : 
    select
        oe1_0.id,
        oe1_0.aggregate_id,
        oe1_0.created_at,
        oe1_0.event_type,
        oe1_0.payload,
        oe1_0.processed_at,
        oe1_0.retry_count,
        oe1_0.status,
        oe1_0.updated_at 
    from
        attendance_outbox oe1_0 
    where
        oe1_0.status in (?, ?) 
        and oe1_0.retry_count<?
Hibernate: 
    select
        oe1_0.id,
        oe1_0.aggregate_id,
        oe1_0.created_at,
        oe1_0.event_type,
        oe1_0.payload,
        oe1_0.processed_at,
        oe1_0.retry_count,
        oe1_0.status,
        oe1_0.updated_at 
    from
        attendance_outbox oe1_0 
    where
        oe1_0.status in (?, ?) 
        and oe1_0.retry_count<?
2026-09-15T23:49:58.345+02:00 DEBUG 13392 --- [shecancode-attendance-system] [   scheduling-1] org.hibernate.SQL                        : 
    select
        oe1_0.id,
        oe1_0.aggregate_id,
        oe1_0.created_at,
        oe1_0.event_type,
        oe1_0.payload,
        oe1_0.processed_at,
        oe1_0.retry_count,
        oe1_0.status,
        oe1_0.updated_at 
    from
        attendance_outbox oe1_0 
    where
        oe1_0.status in (?, ?) 
        and oe1_0.retry_count<?
Hibernate: 
    select
        oe1_0.id,
        oe1_0.aggregate_id,
        oe1_0.created_at,
        oe1_0.event_type,
        oe1_0.payload,
        oe1_0.processed_at,
        oe1_0.retry_count,
        oe1_0.status,
        oe1_0.updated_at 
    from
        attendance_outbox oe1_0 
    where
        oe1_0.status in (?, ?) 
        and oe1_0.retry_count<?
2026-09-15T23:50:03.353+02:00 DEBUG 13392 --- [shecancode-attendance-system] [   scheduling-1] org.hibernate.SQL                        : 
    select
        oe1_0.id,
        oe1_0.aggregate_id,
        oe1_0.created_at,
        oe1_0.event_type,
        oe1_0.payload,
        oe1_0.processed_at,
        oe1_0.retry_count,
        oe1_0.status,
        oe1_0.updated_at 
    from
        attendance_outbox oe1_0 
    where
        oe1_0.status in (?, ?) 
        and oe1_0.retry_count<?
Hibernate: 
    select
        oe1_0.id,
        oe1_0.aggregate_id,
        oe1_0.created_at,
        oe1_0.event_type,
        oe1_0.payload,
        oe1_0.processed_at,
        oe1_0.retry_count,
        oe1_0.status,
        oe1_0.updated_at 
    from
        attendance_outbox oe1_0 
    where
        oe1_0.status in (?, ?) 
        and oe1_0.retry_count<?
2026-09-15T23:50:08.372+02:00 DEBUG 13392 --- [shecancode-attendance-system] [   scheduling-1] org.hibernate.SQL                        : 
    select
        oe1_0.id,
        oe1_0.aggregate_id,
        oe1_0.created_at,
        oe1_0.event_type,
        oe1_0.payload,
        oe1_0.processed_at,
        oe1_0.retry_count,
        oe1_0.status,
        oe1_0.updated_at 
    from
        attendance_outbox oe1_0 
    where
        oe1_0.status in (?, ?) 
        and oe1_0.retry_count<?
Hibernate: 
    select
        oe1_0.id,
        oe1_0.aggregate_id,
        oe1_0.created_at,
        oe1_0.event_type,
        oe1_0.payload,
        oe1_0.processed_at,
        oe1_0.retry_count,
        oe1_0.status,
        oe1_0.updated_at 
    from
        attendance_outbox oe1_0 
    where
        oe1_0.status in (?, ?) 
        and oe1_0.retry_count<?
2026-09-15T23:50:13.390+02:00 DEBUG 13392 --- [shecancode-attendance-system] [   scheduling-1] org.hibernate.SQL                        : 
    select
        oe1_0.id,
        oe1_0.aggregate_id,
        oe1_0.created_at,
        oe1_0.event_type,
        oe1_0.payload,
        oe1_0.processed_at,
        oe1_0.retry_count,
        oe1_0.status,
        oe1_0.updated_at 
    from
        attendance_outbox oe1_0 
    where
        oe1_0.status in (?, ?) 
        and oe1_0.retry_count<?
Hibernate: 
    select
        oe1_0.id,
        oe1_0.aggregate_id,
        oe1_0.created_at,
        oe1_0.event_type,
        oe1_0.payload,
        oe1_0.processed_at,
        oe1_0.retry_count,
        oe1_0.status,
        oe1_0.updated_at 
    from
        attendance_outbox oe1_0 
    where
        oe1_0.status in (?, ?) 
        and oe1_0.retry_count<?
2026-09-15T23:50:18.409+02:00 DEBUG 13392 --- [shecancode-attendance-system] [   scheduling-1] org.hibernate.SQL                        : 
    select
        oe1_0.id,
        oe1_0.aggregate_id,
        oe1_0.created_at,
        oe1_0.event_type,
        oe1_0.payload,
        oe1_0.processed_at,
        oe1_0.retry_count,
        oe1_0.status,
        oe1_0.updated_at 
    from
        attendance_outbox oe1_0 
    where
        oe1_0.status in (?, ?) 
        and oe1_0.retry_count<?
Hibernate: 
    select
        oe1_0.id,
        oe1_0.aggregate_id,
        oe1_0.created_at,
        oe1_0.event_type,
        oe1_0.payload,
        oe1_0.processed_at,
        oe1_0.retry_count,
        oe1_0.status,
        oe1_0.updated_at 
    from
        attendance_outbox oe1_0 
    where
        oe1_0.status in (?, ?) 
        and oe1_0.retry_count<?
2026-09-15T23:50:23.431+02:00 DEBUG 13392 --- [shecancode-attendance-system] [   scheduling-1] org.hibernate.SQL                        : 
    select
        oe1_0.id,
        oe1_0.aggregate_id,
        oe1_0.created_at,
        oe1_0.event_type,
        oe1_0.payload,
        oe1_0.processed_at,
        oe1_0.retry_count,
        oe1_0.status,
        oe1_0.updated_at 
    from
        attendance_outbox oe1_0 
    where
        oe1_0.status in (?, ?) 
        and oe1_0.retry_count<?
Hibernate: 
    select
        oe1_0.id,
        oe1_0.aggregate_id,
        oe1_0.created_at,
        oe1_0.event_type,
        oe1_0.payload,
        oe1_0.processed_at,
        oe1_0.retry_count,
        oe1_0.status,
        oe1_0.updated_at 
    from
        attendance_outbox oe1_0 
    where
        oe1_0.status in (?, ?) 
        and oe1_0.retry_count<?
2026-09-15T23:50:28.451+02:00 DEBUG 13392 --- [shecancode-attendance-system] [   scheduling-1] org.hibernate.SQL                        : 
    select
        oe1_0.id,
        oe1_0.aggregate_id,
        oe1_0.created_at,
        oe1_0.event_type,
        oe1_0.payload,
        oe1_0.processed_at,
        oe1_0.retry_count,
        oe1_0.status,
        oe1_0.updated_at 
    from
        attendance_outbox oe1_0 
    where
        oe1_0.status in (?, ?) 
        and oe1_0.retry_count<?
Hibernate: 
    select
        oe1_0.id,
        oe1_0.aggregate_id,
        oe1_0.created_at,
        oe1_0.event_type,
        oe1_0.payload,
        oe1_0.processed_at,
        oe1_0.retry_count,
        oe1_0.status,
        oe1_0.updated_at 
    from
        attendance_outbox oe1_0 
    where
        oe1_0.status in (?, ?) 
        and oe1_0.retry_count<?
2026-09-15T23:50:33.462+02:00 DEBUG 13392 --- [shecancode-attendance-system] [   scheduling-1] org.hibernate.SQL                        : 
    select
        oe1_0.id,
        oe1_0.aggregate_id,
        oe1_0.created_at,
        oe1_0.event_type,
        oe1_0.payload,
        oe1_0.processed_at,
        oe1_0.retry_count,
        oe1_0.status,
        oe1_0.updated_at 
    from
        attendance_outbox oe1_0 
    where
        oe1_0.status in (?, ?) 
        and oe1_0.retry_count<?
Hibernate: 
    select
        oe1_0.id,
        oe1_0.aggregate_id,
        oe1_0.created_at,
        oe1_0.event_type,
        oe1_0.payload,
        oe1_0.processed_at,
        oe1_0.retry_count,
        oe1_0.status,
        oe1_0.updated_at 
    from
        attendance_outbox oe1_0 
    where
        oe1_0.status in (?, ?) 
        and oe1_0.retry_count<?
2026-09-15T23:50:38.481+02:00 DEBUG 13392 --- [shecancode-attendance-system] [   scheduling-1] org.hibernate.SQL                        : 
    select
        oe1_0.id,
        oe1_0.aggregate_id,
        oe1_0.created_at,
        oe1_0.event_type,
        oe1_0.payload,
        oe1_0.processed_at,
        oe1_0.retry_count,
        oe1_0.status,
        oe1_0.updated_at 
    from
        attendance_outbox oe1_0 
    where
        oe1_0.status in (?, ?) 
        and oe1_0.retry_count<?
Hibernate: 
    select
        oe1_0.id,
        oe1_0.aggregate_id,
        oe1_0.created_at,
        oe1_0.event_type,
        oe1_0.payload,
        oe1_0.processed_at,
        oe1_0.retry_count,
        oe1_0.status,
        oe1_0.updated_at 
    from
        attendance_outbox oe1_0 
    where
        oe1_0.status in (?, ?) 
        and oe1_0.retry_count<?
2026-09-15T23:50:43.505+02:00 DEBUG 13392 --- [shecancode-attendance-system] [   scheduling-1] org.hibernate.SQL                        : 
    select
        oe1_0.id,
        oe1_0.aggregate_id,
        oe1_0.created_at,
        oe1_0.event_type,
        oe1_0.payload,
        oe1_0.processed_at,
        oe1_0.retry_count,
        oe1_0.status,
        oe1_0.updated_at 
    from
        attendance_outbox oe1_0 
    where
        oe1_0.status in (?, ?) 
        and oe1_0.retry_count<?
Hibernate: 
    select
        oe1_0.id,
        oe1_0.aggregate_id,
        oe1_0.created_at,
        oe1_0.event_type,
        oe1_0.payload,
        oe1_0.processed_at,
        oe1_0.retry_count,
        oe1_0.status,
        oe1_0.updated_at 
    from
        attendance_outbox oe1_0 
    where
        oe1_0.status in (?, ?) 
        and oe1_0.retry_count<?
2026-09-15T23:50:48.528+02:00 DEBUG 13392 --- [shecancode-attendance-system] [   scheduling-1] org.hibernate.SQL                        : 
    select
        oe1_0.id,
        oe1_0.aggregate_id,
        oe1_0.created_at,
        oe1_0.event_type,
        oe1_0.payload,
        oe1_0.processed_at,
        oe1_0.retry_count,
        oe1_0.status,
        oe1_0.updated_at 
    from
        attendance_outbox oe1_0 
    where
        oe1_0.status in (?, ?) 
        and oe1_0.retry_count<?
Hibernate: 
    select
        oe1_0.id,
        oe1_0.aggregate_id,
        oe1_0.created_at,
        oe1_0.event_type,
        oe1_0.payload,
        oe1_0.processed_at,
        oe1_0.retry_count,
        oe1_0.status,
        oe1_0.updated_at 
    from
        attendance_outbox oe1_0 
    where
        oe1_0.status in (?, ?) 
        and oe1_0.retry_count<?
2026-09-15T23:50:53.549+02:00 DEBUG 13392 --- [shecancode-attendance-system] [   scheduling-1] org.hibernate.SQL                        : 
    select
        oe1_0.id,
        oe1_0.aggregate_id,
        oe1_0.created_at,
        oe1_0.event_type,
        oe1_0.payload,
        oe1_0.processed_at,
        oe1_0.retry_count,
        oe1_0.status,
        oe1_0.updated_at 
    from
        attendance_outbox oe1_0 
    where
        oe1_0.status in (?, ?) 
        and oe1_0.retry_count<?
Hibernate: 
    select
        oe1_0.id,
        oe1_0.aggregate_id,
        oe1_0.created_at,
        oe1_0.event_type,
        oe1_0.payload,
        oe1_0.processed_at,
        oe1_0.retry_count,
        oe1_0.status,
        oe1_0.updated_at 
    from
        attendance_outbox oe1_0 
    where
        oe1_0.status in (?, ?) 
        and oe1_0.retry_count<?
2026-09-15T23:50:58.569+02:00 DEBUG 13392 --- [shecancode-attendance-system] [   scheduling-1] org.hibernate.SQL                        : 
    select
        oe1_0.id,
        oe1_0.aggregate_id,
        oe1_0.created_at,
        oe1_0.event_type,
        oe1_0.payload,
        oe1_0.processed_at,
        oe1_0.retry_count,
        oe1_0.status,
        oe1_0.updated_at 
    from
        attendance_outbox oe1_0 
    where
        oe1_0.status in (?, ?) 
        and oe1_0.retry_count<?
Hibernate: 
    select
        oe1_0.id,
        oe1_0.aggregate_id,
        oe1_0.created_at,
        oe1_0.event_type,
        oe1_0.payload,
        oe1_0.processed_at,
        oe1_0.retry_count,
        oe1_0.status,
        oe1_0.updated_at 
    from
        attendance_outbox oe1_0 
    where
        oe1_0.status in (?, ?) 
        and oe1_0.retry_count<?
2026-09-15T23:51:03.590+02:00 DEBUG 13392 --- [shecancode-attendance-system] [   scheduling-1] org.hibernate.SQL                        : 
    select
        oe1_0.id,
        oe1_0.aggregate_id,
        oe1_0.created_at,
        oe1_0.event_type,
        oe1_0.payload,
        oe1_0.processed_at,
        oe1_0.retry_count,
        oe1_0.status,
        oe1_0.updated_at 
    from
        attendance_outbox oe1_0 
    where
        oe1_0.status in (?, ?) 
        and oe1_0.retry_count<?
Hibernate: 
    select
        oe1_0.id,
        oe1_0.aggregate_id,
        oe1_0.created_at,
        oe1_0.event_type,
        oe1_0.payload,
        oe1_0.processed_at,
        oe1_0.retry_count,
        oe1_0.status,
        oe1_0.updated_at 
    from
        attendance_outbox oe1_0 
    where
        oe1_0.status in (?, ?) 
        and oe1_0.retry_count<?
2026-09-15T23:51:08.613+02:00 DEBUG 13392 --- [shecancode-attendance-system] [   scheduling-1] org.hibernate.SQL                        : 
    select
        oe1_0.id,
        oe1_0.aggregate_id,
        oe1_0.created_at,
        oe1_0.event_type,
        oe1_0.payload,
        oe1_0.processed_at,
        oe1_0.retry_count,
        oe1_0.status,
        oe1_0.updated_at 
    from
        attendance_outbox oe1_0 
    where
        oe1_0.status in (?, ?) 
        and oe1_0.retry_count<?
Hibernate: 
    select
        oe1_0.id,
        oe1_0.aggregate_id,
        oe1_0.created_at,
        oe1_0.event_type,
        oe1_0.payload,
        oe1_0.processed_at,
        oe1_0.retry_count,
        oe1_0.status,
        oe1_0.updated_at 
    from
        attendance_outbox oe1_0 
    where
        oe1_0.status in (?, ?) 
        and oe1_0.retry_count<?
2026-09-15T23:51:13.634+02:00 DEBUG 13392 --- [shecancode-attendance-system] [   scheduling-1] org.hibernate.SQL                        : 
    select
        oe1_0.id,
        oe1_0.aggregate_id,
        oe1_0.created_at,
        oe1_0.event_type,
        oe1_0.payload,
        oe1_0.processed_at,
        oe1_0.retry_count,
        oe1_0.status,
        oe1_0.updated_at 
    from
        attendance_outbox oe1_0 
    where
        oe1_0.status in (?, ?) 
        and oe1_0.retry_count<?
Hibernate: 
    select
        oe1_0.id,
        oe1_0.aggregate_id,
        oe1_0.created_at,
        oe1_0.event_type,
        oe1_0.payload,
        oe1_0.processed_at,
        oe1_0.retry_count,
        oe1_0.status,
        oe1_0.updated_at 
    from
        attendance_outbox oe1_0 
    where
        oe1_0.status in (?, ?) 
        and oe1_0.retry_count<?
2026-09-15T23:51:18.647+02:00 DEBUG 13392 --- [shecancode-attendance-system] [   scheduling-1] org.hibernate.SQL                        : 
    select
        oe1_0.id,
        oe1_0.aggregate_id,
        oe1_0.created_at,
        oe1_0.event_type,
        oe1_0.payload,
        oe1_0.processed_at,
        oe1_0.retry_count,
        oe1_0.status,
        oe1_0.updated_at 
    from
        attendance_outbox oe1_0 
    where
        oe1_0.status in (?, ?) 
        and oe1_0.retry_count<?
Hibernate: 
    select
        oe1_0.id,
        oe1_0.aggregate_id,
        oe1_0.created_at,
        oe1_0.event_type,
        oe1_0.payload,
        oe1_0.processed_at,
        oe1_0.retry_count,
        oe1_0.status,
        oe1_0.updated_at 
    from
        attendance_outbox oe1_0 
    where
        oe1_0.status in (?, ?) 
        and oe1_0.retry_count<?
2026-09-15T23:51:23.664+02:00 DEBUG 13392 --- [shecancode-attendance-system] [   scheduling-1] org.hibernate.SQL                        : 
    select
        oe1_0.id,
        oe1_0.aggregate_id,
        oe1_0.created_at,
        oe1_0.event_type,
        oe1_0.payload,
        oe1_0.processed_at,
        oe1_0.retry_count,
        oe1_0.status,
        oe1_0.updated_at 
    from
        attendance_outbox oe1_0 
    where
        oe1_0.status in (?, ?) 
        and oe1_0.retry_count<?
Hibernate: 
    select
        oe1_0.id,
        oe1_0.aggregate_id,
        oe1_0.created_at,
        oe1_0.event_type,
        oe1_0.payload,
        oe1_0.processed_at,
        oe1_0.retry_count,
        oe1_0.status,
        oe1_0.updated_at 
    from
        attendance_outbox oe1_0 
    where
        oe1_0.status in (?, ?) 
        and oe1_0.retry_count<?
2026-09-15T23:51:28.685+02:00 DEBUG 13392 --- [shecancode-attendance-system] [   scheduling-1] org.hibernate.SQL                        : 
    select
        oe1_0.id,
        oe1_0.aggregate_id,
        oe1_0.created_at,
        oe1_0.event_type,
        oe1_0.payload,
        oe1_0.processed_at,
        oe1_0.retry_count,
        oe1_0.status,
        oe1_0.updated_at 
    from
        attendance_outbox oe1_0 
    where
        oe1_0.status in (?, ?) 
        and oe1_0.retry_count<?
Hibernate: 
    select
        oe1_0.id,
        oe1_0.aggregate_id,
        oe1_0.created_at,
        oe1_0.event_type,
        oe1_0.payload,
        oe1_0.processed_at,
        oe1_0.retry_count,
        oe1_0.status,
        oe1_0.updated_at 
    from
        attendance_outbox oe1_0 
    where
        oe1_0.status in (?, ?) 
        and oe1_0.retry_count<?
2026-09-15T23:51:33.716+02:00 DEBUG 13392 --- [shecancode-attendance-system] [   scheduling-1] org.hibernate.SQL                        : 
    select
        oe1_0.id,
        oe1_0.aggregate_id,
        oe1_0.created_at,
        oe1_0.event_type,
        oe1_0.payload,
        oe1_0.processed_at,
        oe1_0.retry_count,
        oe1_0.status,
        oe1_0.updated_at 
    from
        attendance_outbox oe1_0 
    where
        oe1_0.status in (?, ?) 
        and oe1_0.retry_count<?
Hibernate: 
    select
        oe1_0.id,
        oe1_0.aggregate_id,
        oe1_0.created_at,
        oe1_0.event_type,
        oe1_0.payload,
        oe1_0.processed_at,
        oe1_0.retry_count,
        oe1_0.status,
        oe1_0.updated_at 
    from
        attendance_outbox oe1_0 
    where
        oe1_0.status in (?, ?) 
        and oe1_0.retry_count<?
2026-09-15T23:51:38.738+02:00 DEBUG 13392 --- [shecancode-attendance-system] [   scheduling-1] org.hibernate.SQL                        : 
    select
        oe1_0.id,
        oe1_0.aggregate_id,
        oe1_0.created_at,
        oe1_0.event_type,
        oe1_0.payload,
        oe1_0.processed_at,
        oe1_0.retry_count,
        oe1_0.status,
        oe1_0.updated_at 
    from
        attendance_outbox oe1_0 
    where
        oe1_0.status in (?, ?) 
        and oe1_0.retry_count<?
Hibernate: 
    select
        oe1_0.id,
        oe1_0.aggregate_id,
        oe1_0.created_at,
        oe1_0.event_type,
        oe1_0.payload,
        oe1_0.processed_at,
        oe1_0.retry_count,
        oe1_0.status,
        oe1_0.updated_at 
    from
        attendance_outbox oe1_0 
    where
        oe1_0.status in (?, ?) 
        and oe1_0.retry_count<?
2026-09-15T23:51:43.764+02:00 DEBUG 13392 --- [shecancode-attendance-system] [   scheduling-1] org.hibernate.SQL                        : 
    select
        oe1_0.id,
        oe1_0.aggregate_id,
        oe1_0.created_at,
        oe1_0.event_type,
        oe1_0.payload,
        oe1_0.processed_at,
        oe1_0.retry_count,
        oe1_0.status,
        oe1_0.updated_at 
    from
        attendance_outbox oe1_0 
    where
        oe1_0.status in (?, ?) 
        and oe1_0.retry_count<?
Hibernate: 
    select
        oe1_0.id,
        oe1_0.aggregate_id,
        oe1_0.created_at,
        oe1_0.event_type,
        oe1_0.payload,
        oe1_0.processed_at,
        oe1_0.retry_count,
        oe1_0.status,
        oe1_0.updated_at 
    from
        attendance_outbox oe1_0 
    where
        oe1_0.status in (?, ?) 
        and oe1_0.retry_count<?
2026-09-15T23:51:48.794+02:00 DEBUG 13392 --- [shecancode-attendance-system] [   scheduling-1] org.hibernate.SQL                        : 
    select
        oe1_0.id,
        oe1_0.aggregate_id,
        oe1_0.created_at,
        oe1_0.event_type,
        oe1_0.payload,
        oe1_0.processed_at,
        oe1_0.retry_count,
        oe1_0.status,
        oe1_0.updated_at 
    from
        attendance_outbox oe1_0 
    where
        oe1_0.status in (?, ?) 
        and oe1_0.retry_count<?
Hibernate: 
    select
        oe1_0.id,
        oe1_0.aggregate_id,
        oe1_0.created_at,
        oe1_0.event_type,
        oe1_0.payload,
        oe1_0.processed_at,
        oe1_0.retry_count,
        oe1_0.status,
        oe1_0.updated_at 
    from
        attendance_outbox oe1_0 
    where
        oe1_0.status in (?, ?) 
        and oe1_0.retry_count<?
2026-09-15T23:51:53.816+02:00 DEBUG 13392 --- [shecancode-attendance-system] [   scheduling-1] org.hibernate.SQL                        : 
    select
        oe1_0.id,
        oe1_0.aggregate_id,
        oe1_0.created_at,
        oe1_0.event_type,
        oe1_0.payload,
        oe1_0.processed_at,
        oe1_0.retry_count,
        oe1_0.status,
        oe1_0.updated_at 
    from
        attendance_outbox oe1_0 
    where
        oe1_0.status in (?, ?) 
        and oe1_0.retry_count<?
Hibernate: 
    select
        oe1_0.id,
        oe1_0.aggregate_id,
        oe1_0.created_at,
        oe1_0.event_type,
        oe1_0.payload,
        oe1_0.processed_at,
        oe1_0.retry_count,
        oe1_0.status,
        oe1_0.updated_at 
    from
        attendance_outbox oe1_0 
    where
        oe1_0.status in (?, ?) 
        and oe1_0.retry_count<?
2026-09-15T23:51:58.835+02:00 DEBUG 13392 --- [shecancode-attendance-system] [   scheduling-1] org.hibernate.SQL                        : 
    select
        oe1_0.id,
        oe1_0.aggregate_id,
        oe1_0.created_at,
        oe1_0.event_type,
        oe1_0.payload,
        oe1_0.processed_at,
        oe1_0.retry_count,
        oe1_0.status,
        oe1_0.updated_at 
    from
        attendance_outbox oe1_0 
    where
        oe1_0.status in (?, ?) 
        and oe1_0.retry_count<?
Hibernate: 
    select
        oe1_0.id,
        oe1_0.aggregate_id,
        oe1_0.created_at,
        oe1_0.event_type,
        oe1_0.payload,
        oe1_0.processed_at,
        oe1_0.retry_count,
        oe1_0.status,
        oe1_0.updated_at 
    from
        attendance_outbox oe1_0 
    where
        oe1_0.status in (?, ?) 
        and oe1_0.retry_count<?
2026-09-15T23:52:03.847+02:00 DEBUG 13392 --- [shecancode-attendance-system] [   scheduling-1] org.hibernate.SQL                        : 
    select
        oe1_0.id,
        oe1_0.aggregate_id,
        oe1_0.created_at,
        oe1_0.event_type,
        oe1_0.payload,
        oe1_0.processed_at,
        oe1_0.retry_count,
        oe1_0.status,
        oe1_0.updated_at 
    from
        attendance_outbox oe1_0 
    where
        oe1_0.status in (?, ?) 
        and oe1_0.retry_count<?
Hibernate: 
    select
        oe1_0.id,
        oe1_0.aggregate_id,
        oe1_0.created_at,
        oe1_0.event_type,
        oe1_0.payload,
        oe1_0.processed_at,
        oe1_0.retry_count,
        oe1_0.status,
        oe1_0.updated_at 
    from
        attendance_outbox oe1_0 
    where
        oe1_0.status in (?, ?) 
        and oe1_0.retry_count<?
2026-09-15T23:52:08.866+02:00 DEBUG 13392 --- [shecancode-attendance-system] [   scheduling-1] org.hibernate.SQL                        : 
    select
        oe1_0.id,
        oe1_0.aggregate_id,
        oe1_0.created_at,
        oe1_0.event_type,
        oe1_0.payload,
        oe1_0.processed_at,
        oe1_0.retry_count,
        oe1_0.status,
        oe1_0.updated_at 
    from
        attendance_outbox oe1_0 
    where
        oe1_0.status in (?, ?) 
        and oe1_0.retry_count<?
Hibernate: 
    select
        oe1_0.id,
        oe1_0.aggregate_id,
        oe1_0.created_at,
        oe1_0.event_type,
        oe1_0.payload,
        oe1_0.processed_at,
        oe1_0.retry_count,
        oe1_0.status,
        oe1_0.updated_at 
    from
        attendance_outbox oe1_0 
    where
        oe1_0.status in (?, ?) 
        and oe1_0.retry_count<?
2026-09-15T23:52:13.885+02:00 DEBUG 13392 --- [shecancode-attendance-system] [   scheduling-1] org.hibernate.SQL                        : 
    select
        oe1_0.id,
        oe1_0.aggregate_id,
        oe1_0.created_at,
        oe1_0.event_type,
        oe1_0.payload,
        oe1_0.processed_at,
        oe1_0.retry_count,
        oe1_0.status,
        oe1_0.updated_at 
    from
        attendance_outbox oe1_0 
    where
        oe1_0.status in (?, ?) 
        and oe1_0.retry_count<?
Hibernate: 
    select
        oe1_0.id,
        oe1_0.aggregate_id,
        oe1_0.created_at,
        oe1_0.event_type,
        oe1_0.payload,
        oe1_0.processed_at,
        oe1_0.retry_count,
        oe1_0.status,
        oe1_0.updated_at 
    from
        attendance_outbox oe1_0 
    where
        oe1_0.status in (?, ?) 
        and oe1_0.retry_count<?
2026-09-15T23:52:18.906+02:00 DEBUG 13392 --- [shecancode-attendance-system] [   scheduling-1] org.hibernate.SQL                        : 
    select
        oe1_0.id,
        oe1_0.aggregate_id,
        oe1_0.created_at,
        oe1_0.event_type,
        oe1_0.payload,
        oe1_0.processed_at,
        oe1_0.retry_count,
        oe1_0.status,
        oe1_0.updated_at 
    from
        attendance_outbox oe1_0 
    where
        oe1_0.status in (?, ?) 
        and oe1_0.retry_count<?
Hibernate: 
    select
        oe1_0.id,
        oe1_0.aggregate_id,
        oe1_0.created_at,
        oe1_0.event_type,
        oe1_0.payload,
        oe1_0.processed_at,
        oe1_0.retry_count,
        oe1_0.status,
        oe1_0.updated_at 
    from
        attendance_outbox oe1_0 
    where
        oe1_0.status in (?, ?) 
        and oe1_0.retry_count<?
2026-09-15T23:52:23.929+02:00 DEBUG 13392 --- [shecancode-attendance-system] [   scheduling-1] org.hibernate.SQL                        : 
    select
        oe1_0.id,
        oe1_0.aggregate_id,
        oe1_0.created_at,
        oe1_0.event_type,
        oe1_0.payload,
        oe1_0.processed_at,
        oe1_0.retry_count,
        oe1_0.status,
        oe1_0.updated_at 
    from
        attendance_outbox oe1_0 
    where
        oe1_0.status in (?, ?) 
        and oe1_0.retry_count<?
Hibernate: 
    select
        oe1_0.id,
        oe1_0.aggregate_id,
        oe1_0.created_at,
        oe1_0.event_type,
        oe1_0.payload,
        oe1_0.processed_at,
        oe1_0.retry_count,
        oe1_0.status,
        oe1_0.updated_at 
    from
        attendance_outbox oe1_0 
    where
        oe1_0.status in (?, ?) 
        and oe1_0.retry_count<?
2026-09-15T23:52:28.943+02:00 DEBUG 13392 --- [shecancode-attendance-system] [   scheduling-1] org.hibernate.SQL                        : 
    select
        oe1_0.id,
        oe1_0.aggregate_id,
        oe1_0.created_at,
        oe1_0.event_type,
        oe1_0.payload,
        oe1_0.processed_at,
        oe1_0.retry_count,
        oe1_0.status,
        oe1_0.updated_at 
    from
        attendance_outbox oe1_0 
    where
        oe1_0.status in (?, ?) 
        and oe1_0.retry_count<?
Hibernate: 
    select
        oe1_0.id,
        oe1_0.aggregate_id,
        oe1_0.created_at,
        oe1_0.event_type,
        oe1_0.payload,
        oe1_0.processed_at,
        oe1_0.retry_count,
        oe1_0.status,
        oe1_0.updated_at 
    from
        attendance_outbox oe1_0 
    where
        oe1_0.status in (?, ?) 
        and oe1_0.retry_count<?
2026-09-15T23:52:33.977+02:00 DEBUG 13392 --- [shecancode-attendance-system] [   scheduling-1] org.hibernate.SQL                        : 
    select
        oe1_0.id,
        oe1_0.aggregate_id,
        oe1_0.created_at,
        oe1_0.event_type,
        oe1_0.payload,
        oe1_0.processed_at,
        oe1_0.retry_count,
        oe1_0.status,
        oe1_0.updated_at 
    from
        attendance_outbox oe1_0 
    where
        oe1_0.status in (?, ?) 
        and oe1_0.retry_count<?
Hibernate: 
    select
        oe1_0.id,
        oe1_0.aggregate_id,
        oe1_0.created_at,
        oe1_0.event_type,
        oe1_0.payload,
        oe1_0.processed_at,
        oe1_0.retry_count,
        oe1_0.status,
        oe1_0.updated_at 
    from
        attendance_outbox oe1_0 
    where
        oe1_0.status in (?, ?) 
        and oe1_0.retry_count<?
2026-09-15T23:52:38.998+02:00 DEBUG 13392 --- [shecancode-attendance-system] [   scheduling-1] org.hibernate.SQL                        : 
    select
        oe1_0.id,
        oe1_0.aggregate_id,
        oe1_0.created_at,
        oe1_0.event_type,
        oe1_0.payload,
        oe1_0.processed_at,
        oe1_0.retry_count,
        oe1_0.status,
        oe1_0.updated_at 
    from
        attendance_outbox oe1_0 
    where
        oe1_0.status in (?, ?) 
        and oe1_0.retry_count<?
Hibernate: 
    select
        oe1_0.id,
        oe1_0.aggregate_id,
        oe1_0.created_at,
        oe1_0.event_type,
        oe1_0.payload,
        oe1_0.processed_at,
        oe1_0.retry_count,
        oe1_0.status,
        oe1_0.updated_at 
    from
        attendance_outbox oe1_0 
    where
        oe1_0.status in (?, ?) 
        and oe1_0.retry_count<?
2026-09-15T23:52:44.019+02:00 DEBUG 13392 --- [shecancode-attendance-system] [   scheduling-1] org.hibernate.SQL                        : 
    select
        oe1_0.id,
        oe1_0.aggregate_id,
        oe1_0.created_at,
        oe1_0.event_type,
        oe1_0.payload,
        oe1_0.processed_at,
        oe1_0.retry_count,
        oe1_0.status,
        oe1_0.updated_at 
    from
        attendance_outbox oe1_0 
    where
        oe1_0.status in (?, ?) 
        and oe1_0.retry_count<?
Hibernate: 
    select
        oe1_0.id,
        oe1_0.aggregate_id,
        oe1_0.created_at,
        oe1_0.event_type,
        oe1_0.payload,
        oe1_0.processed_at,
        oe1_0.retry_count,
        oe1_0.status,
        oe1_0.updated_at 
    from
        attendance_outbox oe1_0 
    where
        oe1_0.status in (?, ?) 
        and oe1_0.retry_count<?
2026-09-15T23:52:49.051+02:00 DEBUG 13392 --- [shecancode-attendance-system] [   scheduling-1] org.hibernate.SQL                        : 
    select
        oe1_0.id,
        oe1_0.aggregate_id,
        oe1_0.created_at,
        oe1_0.event_type,
        oe1_0.payload,
        oe1_0.processed_at,
        oe1_0.retry_count,
        oe1_0.status,
        oe1_0.updated_at 
    from
        attendance_outbox oe1_0 
    where
        oe1_0.status in (?, ?) 
        and oe1_0.retry_count<?
Hibernate: 
    select
        oe1_0.id,
        oe1_0.aggregate_id,
        oe1_0.created_at,
        oe1_0.event_type,
        oe1_0.payload,
        oe1_0.processed_at,
        oe1_0.retry_count,
        oe1_0.status,
        oe1_0.updated_at 
    from
        attendance_outbox oe1_0 
    where
        oe1_0.status in (?, ?) 
        and oe1_0.retry_count<?
2026-09-15T23:52:54.071+02:00 DEBUG 13392 --- [shecancode-attendance-system] [   scheduling-1] org.hibernate.SQL                        : 
    select
        oe1_0.id,
        oe1_0.aggregate_id,
        oe1_0.created_at,
        oe1_0.event_type,
        oe1_0.payload,
        oe1_0.processed_at,
        oe1_0.retry_count,
        oe1_0.status,
        oe1_0.updated_at 
    from
        attendance_outbox oe1_0 
    where
        oe1_0.status in (?, ?) 
        and oe1_0.retry_count<?
Hibernate: 
    select
        oe1_0.id,
        oe1_0.aggregate_id,
        oe1_0.created_at,
        oe1_0.event_type,
        oe1_0.payload,
        oe1_0.processed_at,
        oe1_0.retry_count,
        oe1_0.status,
        oe1_0.updated_at 
    from
        attendance_outbox oe1_0 
    where
        oe1_0.status in (?, ?) 
        and oe1_0.retry_count<?
2026-09-15T23:52:59.087+02:00 DEBUG 13392 --- [shecancode-attendance-system] [   scheduling-1] org.hibernate.SQL                        : 
    select
        oe1_0.id,
        oe1_0.aggregate_id,
        oe1_0.created_at,
        oe1_0.event_type,
        oe1_0.payload,
        oe1_0.processed_at,
        oe1_0.retry_count,
        oe1_0.status,
        oe1_0.updated_at 
    from
        attendance_outbox oe1_0 
    where
        oe1_0.status in (?, ?) 
        and oe1_0.retry_count<?
Hibernate: 
    select
        oe1_0.id,
        oe1_0.aggregate_id,
        oe1_0.created_at,
        oe1_0.event_type,
        oe1_0.payload,
        oe1_0.processed_at,
        oe1_0.retry_count,
        oe1_0.status,
        oe1_0.updated_at 
    from
        attendance_outbox oe1_0 
    where
        oe1_0.status in (?, ?) 
        and oe1_0.retry_count<?
2026-09-15T23:53:07.377+02:00 DEBUG 13392 --- [shecancode-attendance-system] [   scheduling-1] org.hibernate.SQL                        : 
    select
        oe1_0.id,
        oe1_0.aggregate_id,
        oe1_0.created_at,
        oe1_0.event_type,
        oe1_0.payload,
        oe1_0.processed_at,
        oe1_0.retry_count,
        oe1_0.status,
        oe1_0.updated_at 
    from
        attendance_outbox oe1_0 
    where
        oe1_0.status in (?, ?) 
        and oe1_0.retry_count<?
Hibernate: 
    select
        oe1_0.id,
        oe1_0.aggregate_id,
        oe1_0.created_at,
        oe1_0.event_type,
        oe1_0.payload,
        oe1_0.processed_at,
        oe1_0.retry_count,
        oe1_0.status,
        oe1_0.updated_at 
    from
        attendance_outbox oe1_0 
    where
        oe1_0.status in (?, ?) 
        and oe1_0.retry_count<?
2026-09-16T00:14:35.486+02:00 DEBUG 13392 --- [shecancode-attendance-system] [   scheduling-1] org.hibernate.SQL                        : 
    select
        oe1_0.id,
        oe1_0.aggregate_id,
        oe1_0.created_at,
        oe1_0.event_type,
        oe1_0.payload,
        oe1_0.processed_at,
        oe1_0.retry_count,
        oe1_0.status,
        oe1_0.updated_at 
    from
        attendance_outbox oe1_0 
    where
        oe1_0.status in (?, ?) 
        and oe1_0.retry_count<?
Hibernate: 
    select
        oe1_0.id,
        oe1_0.aggregate_id,
        oe1_0.created_at,
        oe1_0.event_type,
        oe1_0.payload,
        oe1_0.processed_at,
        oe1_0.retry_count,
        oe1_0.status,
        oe1_0.updated_at 
    from
        attendance_outbox oe1_0 
    where
        oe1_0.status in (?, ?) 
        and oe1_0.retry_count<?
2026-09-16T00:20:28.203+02:00 DEBUG 13392 --- [shecancode-attendance-system] [   scheduling-1] org.hibernate.SQL                        : 
    select
        oe1_0.id,
        oe1_0.aggregate_id,
        oe1_0.created_at,
        oe1_0.event_type,
        oe1_0.payload,
        oe1_0.processed_at,
        oe1_0.retry_count,
        oe1_0.status,
        oe1_0.updated_at 
    from
        attendance_outbox oe1_0 
    where
        oe1_0.status in (?, ?) 
        and oe1_0.retry_count<?
Hibernate: 
    select
        oe1_0.id,
        oe1_0.aggregate_id,
        oe1_0.created_at,
        oe1_0.event_type,
        oe1_0.payload,
        oe1_0.processed_at,
        oe1_0.retry_count,
        oe1_0.status,
        oe1_0.updated_at 
    from
        attendance_outbox oe1_0 
    where
        oe1_0.status in (?, ?) 
        and oe1_0.retry_count<?
2026-09-16T00:20:33.285+02:00 DEBUG 13392 --- [shecancode-attendance-system] [   scheduling-1] org.hibernate.SQL                        : 
    select
        oe1_0.id,
        oe1_0.aggregate_id,
        oe1_0.created_at,
        oe1_0.event_type,
        oe1_0.payload,
        oe1_0.processed_at,
        oe1_0.retry_count,
        oe1_0.status,
        oe1_0.updated_at 
    from
        attendance_outbox oe1_0 
    where
        oe1_0.status in (?, ?) 
        and oe1_0.retry_count<?
Hibernate: 
    select
        oe1_0.id,
        oe1_0.aggregate_id,
        oe1_0.created_at,
        oe1_0.event_type,
        oe1_0.payload,
        oe1_0.processed_at,
        oe1_0.retry_count,
        oe1_0.status,
        oe1_0.updated_at 
    from
        attendance_outbox oe1_0 
    where
        oe1_0.status in (?, ?) 
        and oe1_0.retry_count<?
2026-09-16T00:20:38.305+02:00 DEBUG 13392 --- [shecancode-attendance-system] [   scheduling-1] org.hibernate.SQL                        : 
    select
        oe1_0.id,
        oe1_0.aggregate_id,
        oe1_0.created_at,
        oe1_0.event_type,
        oe1_0.payload,
        oe1_0.processed_at,
        oe1_0.retry_count,
        oe1_0.status,
        oe1_0.updated_at 
    from
        attendance_outbox oe1_0 
    where
        oe1_0.status in (?, ?) 
        and oe1_0.retry_count<?
Hibernate: 
    select
        oe1_0.id,
        oe1_0.aggregate_id,
        oe1_0.created_at,
        oe1_0.event_type,
        oe1_0.payload,
        oe1_0.processed_at,
        oe1_0.retry_count,
        oe1_0.status,
        oe1_0.updated_at 
    from
        attendance_outbox oe1_0 
    where
        oe1_0.status in (?, ?) 
        and oe1_0.retry_count<?
2026-09-16T00:20:43.319+02:00 DEBUG 13392 --- [shecancode-attendance-system] [   scheduling-1] org.hibernate.SQL                        : 
    select
        oe1_0.id,
        oe1_0.aggregate_id,
        oe1_0.created_at,
        oe1_0.event_type,
        oe1_0.payload,
        oe1_0.processed_at,
        oe1_0.retry_count,
        oe1_0.status,
        oe1_0.updated_at 
    from
        attendance_outbox oe1_0 
    where
        oe1_0.status in (?, ?) 
        and oe1_0.retry_count<?
Hibernate: 
    select
        oe1_0.id,
        oe1_0.aggregate_id,
        oe1_0.created_at,
        oe1_0.event_type,
        oe1_0.payload,
        oe1_0.processed_at,
        oe1_0.retry_count,
        oe1_0.status,
        oe1_0.updated_at 
    from
        attendance_outbox oe1_0 
    where
        oe1_0.status in (?, ?) 
        and oe1_0.retry_count<?
2026-09-16T00:20:48.334+02:00 DEBUG 13392 --- [shecancode-attendance-system] [   scheduling-1] org.hibernate.SQL                        : 
    select
        oe1_0.id,
        oe1_0.aggregate_id,
        oe1_0.created_at,
        oe1_0.event_type,
        oe1_0.payload,
        oe1_0.processed_at,
        oe1_0.retry_count,
        oe1_0.status,
        oe1_0.updated_at 
    from
        attendance_outbox oe1_0 
    where
        oe1_0.status in (?, ?) 
        and oe1_0.retry_count<?
Hibernate: 
    select
        oe1_0.id,
        oe1_0.aggregate_id,
        oe1_0.created_at,
        oe1_0.event_type,
        oe1_0.payload,
        oe1_0.processed_at,
        oe1_0.retry_count,
        oe1_0.status,
        oe1_0.updated_at 
    from
        attendance_outbox oe1_0 
    where
        oe1_0.status in (?, ?) 
        and oe1_0.retry_count<?
2026-09-16T00:20:51.709+02:00  WARN 13392 --- [shecancode-attendance-system] [l-1 housekeeper] com.zaxxer.hikari.pool.HikariPool        : HikariPool-1 - Thread starvation or clock leap detected (housekeeper delta=27m40s244ms129µs600ns).
2026-09-16T00:20:53.390+02:00 DEBUG 13392 --- [shecancode-attendance-system] [   scheduling-1] org.hibernate.SQL                        : 
    select
        oe1_0.id,
        oe1_0.aggregate_id,
        oe1_0.created_at,
        oe1_0.event_type,
        oe1_0.payload,
        oe1_0.processed_at,
        oe1_0.retry_count,
        oe1_0.status,
        oe1_0.updated_at 
    from
        attendance_outbox oe1_0 
    where
        oe1_0.status in (?, ?) 
        and oe1_0.retry_count<?
Hibernate: 
    select
        oe1_0.id,
        oe1_0.aggregate_id,
        oe1_0.created_at,
        oe1_0.event_type,
        oe1_0.payload,
        oe1_0.processed_at,
        oe1_0.retry_count,
        oe1_0.status,
        oe1_0.updated_at 
    from
        attendance_outbox oe1_0 
    where
        oe1_0.status in (?, ?) 
        and oe1_0.retry_count<?
2026-09-16T00:20:58.429+02:00 DEBUG 13392 --- [shecancode-attendance-system] [   scheduling-1] org.hibernate.SQL                        : 
    select
        oe1_0.id,
        oe1_0.aggregate_id,
        oe1_0.created_at,
        oe1_0.event_type,
        oe1_0.payload,
        oe1_0.processed_at,
        oe1_0.retry_count,
        oe1_0.status,
        oe1_0.updated_at 
    from
        attendance_outbox oe1_0 
    where
        oe1_0.status in (?, ?) 
        and oe1_0.retry_count<?
Hibernate: 
    select
        oe1_0.id,
        oe1_0.aggregate_id,
        oe1_0.created_at,
        oe1_0.event_type,
        oe1_0.payload,
        oe1_0.processed_at,
        oe1_0.retry_count,
        oe1_0.status,
        oe1_0.updated_at 
    from
        attendance_outbox oe1_0 
    where
        oe1_0.status in (?, ?) 
        and oe1_0.retry_count<?
2026-09-16T00:21:03.444+02:00 DEBUG 13392 --- [shecancode-attendance-system] [   scheduling-1] org.hibernate.SQL                        : 
    select
        oe1_0.id,
        oe1_0.aggregate_id,
        oe1_0.created_at,
        oe1_0.event_type,
        oe1_0.payload,
        oe1_0.processed_at,
        oe1_0.retry_count,
        oe1_0.status,
        oe1_0.updated_at 
    from
        attendance_outbox oe1_0 
    where
        oe1_0.status in (?, ?) 
        and oe1_0.retry_count<?
Hibernate: 
    select
        oe1_0.id,
        oe1_0.aggregate_id,
        oe1_0.created_at,
        oe1_0.event_type,
        oe1_0.payload,
        oe1_0.processed_at,
        oe1_0.retry_count,
        oe1_0.status,
        oe1_0.updated_at 
    from
        attendance_outbox oe1_0 
    where
        oe1_0.status in (?, ?) 
        and oe1_0.retry_count<?
2026-09-16T00:21:08.463+02:00 DEBUG 13392 --- [shecancode-attendance-system] [   scheduling-1] org.hibernate.SQL                        : 
    select
        oe1_0.id,
        oe1_0.aggregate_id,
        oe1_0.created_at,
        oe1_0.event_type,
        oe1_0.payload,
        oe1_0.processed_at,
        oe1_0.retry_count,
        oe1_0.status,
        oe1_0.updated_at 
    from
        attendance_outbox oe1_0 
    where
        oe1_0.status in (?, ?) 
        and oe1_0.retry_count<?
Hibernate: 
    select
        oe1_0.id,
        oe1_0.aggregate_id,
        oe1_0.created_at,
        oe1_0.event_type,
        oe1_0.payload,
        oe1_0.processed_at,
        oe1_0.retry_count,
        oe1_0.status,
        oe1_0.updated_at 
    from
        attendance_outbox oe1_0 
    where
        oe1_0.status in (?, ?) 
        and oe1_0.retry_count<?
2026-09-16T00:21:13.474+02:00 DEBUG 13392 --- [shecancode-attendance-system] [   scheduling-1] org.hibernate.SQL                        : 
    select
        oe1_0.id,
        oe1_0.aggregate_id,
        oe1_0.created_at,
        oe1_0.event_type,
        oe1_0.payload,
        oe1_0.processed_at,
        oe1_0.retry_count,
        oe1_0.status,
        oe1_0.updated_at 
    from
        attendance_outbox oe1_0 
    where
        oe1_0.status in (?, ?) 
        and oe1_0.retry_count<?
Hibernate: 
    select
        oe1_0.id,
        oe1_0.aggregate_id,
        oe1_0.created_at,
        oe1_0.event_type,
        oe1_0.payload,
        oe1_0.processed_at,
        oe1_0.retry_count,
        oe1_0.status,
        oe1_0.updated_at 
    from
        attendance_outbox oe1_0 
    where
        oe1_0.status in (?, ?) 
        and oe1_0.retry_count<?
2026-09-16T00:21:18.489+02:00 DEBUG 13392 --- [shecancode-attendance-system] [   scheduling-1] org.hibernate.SQL                        : 
    select
        oe1_0.id,
        oe1_0.aggregate_id,
        oe1_0.created_at,
        oe1_0.event_type,
        oe1_0.payload,
        oe1_0.processed_at,
        oe1_0.retry_count,
        oe1_0.status,
        oe1_0.updated_at 
    from
        attendance_outbox oe1_0 
    where
        oe1_0.status in (?, ?) 
        and oe1_0.retry_count<?
Hibernate: 
    select
        oe1_0.id,
        oe1_0.aggregate_id,
        oe1_0.created_at,
        oe1_0.event_type,
        oe1_0.payload,
        oe1_0.processed_at,
        oe1_0.retry_count,
        oe1_0.status,
        oe1_0.updated_at 
    from
        attendance_outbox oe1_0 
    where
        oe1_0.status in (?, ?) 
        and oe1_0.retry_count<?
2026-09-16T00:21:23.510+02:00 DEBUG 13392 --- [shecancode-attendance-system] [   scheduling-1] org.hibernate.SQL                        : 
    select
        oe1_0.id,
        oe1_0.aggregate_id,
        oe1_0.created_at,
        oe1_0.event_type,
        oe1_0.payload,
        oe1_0.processed_at,
        oe1_0.retry_count,
        oe1_0.status,
        oe1_0.updated_at 
    from
        attendance_outbox oe1_0 
    where
        oe1_0.status in (?, ?) 
        and oe1_0.retry_count<?
Hibernate: 
    select
        oe1_0.id,
        oe1_0.aggregate_id,
        oe1_0.created_at,
        oe1_0.event_type,
        oe1_0.payload,
        oe1_0.processed_at,
        oe1_0.retry_count,
        oe1_0.status,
        oe1_0.updated_at 
    from
        attendance_outbox oe1_0 
    where
        oe1_0.status in (?, ?) 
        and oe1_0.retry_count<?
2026-09-16T00:21:28.523+02:00 DEBUG 13392 --- [shecancode-attendance-system] [   scheduling-1] org.hibernate.SQL                        : 
    select
        oe1_0.id,
        oe1_0.aggregate_id,
        oe1_0.created_at,
        oe1_0.event_type,
        oe1_0.payload,
        oe1_0.processed_at,
        oe1_0.retry_count,
        oe1_0.status,
        oe1_0.updated_at 
    from
        attendance_outbox oe1_0 
    where
        oe1_0.status in (?, ?) 
        and oe1_0.retry_count<?
Hibernate: 
    select
        oe1_0.id,
        oe1_0.aggregate_id,
        oe1_0.created_at,
        oe1_0.event_type,
        oe1_0.payload,
        oe1_0.processed_at,
        oe1_0.retry_count,
        oe1_0.status,
        oe1_0.updated_at 
    from
        attendance_outbox oe1_0 
    where
        oe1_0.status in (?, ?) 
        and oe1_0.retry_count<?
2026-09-16T00:21:33.534+02:00 DEBUG 13392 --- [shecancode-attendance-system] [   scheduling-1] org.hibernate.SQL                        : 
    select
        oe1_0.id,
        oe1_0.aggregate_id,
        oe1_0.created_at,
        oe1_0.event_type,
        oe1_0.payload,
        oe1_0.processed_at,
        oe1_0.retry_count,
        oe1_0.status,
        oe1_0.updated_at 
    from
        attendance_outbox oe1_0 
    where
        oe1_0.status in (?, ?) 
        and oe1_0.retry_count<?
Hibernate: 
    select
        oe1_0.id,
        oe1_0.aggregate_id,
        oe1_0.created_at,
        oe1_0.event_type,
        oe1_0.payload,
        oe1_0.processed_at,
        oe1_0.retry_count,
        oe1_0.status,
        oe1_0.updated_at 
    from
        attendance_outbox oe1_0 
    where
        oe1_0.status in (?, ?) 
        and oe1_0.retry_count<?
2026-09-16T00:21:38.548+02:00 DEBUG 13392 --- [shecancode-attendance-system] [   scheduling-1] org.hibernate.SQL                        : 
    select
        oe1_0.id,
        oe1_0.aggregate_id,
        oe1_0.created_at,
        oe1_0.event_type,
        oe1_0.payload,
        oe1_0.processed_at,
        oe1_0.retry_count,
        oe1_0.status,
        oe1_0.updated_at 
    from
        attendance_outbox oe1_0 
    where
        oe1_0.status in (?, ?) 
        and oe1_0.retry_count<?
Hibernate: 
    select
        oe1_0.id,
        oe1_0.aggregate_id,
        oe1_0.created_at,
        oe1_0.event_type,
        oe1_0.payload,
        oe1_0.processed_at,
        oe1_0.retry_count,
        oe1_0.status,
        oe1_0.updated_at 
    from
        attendance_outbox oe1_0 
    where
        oe1_0.status in (?, ?) 
        and oe1_0.retry_count<?
2026-09-16T00:21:43.565+02:00 DEBUG 13392 --- [shecancode-attendance-system] [   scheduling-1] org.hibernate.SQL                        : 
    select
        oe1_0.id,
        oe1_0.aggregate_id,
        oe1_0.created_at,
        oe1_0.event_type,
        oe1_0.payload,
        oe1_0.processed_at,
        oe1_0.retry_count,
        oe1_0.status,
        oe1_0.updated_at 
    from
        attendance_outbox oe1_0 
    where
        oe1_0.status in (?, ?) 
        and oe1_0.retry_count<?
Hibernate: 
    select
        oe1_0.id,
        oe1_0.aggregate_id,
        oe1_0.created_at,
        oe1_0.event_type,
        oe1_0.payload,
        oe1_0.processed_at,
        oe1_0.retry_count,
        oe1_0.status,
        oe1_0.updated_at 
    from
        attendance_outbox oe1_0 
    where
        oe1_0.status in (?, ?) 
        and oe1_0.retry_count<?
2026-09-16T00:21:48.578+02:00 DEBUG 13392 --- [shecancode-attendance-system] [   scheduling-1] org.hibernate.SQL                        : 
    select
        oe1_0.id,
        oe1_0.aggregate_id,
        oe1_0.created_at,
        oe1_0.event_type,
        oe1_0.payload,
        oe1_0.processed_at,
        oe1_0.retry_count,
        oe1_0.status,
        oe1_0.updated_at 
    from
        attendance_outbox oe1_0 
    where
        oe1_0.status in (?, ?) 
        and oe1_0.retry_count<?
Hibernate: 
    select
        oe1_0.id,
        oe1_0.aggregate_id,
        oe1_0.created_at,
        oe1_0.event_type,
        oe1_0.payload,
        oe1_0.processed_at,
        oe1_0.retry_count,
        oe1_0.status,
        oe1_0.updated_at 
    from
        attendance_outbox oe1_0 
    where
        oe1_0.status in (?, ?) 
        and oe1_0.retry_count<?
2026-09-16T00:21:53.593+02:00 DEBUG 13392 --- [shecancode-attendance-system] [   scheduling-1] org.hibernate.SQL                        : 
    select
        oe1_0.id,
        oe1_0.aggregate_id,
        oe1_0.created_at,
        oe1_0.event_type,
        oe1_0.payload,
        oe1_0.processed_at,
        oe1_0.retry_count,
        oe1_0.status,
        oe1_0.updated_at 
    from
        attendance_outbox oe1_0 
    where
        oe1_0.status in (?, ?) 
        and oe1_0.retry_count<?
Hibernate: 
    select
        oe1_0.id,
        oe1_0.aggregate_id,
        oe1_0.created_at,
        oe1_0.event_type,
        oe1_0.payload,
        oe1_0.processed_at,
        oe1_0.retry_count,
        oe1_0.status,
        oe1_0.updated_at 
    from
        attendance_outbox oe1_0 
    where
        oe1_0.status in (?, ?) 
        and oe1_0.retry_count<?
2026-09-16T00:21:58.614+02:00 DEBUG 13392 --- [shecancode-attendance-system] [   scheduling-1] org.hibernate.SQL                        : 
    select
        oe1_0.id,
        oe1_0.aggregate_id,
        oe1_0.created_at,
        oe1_0.event_type,
        oe1_0.payload,
        oe1_0.processed_at,
        oe1_0.retry_count,
        oe1_0.status,
        oe1_0.updated_at 
    from
        attendance_outbox oe1_0 
    where
        oe1_0.status in (?, ?) 
        and oe1_0.retry_count<?
Hibernate: 
    select
        oe1_0.id,
        oe1_0.aggregate_id,
        oe1_0.created_at,
        oe1_0.event_type,
        oe1_0.payload,
        oe1_0.processed_at,
        oe1_0.retry_count,
        oe1_0.status,
        oe1_0.updated_at 
    from
        attendance_outbox oe1_0 
    where
        oe1_0.status in (?, ?) 
        and oe1_0.retry_count<?
2026-09-16T00:22:03.631+02:00 DEBUG 13392 --- [shecancode-attendance-system] [   scheduling-1] org.hibernate.SQL                        : 
    select
        oe1_0.id,
        oe1_0.aggregate_id,
        oe1_0.created_at,
        oe1_0.event_type,
        oe1_0.payload,
        oe1_0.processed_at,
        oe1_0.retry_count,
        oe1_0.status,
        oe1_0.updated_at 
    from
        attendance_outbox oe1_0 
    where
        oe1_0.status in (?, ?) 
        and oe1_0.retry_count<?
Hibernate: 
    select
        oe1_0.id,
        oe1_0.aggregate_id,
        oe1_0.created_at,
        oe1_0.event_type,
        oe1_0.payload,
        oe1_0.processed_at,
        oe1_0.retry_count,
        oe1_0.status,
        oe1_0.updated_at 
    from
        attendance_outbox oe1_0 
    where
        oe1_0.status in (?, ?) 
        and oe1_0.retry_count<?
2026-09-16T00:22:08.647+02:00 DEBUG 13392 --- [shecancode-attendance-system] [   scheduling-1] org.hibernate.SQL                        : 
    select
        oe1_0.id,
        oe1_0.aggregate_id,
        oe1_0.created_at,
        oe1_0.event_type,
        oe1_0.payload,
        oe1_0.processed_at,
        oe1_0.retry_count,
        oe1_0.status,
        oe1_0.updated_at 
    from
        attendance_outbox oe1_0 
    where
        oe1_0.status in (?, ?) 
        and oe1_0.retry_count<?
Hibernate: 
    select
        oe1_0.id,
        oe1_0.aggregate_id,
        oe1_0.created_at,
        oe1_0.event_type,
        oe1_0.payload,
        oe1_0.processed_at,
        oe1_0.retry_count,
        oe1_0.status,
        oe1_0.updated_at 
    from
        attendance_outbox oe1_0 
    where
        oe1_0.status in (?, ?) 
        and oe1_0.retry_count<?
2026-09-16T00:22:13.664+02:00 DEBUG 13392 --- [shecancode-attendance-system] [   scheduling-1] org.hibernate.SQL                        : 
    select
        oe1_0.id,
        oe1_0.aggregate_id,
        oe1_0.created_at,
        oe1_0.event_type,
        oe1_0.payload,
        oe1_0.processed_at,
        oe1_0.retry_count,
        oe1_0.status,
        oe1_0.updated_at 
    from
        attendance_outbox oe1_0 
    where
        oe1_0.status in (?, ?) 
        and oe1_0.retry_count<?
Hibernate: 
    select
        oe1_0.id,
        oe1_0.aggregate_id,
        oe1_0.created_at,
        oe1_0.event_type,
        oe1_0.payload,
        oe1_0.processed_at,
        oe1_0.retry_count,
        oe1_0.status,
        oe1_0.updated_at 
    from
        attendance_outbox oe1_0 
    where
        oe1_0.status in (?, ?) 
        and oe1_0.retry_count<?
2026-09-16T00:22:18.688+02:00 DEBUG 13392 --- [shecancode-attendance-system] [   scheduling-1] org.hibernate.SQL                        : 
    select
        oe1_0.id,
        oe1_0.aggregate_id,
        oe1_0.created_at,
        oe1_0.event_type,
        oe1_0.payload,
        oe1_0.processed_at,
        oe1_0.retry_count,
        oe1_0.status,
        oe1_0.updated_at 
    from
        attendance_outbox oe1_0 
    where
        oe1_0.status in (?, ?) 
        and oe1_0.retry_count<?
Hibernate: 
    select
        oe1_0.id,
        oe1_0.aggregate_id,
        oe1_0.created_at,
        oe1_0.event_type,
        oe1_0.payload,
        oe1_0.processed_at,
        oe1_0.retry_count,
        oe1_0.status,
        oe1_0.updated_at 
    from
        attendance_outbox oe1_0 
    where
        oe1_0.status in (?, ?) 
        and oe1_0.retry_count<?
2026-09-16T00:22:23.703+02:00 DEBUG 13392 --- [shecancode-attendance-system] [   scheduling-1] org.hibernate.SQL                        : 
    select
        oe1_0.id,
        oe1_0.aggregate_id,
        oe1_0.created_at,
        oe1_0.event_type,
        oe1_0.payload,
        oe1_0.processed_at,
        oe1_0.retry_count,
        oe1_0.status,
        oe1_0.updated_at 
    from
        attendance_outbox oe1_0 
    where
        oe1_0.status in (?, ?) 
        and oe1_0.retry_count<?
Hibernate: 
    select
        oe1_0.id,
        oe1_0.aggregate_id,
        oe1_0.created_at,
        oe1_0.event_type,
        oe1_0.payload,
        oe1_0.processed_at,
        oe1_0.retry_count,
        oe1_0.status,
        oe1_0.updated_at 
    from
        attendance_outbox oe1_0 
    where
        oe1_0.status in (?, ?) 
        and oe1_0.retry_count<?
2026-09-16T00:22:24.966+02:00 ERROR 13392 --- [shecancode-attendance-system] [nio-8081-exec-4] c.s.attendence.auth.security.JwtService  : Failed to parse JWT token: JWT expired 1733839 milliseconds ago at 2026-09-15T21:53:31.000Z. Current time: 2026-09-15T22:22:24.839Z. Allowed clock skew: 0 milliseconds.
2026-09-16T00:22:24.966+02:00 ERROR 13392 --- [shecancode-attendance-system] [nio-8081-exec-4] c.s.a.a.s.JwtAuthenticationFilter        : JWT validation failed with exception: JWT expired 1733839 milliseconds ago at 2026-09-15T21:53:31.000Z. Current time: 2026-09-15T22:22:24.839Z. Allowed clock skew: 0 milliseconds.

io.jsonwebtoken.ExpiredJwtException: JWT expired 1733839 milliseconds ago at 2026-09-15T21:53:31.000Z. Current time: 2026-09-15T22:22:24.839Z. Allowed clock skew: 0 milliseconds.
	at io.jsonwebtoken.impl.DefaultJwtParser.parse(DefaultJwtParser.java:691) ~[jjwt-impl-0.12.6.jar:0.12.6]
	at io.jsonwebtoken.impl.DefaultJwtParser.parse(DefaultJwtParser.java:364) ~[jjwt-impl-0.12.6.jar:0.12.6]
	at io.jsonwebtoken.impl.DefaultJwtParser.parse(DefaultJwtParser.java:94) ~[jjwt-impl-0.12.6.jar:0.12.6]
	at io.jsonwebtoken.impl.io.AbstractParser.parse(AbstractParser.java:36) ~[jjwt-impl-0.12.6.jar:0.12.6]
	at io.jsonwebtoken.impl.io.AbstractParser.parse(AbstractParser.java:29) ~[jjwt-impl-0.12.6.jar:0.12.6]
	at io.jsonwebtoken.impl.DefaultJwtParser.parseSignedClaims(DefaultJwtParser.java:830) ~[jjwt-impl-0.12.6.jar:0.12.6]
	at com.shecancode.attendence.auth.security.JwtService.extractAllClaims(JwtService.java:91) ~[classes/:na]
	at com.shecancode.attendence.auth.security.JwtService.extractClaim(JwtService.java:82) ~[classes/:na]
	at com.shecancode.attendence.auth.security.JwtService.extractUsername(JwtService.java:74) ~[classes/:na]
	at com.shecancode.attendence.auth.security.JwtAuthenticationFilter.doFilterInternal(JwtAuthenticationFilter.java:50) ~[classes/:na]
	at org.springframework.web.filter.OncePerRequestFilter.doFilter(OncePerRequestFilter.java:116) ~[spring-web-6.1.11.jar:6.1.11]
	at org.springframework.security.web.ObservationFilterChainDecorator$ObservationFilter.wrapFilter(ObservationFilterChainDecorator.java:240) ~[spring-security-web-6.3.1.jar:6.3.1]
	at org.springframework.security.web.ObservationFilterChainDecorator$ObservationFilter.doFilter(ObservationFilterChainDecorator.java:227) ~[spring-security-web-6.3.1.jar:6.3.1]
	at org.springframework.security.web.ObservationFilterChainDecorator$VirtualFilterChain.doFilter(ObservationFilterChainDecorator.java:137) ~[spring-security-web-6.3.1.jar:6.3.1]
	at org.springframework.security.web.authentication.logout.LogoutFilter.doFilter(LogoutFilter.java:107) ~[spring-security-web-6.3.1.jar:6.3.1]
	at org.springframework.security.web.authentication.logout.LogoutFilter.doFilter(LogoutFilter.java:93) ~[spring-security-web-6.3.1.jar:6.3.1]
	at org.springframework.security.web.ObservationFilterChainDecorator$ObservationFilter.wrapFilter(ObservationFilterChainDecorator.java:240) ~[spring-security-web-6.3.1.jar:6.3.1]
	at org.springframework.security.web.ObservationFilterChainDecorator$ObservationFilter.doFilter(ObservationFilterChainDecorator.java:227) ~[spring-security-web-6.3.1.jar:6.3.1]
	at org.springframework.security.web.ObservationFilterChainDecorator$VirtualFilterChain.doFilter(ObservationFilterChainDecorator.java:137) ~[spring-security-web-6.3.1.jar:6.3.1]
	at org.springframework.web.filter.CorsFilter.doFilterInternal(CorsFilter.java:91) ~[spring-web-6.1.11.jar:6.1.11]
	at org.springframework.web.filter.OncePerRequestFilter.doFilter(OncePerRequestFilter.java:116) ~[spring-web-6.1.11.jar:6.1.11]
	at org.springframework.security.web.ObservationFilterChainDecorator$ObservationFilter.wrapFilter(ObservationFilterChainDecorator.java:240) ~[spring-security-web-6.3.1.jar:6.3.1]
	at org.springframework.security.web.ObservationFilterChainDecorator$ObservationFilter.doFilter(ObservationFilterChainDecorator.java:227) ~[spring-security-web-6.3.1.jar:6.3.1]
	at org.springframework.security.web.ObservationFilterChainDecorator$VirtualFilterChain.doFilter(ObservationFilterChainDecorator.java:137) ~[spring-security-web-6.3.1.jar:6.3.1]
	at org.springframework.security.web.header.HeaderWriterFilter.doHeadersAfter(HeaderWriterFilter.java:90) ~[spring-security-web-6.3.1.jar:6.3.1]
	at org.springframework.security.web.header.HeaderWriterFilter.doFilterInternal(HeaderWriterFilter.java:75) ~[spring-security-web-6.3.1.jar:6.3.1]
	at org.springframework.web.filter.OncePerRequestFilter.doFilter(OncePerRequestFilter.java:116) ~[spring-web-6.1.11.jar:6.1.11]
	at org.springframework.security.web.ObservationFilterChainDecorator$ObservationFilter.wrapFilter(ObservationFilterChainDecorator.java:240) ~[spring-security-web-6.3.1.jar:6.3.1]
	at org.springframework.security.web.ObservationFilterChainDecorator$ObservationFilter.doFilter(ObservationFilterChainDecorator.java:227) ~[spring-security-web-6.3.1.jar:6.3.1]
	at org.springframework.security.web.ObservationFilterChainDecorator$VirtualFilterChain.doFilter(ObservationFilterChainDecorator.java:137) ~[spring-security-web-6.3.1.jar:6.3.1]
	at org.springframework.security.web.context.SecurityContextHolderFilter.doFilter(SecurityContextHolderFilter.java:82) ~[spring-security-web-6.3.1.jar:6.3.1]
	at org.springframework.security.web.context.SecurityContextHolderFilter.doFilter(SecurityContextHolderFilter.java:69) ~[spring-security-web-6.3.1.jar:6.3.1]
	at org.springframework.security.web.ObservationFilterChainDecorator$ObservationFilter.wrapFilter(ObservationFilterChainDecorator.java:240) ~[spring-security-web-6.3.1.jar:6.3.1]
	at org.springframework.security.web.ObservationFilterChainDecorator$ObservationFilter.doFilter(ObservationFilterChainDecorator.java:227) ~[spring-security-web-6.3.1.jar:6.3.1]
	at org.springframework.security.web.ObservationFilterChainDecorator$VirtualFilterChain.doFilter(ObservationFilterChainDecorator.java:137) ~[spring-security-web-6.3.1.jar:6.3.1]
	at org.springframework.security.web.context.request.async.WebAsyncManagerIntegrationFilter.doFilterInternal(WebAsyncManagerIntegrationFilter.java:62) ~[spring-security-web-6.3.1.jar:6.3.1]
	at org.springframework.web.filter.OncePerRequestFilter.doFilter(OncePerRequestFilter.java:116) ~[spring-web-6.1.11.jar:6.1.11]
	at org.springframework.security.web.ObservationFilterChainDecorator$ObservationFilter.wrapFilter(ObservationFilterChainDecorator.java:240) ~[spring-security-web-6.3.1.jar:6.3.1]
	at org.springframework.security.web.ObservationFilterChainDecorator$ObservationFilter.doFilter(ObservationFilterChainDecorator.java:227) ~[spring-security-web-6.3.1.jar:6.3.1]
	at org.springframework.security.web.ObservationFilterChainDecorator$VirtualFilterChain.doFilter(ObservationFilterChainDecorator.java:137) ~[spring-security-web-6.3.1.jar:6.3.1]
	at org.springframework.security.web.session.DisableEncodeUrlFilter.doFilterInternal(DisableEncodeUrlFilter.java:42) ~[spring-security-web-6.3.1.jar:6.3.1]
	at org.springframework.web.filter.OncePerRequestFilter.doFilter(OncePerRequestFilter.java:116) ~[spring-web-6.1.11.jar:6.1.11]
	at org.springframework.security.web.ObservationFilterChainDecorator$ObservationFilter.wrapFilter(ObservationFilterChainDecorator.java:240) ~[spring-security-web-6.3.1.jar:6.3.1]
	at org.springframework.security.web.ObservationFilterChainDecorator$AroundFilterObservation$SimpleAroundFilterObservation.lambda$wrap$0(ObservationFilterChainDecorator.java:323) ~[spring-security-web-6.3.1.jar:6.3.1]
	at org.springframework.security.web.ObservationFilterChainDecorator$ObservationFilter.doFilter(ObservationFilterChainDecorator.java:224) ~[spring-security-web-6.3.1.jar:6.3.1]
	at org.springframework.security.web.ObservationFilterChainDecorator$VirtualFilterChain.doFilter(ObservationFilterChainDecorator.java:137) ~[spring-security-web-6.3.1.jar:6.3.1]
	at org.springframework.security.web.FilterChainProxy.doFilterInternal(FilterChainProxy.java:233) ~[spring-security-web-6.3.1.jar:6.3.1]
	at org.springframework.security.web.FilterChainProxy.doFilter(FilterChainProxy.java:191) ~[spring-security-web-6.3.1.jar:6.3.1]
	at org.springframework.web.filter.CompositeFilter$VirtualFilterChain.doFilter(CompositeFilter.java:113) ~[spring-web-6.1.11.jar:6.1.11]
	at org.springframework.web.servlet.handler.HandlerMappingIntrospector.lambda$createCacheFilter$3(HandlerMappingIntrospector.java:195) ~[spring-webmvc-6.1.11.jar:6.1.11]
	at org.springframework.web.filter.CompositeFilter$VirtualFilterChain.doFilter(CompositeFilter.java:113) ~[spring-web-6.1.11.jar:6.1.11]
	at org.springframework.web.filter.CompositeFilter.doFilter(CompositeFilter.java:74) ~[spring-web-6.1.11.jar:6.1.11]
	at org.springframework.security.config.annotation.web.configuration.WebMvcSecurityConfiguration$CompositeFilterChainProxy.doFilter(WebMvcSecurityConfiguration.java:230) ~[spring-security-config-6.3.1.jar:6.3.1]
	at org.springframework.web.filter.DelegatingFilterProxy.invokeDelegate(DelegatingFilterProxy.java:352) ~[spring-web-6.1.11.jar:6.1.11]
	at org.springframework.web.filter.DelegatingFilterProxy.doFilter(DelegatingFilterProxy.java:268) ~[spring-web-6.1.11.jar:6.1.11]
	at org.apache.catalina.core.ApplicationFilterChain.internalDoFilter(ApplicationFilterChain.java:164) ~[tomcat-embed-core-10.1.26.jar:10.1.26]
	at org.apache.catalina.core.ApplicationFilterChain.doFilter(ApplicationFilterChain.java:140) ~[tomcat-embed-core-10.1.26.jar:10.1.26]
	at org.springframework.web.filter.RequestContextFilter.doFilterInternal(RequestContextFilter.java:100) ~[spring-web-6.1.11.jar:6.1.11]
	at org.springframework.web.filter.OncePerRequestFilter.doFilter(OncePerRequestFilter.java:116) ~[spring-web-6.1.11.jar:6.1.11]
	at org.apache.catalina.core.ApplicationFilterChain.internalDoFilter(ApplicationFilterChain.java:164) ~[tomcat-embed-core-10.1.26.jar:10.1.26]
	at org.apache.catalina.core.ApplicationFilterChain.doFilter(ApplicationFilterChain.java:140) ~[tomcat-embed-core-10.1.26.jar:10.1.26]
	at org.springframework.web.filter.FormContentFilter.doFilterInternal(FormContentFilter.java:93) ~[spring-web-6.1.11.jar:6.1.11]
	at org.springframework.web.filter.OncePerRequestFilter.doFilter(OncePerRequestFilter.java:116) ~[spring-web-6.1.11.jar:6.1.11]
	at org.apache.catalina.core.ApplicationFilterChain.internalDoFilter(ApplicationFilterChain.java:164) ~[tomcat-embed-core-10.1.26.jar:10.1.26]
	at org.apache.catalina.core.ApplicationFilterChain.doFilter(ApplicationFilterChain.java:140) ~[tomcat-embed-core-10.1.26.jar:10.1.26]
	at org.springframework.web.filter.ServerHttpObservationFilter.doFilterInternal(ServerHttpObservationFilter.java:113) ~[spring-web-6.1.11.jar:6.1.11]
	at org.springframework.web.filter.OncePerRequestFilter.doFilter(OncePerRequestFilter.java:116) ~[spring-web-6.1.11.jar:6.1.11]
	at org.apache.catalina.core.ApplicationFilterChain.internalDoFilter(ApplicationFilterChain.java:164) ~[tomcat-embed-core-10.1.26.jar:10.1.26]
	at org.apache.catalina.core.ApplicationFilterChain.doFilter(ApplicationFilterChain.java:140) ~[tomcat-embed-core-10.1.26.jar:10.1.26]
	at org.springframework.web.filter.CharacterEncodingFilter.doFilterInternal(CharacterEncodingFilter.java:201) ~[spring-web-6.1.11.jar:6.1.11]
	at org.springframework.web.filter.OncePerRequestFilter.doFilter(OncePerRequestFilter.java:116) ~[spring-web-6.1.11.jar:6.1.11]
	at org.apache.catalina.core.ApplicationFilterChain.internalDoFilter(ApplicationFilterChain.java:164) ~[tomcat-embed-core-10.1.26.jar:10.1.26]
	at org.apache.catalina.core.ApplicationFilterChain.doFilter(ApplicationFilterChain.java:140) ~[tomcat-embed-core-10.1.26.jar:10.1.26]
	at org.springframework.web.filter.OncePerRequestFilter.doFilter(OncePerRequestFilter.java:101) ~[spring-web-6.1.11.jar:6.1.11]
	at org.apache.catalina.core.ApplicationFilterChain.internalDoFilter(ApplicationFilterChain.java:164) ~[tomcat-embed-core-10.1.26.jar:10.1.26]
	at org.apache.catalina.core.ApplicationFilterChain.doFilter(ApplicationFilterChain.java:140) ~[tomcat-embed-core-10.1.26.jar:10.1.26]
	at org.apache.catalina.core.StandardWrapperValve.invoke(StandardWrapperValve.java:167) ~[tomcat-embed-core-10.1.26.jar:10.1.26]
	at org.apache.catalina.core.StandardContextValve.invoke(StandardContextValve.java:90) ~[tomcat-embed-core-10.1.26.jar:10.1.26]
	at org.apache.catalina.authenticator.AuthenticatorBase.invoke(AuthenticatorBase.java:483) ~[tomcat-embed-core-10.1.26.jar:10.1.26]
	at org.apache.catalina.core.StandardHostValve.invoke(StandardHostValve.java:115) ~[tomcat-embed-core-10.1.26.jar:10.1.26]
	at org.apache.catalina.valves.ErrorReportValve.invoke(ErrorReportValve.java:93) ~[tomcat-embed-core-10.1.26.jar:10.1.26]
	at org.apache.catalina.core.StandardEngineValve.invoke(StandardEngineValve.java:74) ~[tomcat-embed-core-10.1.26.jar:10.1.26]
	at org.apache.catalina.connector.CoyoteAdapter.service(CoyoteAdapter.java:344) ~[tomcat-embed-core-10.1.26.jar:10.1.26]
	at org.apache.coyote.http11.Http11Processor.service(Http11Processor.java:389) ~[tomcat-embed-core-10.1.26.jar:10.1.26]
	at org.apache.coyote.AbstractProcessorLight.process(AbstractProcessorLight.java:63) ~[tomcat-embed-core-10.1.26.jar:10.1.26]
	at org.apache.coyote.AbstractProtocol$ConnectionHandler.process(AbstractProtocol.java:904) ~[tomcat-embed-core-10.1.26.jar:10.1.26]
	at org.apache.tomcat.util.net.NioEndpoint$SocketProcessor.doRun(NioEndpoint.java:1741) ~[tomcat-embed-core-10.1.26.jar:10.1.26]
	at org.apache.tomcat.util.net.SocketProcessorBase.run(SocketProcessorBase.java:52) ~[tomcat-embed-core-10.1.26.jar:10.1.26]
	at org.apache.tomcat.util.threads.ThreadPoolExecutor.runWorker(ThreadPoolExecutor.java:1190) ~[tomcat-embed-core-10.1.26.jar:10.1.26]
	at org.apache.tomcat.util.threads.ThreadPoolExecutor$Worker.run(ThreadPoolExecutor.java:659) ~[tomcat-embed-core-10.1.26.jar:10.1.26]
	at org.apache.tomcat.util.threads.TaskThread$WrappingRunnable.run(TaskThread.java:63) ~[tomcat-embed-core-10.1.26.jar:10.1.26]
	at java.base/java.lang.Thread.run(Thread.java:1583) ~[na:na]

2026-09-16T00:22:25.131+02:00  WARN 13392 --- [shecancode-attendance-system] [nio-8081-exec-4] c.s.a.auth.security.AuthEntryPoint       : Unauthorized access attempt on [/api/v1/students]: Full authentication is required to access this resource
2026-09-16T00:22:28.722+02:00 DEBUG 13392 --- [shecancode-attendance-system] [   scheduling-1] org.hibernate.SQL                        : 
    select
        oe1_0.id,
        oe1_0.aggregate_id,
        oe1_0.created_at,
        oe1_0.event_type,
        oe1_0.payload,
        oe1_0.processed_at,
        oe1_0.retry_count,
        oe1_0.status,
        oe1_0.updated_at 
    from
        attendance_outbox oe1_0 
    where
        oe1_0.status in (?, ?) 
        and oe1_0.retry_count<?
Hibernate: 
    select
        oe1_0.id,
        oe1_0.aggregate_id,
        oe1_0.created_at,
        oe1_0.event_type,
        oe1_0.payload,
        oe1_0.processed_at,
        oe1_0.retry_count,
        oe1_0.status,
        oe1_0.updated_at 
    from
        attendance_outbox oe1_0 
    where
        oe1_0.status in (?, ?) 
        and oe1_0.retry_count<?
2026-09-16T00:22:41.164+02:00 DEBUG 13392 --- [shecancode-attendance-system] [   scheduling-1] org.hibernate.SQL                        : 
    select
        oe1_0.id,
        oe1_0.aggregate_id,
        oe1_0.created_at,
        oe1_0.event_type,
        oe1_0.payload,
        oe1_0.processed_at,
        oe1_0.retry_count,
        oe1_0.status,
        oe1_0.updated_at 
    from
        attendance_outbox oe1_0 
    where
        oe1_0.status in (?, ?) 
        and oe1_0.retry_count<?
Hibernate: 
    select
        oe1_0.id,
        oe1_0.aggregate_id,
        oe1_0.created_at,
        oe1_0.event_type,
        oe1_0.payload,
        oe1_0.processed_at,
        oe1_0.retry_count,
        oe1_0.status,
        oe1_0.updated_at 
    from
        attendance_outbox oe1_0 
    where
        oe1_0.status in (?, ?) 
        and oe1_0.retry_count<?
2026-09-16T00:30:31.997+02:00 DEBUG 13392 --- [shecancode-attendance-system] [   scheduling-1] org.hibernate.SQL                        : 
    select
        oe1_0.id,
        oe1_0.aggregate_id,
        oe1_0.created_at,
        oe1_0.event_type,
        oe1_0.payload,
        oe1_0.processed_at,
        oe1_0.retry_count,
        oe1_0.status,
        oe1_0.updated_at 
    from
        attendance_outbox oe1_0 
    where
        oe1_0.status in (?, ?) 
        and oe1_0.retry_count<?
Hibernate: 
    select
        oe1_0.id,
        oe1_0.aggregate_id,
        oe1_0.created_at,
        oe1_0.event_type,
        oe1_0.payload,
        oe1_0.processed_at,
        oe1_0.retry_count,
        oe1_0.status,
        oe1_0.updated_at 
    from
        attendance_outbox oe1_0 
    where
        oe1_0.status in (?, ?) 
        and oe1_0.retry_count<?
2026-09-16T00:30:37.179+02:00 DEBUG 13392 --- [shecancode-attendance-system] [   scheduling-1] org.hibernate.SQL                        : 
    select
        oe1_0.id,
        oe1_0.aggregate_id,
        oe1_0.created_at,
        oe1_0.event_type,
        oe1_0.payload,
        oe1_0.processed_at,
        oe1_0.retry_count,
        oe1_0.status,
        oe1_0.updated_at 
    from
        attendance_outbox oe1_0 
    where
        oe1_0.status in (?, ?) 
        and oe1_0.retry_count<?
Hibernate: 
    select
        oe1_0.id,
        oe1_0.aggregate_id,
        oe1_0.created_at,
        oe1_0.event_type,
        oe1_0.payload,
        oe1_0.processed_at,
        oe1_0.retry_count,
        oe1_0.status,
        oe1_0.updated_at 
    from
        attendance_outbox oe1_0 
    where
        oe1_0.status in (?, ?) 
        and oe1_0.retry_count<?
2026-09-16T00:30:42.208+02:00 DEBUG 13392 --- [shecancode-attendance-system] [   scheduling-1] org.hibernate.SQL                        : 
    select
        oe1_0.id,
        oe1_0.aggregate_id,
        oe1_0.created_at,
        oe1_0.event_type,
        oe1_0.payload,
        oe1_0.processed_at,
        oe1_0.retry_count,
        oe1_0.status,
        oe1_0.updated_at 
    from
        attendance_outbox oe1_0 
    where
        oe1_0.status in (?, ?) 
        and oe1_0.retry_count<?
Hibernate: 
    select
        oe1_0.id,
        oe1_0.aggregate_id,
        oe1_0.created_at,
        oe1_0.event_type,
        oe1_0.payload,
        oe1_0.processed_at,
        oe1_0.retry_count,
        oe1_0.status,
        oe1_0.updated_at 
    from
        attendance_outbox oe1_0 
    where
        oe1_0.status in (?, ?) 
        and oe1_0.retry_count<?
2026-09-16T00:30:44.905+02:00  WARN 13392 --- [shecancode-attendance-system] [l-1 housekeeper] com.zaxxer.hikari.pool.HikariPool        : HikariPool-1 - Thread starvation or clock leap detected (housekeeper delta=8m23s180ms404µs500ns).
2026-09-16T00:30:47.226+02:00 DEBUG 13392 --- [shecancode-attendance-system] [   scheduling-1] org.hibernate.SQL                        : 
    select
        oe1_0.id,
        oe1_0.aggregate_id,
        oe1_0.created_at,
        oe1_0.event_type,
        oe1_0.payload,
        oe1_0.processed_at,
        oe1_0.retry_count,
        oe1_0.status,
        oe1_0.updated_at 
    from
        attendance_outbox oe1_0 
    where
        oe1_0.status in (?, ?) 
        and oe1_0.retry_count<?
Hibernate: 
    select
        oe1_0.id,
        oe1_0.aggregate_id,
        oe1_0.created_at,
        oe1_0.event_type,
        oe1_0.payload,
        oe1_0.processed_at,
        oe1_0.retry_count,
        oe1_0.status,
        oe1_0.updated_at 
    from
        attendance_outbox oe1_0 
    where
        oe1_0.status in (?, ?) 
        and oe1_0.retry_count<?
2026-09-16T00:30:52.249+02:00 DEBUG 13392 --- [shecancode-attendance-system] [   scheduling-1] org.hibernate.SQL                        : 
    select
        oe1_0.id,
        oe1_0.aggregate_id,
        oe1_0.created_at,
        oe1_0.event_type,
        oe1_0.payload,
        oe1_0.processed_at,
        oe1_0.retry_count,
        oe1_0.status,
        oe1_0.updated_at 
    from
        attendance_outbox oe1_0 
    where
        oe1_0.status in (?, ?) 
        and oe1_0.retry_count<?
Hibernate: 
    select
        oe1_0.id,
        oe1_0.aggregate_id,
        oe1_0.created_at,
        oe1_0.event_type,
        oe1_0.payload,
        oe1_0.processed_at,
        oe1_0.retry_count,
        oe1_0.status,
        oe1_0.updated_at 
    from
        attendance_outbox oe1_0 
    where
        oe1_0.status in (?, ?) 
        and oe1_0.retry_count<?
2026-09-16T00:30:57.275+02:00 DEBUG 13392 --- [shecancode-attendance-system] [   scheduling-1] org.hibernate.SQL                        : 
    select
        oe1_0.id,
        oe1_0.aggregate_id,
        oe1_0.created_at,
        oe1_0.event_type,
        oe1_0.payload,
        oe1_0.processed_at,
        oe1_0.retry_count,
        oe1_0.status,
        oe1_0.updated_at 
    from
        attendance_outbox oe1_0 
    where
        oe1_0.status in (?, ?) 
        and oe1_0.retry_count<?
Hibernate: 
    select
        oe1_0.id,
        oe1_0.aggregate_id,
        oe1_0.created_at,
        oe1_0.event_type,
        oe1_0.payload,
        oe1_0.processed_at,
        oe1_0.retry_count,
        oe1_0.status,
        oe1_0.updated_at 
    from
        attendance_outbox oe1_0 
    where
        oe1_0.status in (?, ?) 
        and oe1_0.retry_count<?
2026-09-16T00:31:02.302+02:00 DEBUG 13392 --- [shecancode-attendance-system] [   scheduling-1] org.hibernate.SQL                        : 
    select
        oe1_0.id,
        oe1_0.aggregate_id,
        oe1_0.created_at,
        oe1_0.event_type,
        oe1_0.payload,
        oe1_0.processed_at,
        oe1_0.retry_count,
        oe1_0.status,
        oe1_0.updated_at 
    from
        attendance_outbox oe1_0 
    where
        oe1_0.status in (?, ?) 
        and oe1_0.retry_count<?
Hibernate: 
    select
        oe1_0.id,
        oe1_0.aggregate_id,
        oe1_0.created_at,
        oe1_0.event_type,
        oe1_0.payload,
        oe1_0.processed_at,
        oe1_0.retry_count,
        oe1_0.status,
        oe1_0.updated_at 
    from
        attendance_outbox oe1_0 
    where
        oe1_0.status in (?, ?) 
        and oe1_0.retry_count<?
2026-09-16T00:31:07.325+02:00 DEBUG 13392 --- [shecancode-attendance-system] [   scheduling-1] org.hibernate.SQL                        : 
    select
        oe1_0.id,
        oe1_0.aggregate_id,
        oe1_0.created_at,
        oe1_0.event_type,
        oe1_0.payload,
        oe1_0.processed_at,
        oe1_0.retry_count,
        oe1_0.status,
        oe1_0.updated_at 
    from
        attendance_outbox oe1_0 
    where
        oe1_0.status in (?, ?) 
        and oe1_0.retry_count<?
Hibernate: 
    select
        oe1_0.id,
        oe1_0.aggregate_id,
        oe1_0.created_at,
        oe1_0.event_type,
        oe1_0.payload,
        oe1_0.processed_at,
        oe1_0.retry_count,
        oe1_0.status,
        oe1_0.updated_at 
    from
        attendance_outbox oe1_0 
    where
        oe1_0.status in (?, ?) 
        and oe1_0.retry_count<?
2026-09-16T00:31:12.340+02:00 DEBUG 13392 --- [shecancode-attendance-system] [   scheduling-1] org.hibernate.SQL                        : 
    select
        oe1_0.id,
        oe1_0.aggregate_id,
        oe1_0.created_at,
        oe1_0.event_type,
        oe1_0.payload,
        oe1_0.processed_at,
        oe1_0.retry_count,
        oe1_0.status,
        oe1_0.updated_at 
    from
        attendance_outbox oe1_0 
    where
        oe1_0.status in (?, ?) 
        and oe1_0.retry_count<?
Hibernate: 
    select
        oe1_0.id,
        oe1_0.aggregate_id,
        oe1_0.created_at,
        oe1_0.event_type,
        oe1_0.payload,
        oe1_0.processed_at,
        oe1_0.retry_count,
        oe1_0.status,
        oe1_0.updated_at 
    from
        attendance_outbox oe1_0 
    where
        oe1_0.status in (?, ?) 
        and oe1_0.retry_count<?
2026-09-16T00:31:17.362+02:00 DEBUG 13392 --- [shecancode-attendance-system] [   scheduling-1] org.hibernate.SQL                        : 
    select
        oe1_0.id,
        oe1_0.aggregate_id,
        oe1_0.created_at,
        oe1_0.event_type,
        oe1_0.payload,
        oe1_0.processed_at,
        oe1_0.retry_count,
        oe1_0.status,
        oe1_0.updated_at 
    from
        attendance_outbox oe1_0 
    where
        oe1_0.status in (?, ?) 
        and oe1_0.retry_count<?
Hibernate: 
    select
        oe1_0.id,
        oe1_0.aggregate_id,
        oe1_0.created_at,
        oe1_0.event_type,
        oe1_0.payload,
        oe1_0.processed_at,
        oe1_0.retry_count,
        oe1_0.status,
        oe1_0.updated_at 
    from
        attendance_outbox oe1_0 
    where
        oe1_0.status in (?, ?) 
        and oe1_0.retry_count<?
2026-09-16T00:31:22.387+02:00 DEBUG 13392 --- [shecancode-attendance-system] [   scheduling-1] org.hibernate.SQL                        : 
    select
        oe1_0.id,
        oe1_0.aggregate_id,
        oe1_0.created_at,
        oe1_0.event_type,
        oe1_0.payload,
        oe1_0.processed_at,
        oe1_0.retry_count,
        oe1_0.status,
        oe1_0.updated_at 
    from
        attendance_outbox oe1_0 
    where
        oe1_0.status in (?, ?) 
        and oe1_0.retry_count<?
Hibernate: 
    select
        oe1_0.id,
        oe1_0.aggregate_id,
        oe1_0.created_at,
        oe1_0.event_type,
        oe1_0.payload,
        oe1_0.processed_at,
        oe1_0.retry_count,
        oe1_0.status,
        oe1_0.updated_at 
    from
        attendance_outbox oe1_0 
    where
        oe1_0.status in (?, ?) 
        and oe1_0.retry_count<?
2026-09-16T00:31:27.411+02:00 DEBUG 13392 --- [shecancode-attendance-system] [   scheduling-1] org.hibernate.SQL                        : 
    select
        oe1_0.id,
        oe1_0.aggregate_id,
        oe1_0.created_at,
        oe1_0.event_type,
        oe1_0.payload,
        oe1_0.processed_at,
        oe1_0.retry_count,
        oe1_0.status,
        oe1_0.updated_at 
    from
        attendance_outbox oe1_0 
    where
        oe1_0.status in (?, ?) 
        and oe1_0.retry_count<?
Hibernate: 
    select
        oe1_0.id,
        oe1_0.aggregate_id,
        oe1_0.created_at,
        oe1_0.event_type,
        oe1_0.payload,
        oe1_0.processed_at,
        oe1_0.retry_count,
        oe1_0.status,
        oe1_0.updated_at 
    from
        attendance_outbox oe1_0 
    where
        oe1_0.status in (?, ?) 
        and oe1_0.retry_count<?
2026-09-16T00:31:32.428+02:00 DEBUG 13392 --- [shecancode-attendance-system] [   scheduling-1] org.hibernate.SQL                        : 
    select
        oe1_0.id,
        oe1_0.aggregate_id,
        oe1_0.created_at,
        oe1_0.event_type,
        oe1_0.payload,
        oe1_0.processed_at,
        oe1_0.retry_count,
        oe1_0.status,
        oe1_0.updated_at 
    from
        attendance_outbox oe1_0 
    where
        oe1_0.status in (?, ?) 
        and oe1_0.retry_count<?
Hibernate: 
    select
        oe1_0.id,
        oe1_0.aggregate_id,
        oe1_0.created_at,
        oe1_0.event_type,
        oe1_0.payload,
        oe1_0.processed_at,
        oe1_0.retry_count,
        oe1_0.status,
        oe1_0.updated_at 
    from
        attendance_outbox oe1_0 
    where
        oe1_0.status in (?, ?) 
        and oe1_0.retry_count<?
2026-09-16T00:31:37.454+02:00 DEBUG 13392 --- [shecancode-attendance-system] [   scheduling-1] org.hibernate.SQL                        : 
    select
        oe1_0.id,
        oe1_0.aggregate_id,
        oe1_0.created_at,
        oe1_0.event_type,
        oe1_0.payload,
        oe1_0.processed_at,
        oe1_0.retry_count,
        oe1_0.status,
        oe1_0.updated_at 
    from
        attendance_outbox oe1_0 
    where
        oe1_0.status in (?, ?) 
        and oe1_0.retry_count<?
Hibernate: 
    select
        oe1_0.id,
        oe1_0.aggregate_id,
        oe1_0.created_at,
        oe1_0.event_type,
        oe1_0.payload,
        oe1_0.processed_at,
        oe1_0.retry_count,
        oe1_0.status,
        oe1_0.updated_at 
    from
        attendance_outbox oe1_0 
    where
        oe1_0.status in (?, ?) 
        and oe1_0.retry_count<?
2026-09-16T00:31:42.473+02:00 DEBUG 13392 --- [shecancode-attendance-system] [   scheduling-1] org.hibernate.SQL                        : 
    select
        oe1_0.id,
        oe1_0.aggregate_id,
        oe1_0.created_at,
        oe1_0.event_type,
        oe1_0.payload,
        oe1_0.processed_at,
        oe1_0.retry_count,
        oe1_0.status,
        oe1_0.updated_at 
    from
        attendance_outbox oe1_0 
    where
        oe1_0.status in (?, ?) 
        and oe1_0.retry_count<?
Hibernate: 
    select
        oe1_0.id,
        oe1_0.aggregate_id,
        oe1_0.created_at,
        oe1_0.event_type,
        oe1_0.payload,
        oe1_0.processed_at,
        oe1_0.retry_count,
        oe1_0.status,
        oe1_0.updated_at 
    from
        attendance_outbox oe1_0 
    where
        oe1_0.status in (?, ?) 
        and oe1_0.retry_count<?
2026-09-16T00:31:47.504+02:00 DEBUG 13392 --- [shecancode-attendance-system] [   scheduling-1] org.hibernate.SQL                        : 
    select
        oe1_0.id,
        oe1_0.aggregate_id,
        oe1_0.created_at,
        oe1_0.event_type,
        oe1_0.payload,
        oe1_0.processed_at,
        oe1_0.retry_count,
        oe1_0.status,
        oe1_0.updated_at 
    from
        attendance_outbox oe1_0 
    where
        oe1_0.status in (?, ?) 
        and oe1_0.retry_count<?
Hibernate: 
    select
        oe1_0.id,
        oe1_0.aggregate_id,
        oe1_0.created_at,
        oe1_0.event_type,
        oe1_0.payload,
        oe1_0.processed_at,
        oe1_0.retry_count,
        oe1_0.status,
        oe1_0.updated_at 
    from
        attendance_outbox oe1_0 
    where
        oe1_0.status in (?, ?) 
        and oe1_0.retry_count<?
2026-09-16T00:31:52.525+02:00 DEBUG 13392 --- [shecancode-attendance-system] [   scheduling-1] org.hibernate.SQL                        : 
    select
        oe1_0.id,
        oe1_0.aggregate_id,
        oe1_0.created_at,
        oe1_0.event_type,
        oe1_0.payload,
        oe1_0.processed_at,
        oe1_0.retry_count,
        oe1_0.status,
        oe1_0.updated_at 
    from
        attendance_outbox oe1_0 
    where
        oe1_0.status in (?, ?) 
        and oe1_0.retry_count<?
Hibernate: 
    select
        oe1_0.id,
        oe1_0.aggregate_id,
        oe1_0.created_at,
        oe1_0.event_type,
        oe1_0.payload,
        oe1_0.processed_at,
        oe1_0.retry_count,
        oe1_0.status,
        oe1_0.updated_at 
    from
        attendance_outbox oe1_0 
    where
        oe1_0.status in (?, ?) 
        and oe1_0.retry_count<?
2026-09-16T00:31:57.560+02:00 DEBUG 13392 --- [shecancode-attendance-system] [   scheduling-1] org.hibernate.SQL                        : 
    select
        oe1_0.id,
        oe1_0.aggregate_id,
        oe1_0.created_at,
        oe1_0.event_type,
        oe1_0.payload,
        oe1_0.processed_at,
        oe1_0.retry_count,
        oe1_0.status,
        oe1_0.updated_at 
    from
        attendance_outbox oe1_0 
    where
        oe1_0.status in (?, ?) 
        and oe1_0.retry_count<?
Hibernate: 
    select
        oe1_0.id,
        oe1_0.aggregate_id,
        oe1_0.created_at,
        oe1_0.event_type,
        oe1_0.payload,
        oe1_0.processed_at,
        oe1_0.retry_count,
        oe1_0.status,
        oe1_0.updated_at 
    from
        attendance_outbox oe1_0 
    where
        oe1_0.status in (?, ?) 
        and oe1_0.retry_count<?
2026-09-16T00:32:02.578+02:00 DEBUG 13392 --- [shecancode-attendance-system] [   scheduling-1] org.hibernate.SQL                        : 
    select
        oe1_0.id,
        oe1_0.aggregate_id,
        oe1_0.created_at,
        oe1_0.event_type,
        oe1_0.payload,
        oe1_0.processed_at,
        oe1_0.retry_count,
        oe1_0.status,
        oe1_0.updated_at 
    from
        attendance_outbox oe1_0 
    where
        oe1_0.status in (?, ?) 
        and oe1_0.retry_count<?
Hibernate: 
    select
        oe1_0.id,
        oe1_0.aggregate_id,
        oe1_0.created_at,
        oe1_0.event_type,
        oe1_0.payload,
        oe1_0.processed_at,
        oe1_0.retry_count,
        oe1_0.status,
        oe1_0.updated_at 
    from
        attendance_outbox oe1_0 
    where
        oe1_0.status in (?, ?) 
        and oe1_0.retry_count<?
2026-09-16T00:32:07.602+02:00 DEBUG 13392 --- [shecancode-attendance-system] [   scheduling-1] org.hibernate.SQL                        : 
    select
        oe1_0.id,
        oe1_0.aggregate_id,
        oe1_0.created_at,
        oe1_0.event_type,
        oe1_0.payload,
        oe1_0.processed_at,
        oe1_0.retry_count,
        oe1_0.status,
        oe1_0.updated_at 
    from
        attendance_outbox oe1_0 
    where
        oe1_0.status in (?, ?) 
        and oe1_0.retry_count<?
Hibernate: 
    select
        oe1_0.id,
        oe1_0.aggregate_id,
        oe1_0.created_at,
        oe1_0.event_type,
        oe1_0.payload,
        oe1_0.processed_at,
        oe1_0.retry_count,
        oe1_0.status,
        oe1_0.updated_at 
    from
        attendance_outbox oe1_0 
    where
        oe1_0.status in (?, ?) 
        and oe1_0.retry_count<?
2026-09-16T00:32:12.654+02:00 DEBUG 13392 --- [shecancode-attendance-system] [   scheduling-1] org.hibernate.SQL                        : 
    select
        oe1_0.id,
        oe1_0.aggregate_id,
        oe1_0.created_at,
        oe1_0.event_type,
        oe1_0.payload,
        oe1_0.processed_at,
        oe1_0.retry_count,
        oe1_0.status,
        oe1_0.updated_at 
    from
        attendance_outbox oe1_0 
    where
        oe1_0.status in (?, ?) 
        and oe1_0.retry_count<?
Hibernate: 
    select
        oe1_0.id,
        oe1_0.aggregate_id,
        oe1_0.created_at,
        oe1_0.event_type,
        oe1_0.payload,
        oe1_0.processed_at,
        oe1_0.retry_count,
        oe1_0.status,
        oe1_0.updated_at 
    from
        attendance_outbox oe1_0 
    where
        oe1_0.status in (?, ?) 
        and oe1_0.retry_count<?
2026-09-16T00:32:17.673+02:00 DEBUG 13392 --- [shecancode-attendance-system] [   scheduling-1] org.hibernate.SQL                        : 
    select
        oe1_0.id,
        oe1_0.aggregate_id,
        oe1_0.created_at,
        oe1_0.event_type,
        oe1_0.payload,
        oe1_0.processed_at,
        oe1_0.retry_count,
        oe1_0.status,
        oe1_0.updated_at 
    from
        attendance_outbox oe1_0 
    where
        oe1_0.status in (?, ?) 
        and oe1_0.retry_count<?
Hibernate: 
    select
        oe1_0.id,
        oe1_0.aggregate_id,
        oe1_0.created_at,
        oe1_0.event_type,
        oe1_0.payload,
        oe1_0.processed_at,
        oe1_0.retry_count,
        oe1_0.status,
        oe1_0.updated_at 
    from
        attendance_outbox oe1_0 
    where
        oe1_0.status in (?, ?) 
        and oe1_0.retry_count<?
2026-09-16T00:32:22.689+02:00 DEBUG 13392 --- [shecancode-attendance-system] [   scheduling-1] org.hibernate.SQL                        : 
    select
        oe1_0.id,
        oe1_0.aggregate_id,
        oe1_0.created_at,
        oe1_0.event_type,
        oe1_0.payload,
        oe1_0.processed_at,
        oe1_0.retry_count,
        oe1_0.status,
        oe1_0.updated_at 
    from
        attendance_outbox oe1_0 
    where
        oe1_0.status in (?, ?) 
        and oe1_0.retry_count<?
Hibernate: 
    select
        oe1_0.id,
        oe1_0.aggregate_id,
        oe1_0.created_at,
        oe1_0.event_type,
        oe1_0.payload,
        oe1_0.processed_at,
        oe1_0.retry_count,
        oe1_0.status,
        oe1_0.updated_at 
    from
        attendance_outbox oe1_0 
    where
        oe1_0.status in (?, ?) 
        and oe1_0.retry_count<?
2026-09-16T00:32:27.709+02:00 DEBUG 13392 --- [shecancode-attendance-system] [   scheduling-1] org.hibernate.SQL                        : 
    select
        oe1_0.id,
        oe1_0.aggregate_id,
        oe1_0.created_at,
        oe1_0.event_type,
        oe1_0.payload,
        oe1_0.processed_at,
        oe1_0.retry_count,
        oe1_0.status,
        oe1_0.updated_at 
    from
        attendance_outbox oe1_0 
    where
        oe1_0.status in (?, ?) 
        and oe1_0.retry_count<?
Hibernate: 
    select
        oe1_0.id,
        oe1_0.aggregate_id,
        oe1_0.created_at,
        oe1_0.event_type,
        oe1_0.payload,
        oe1_0.processed_at,
        oe1_0.retry_count,
        oe1_0.status,
        oe1_0.updated_at 
    from
        attendance_outbox oe1_0 
    where
        oe1_0.status in (?, ?) 
        and oe1_0.retry_count<?
2026-09-16T00:32:32.722+02:00 DEBUG 13392 --- [shecancode-attendance-system] [   scheduling-1] org.hibernate.SQL                        : 
    select
        oe1_0.id,
        oe1_0.aggregate_id,
        oe1_0.created_at,
        oe1_0.event_type,
        oe1_0.payload,
        oe1_0.processed_at,
        oe1_0.retry_count,
        oe1_0.status,
        oe1_0.updated_at 
    from
        attendance_outbox oe1_0 
    where
        oe1_0.status in (?, ?) 
        and oe1_0.retry_count<?
Hibernate: 
    select
        oe1_0.id,
        oe1_0.aggregate_id,
        oe1_0.created_at,
        oe1_0.event_type,
        oe1_0.payload,
        oe1_0.processed_at,
        oe1_0.retry_count,
        oe1_0.status,
        oe1_0.updated_at 
    from
        attendance_outbox oe1_0 
    where
        oe1_0.status in (?, ?) 
        and oe1_0.retry_count<?
2026-09-16T00:32:37.751+02:00 DEBUG 13392 --- [shecancode-attendance-system] [   scheduling-1] org.hibernate.SQL                        : 
    select
        oe1_0.id,
        oe1_0.aggregate_id,
        oe1_0.created_at,
        oe1_0.event_type,
        oe1_0.payload,
        oe1_0.processed_at,
        oe1_0.retry_count,
        oe1_0.status,
        oe1_0.updated_at 
    from
        attendance_outbox oe1_0 
    where
        oe1_0.status in (?, ?) 
        and oe1_0.retry_count<?
Hibernate: 
    select
        oe1_0.id,
        oe1_0.aggregate_id,
        oe1_0.created_at,
        oe1_0.event_type,
        oe1_0.payload,
        oe1_0.processed_at,
        oe1_0.retry_count,
        oe1_0.status,
        oe1_0.updated_at 
    from
        attendance_outbox oe1_0 
    where
        oe1_0.status in (?, ?) 
        and oe1_0.retry_count<?
2026-09-16T00:32:42.784+02:00 DEBUG 13392 --- [shecancode-attendance-system] [   scheduling-1] org.hibernate.SQL                        : 
    select
        oe1_0.id,
        oe1_0.aggregate_id,
        oe1_0.created_at,
        oe1_0.event_type,
        oe1_0.payload,
        oe1_0.processed_at,
        oe1_0.retry_count,
        oe1_0.status,
        oe1_0.updated_at 
    from
        attendance_outbox oe1_0 
    where
        oe1_0.status in (?, ?) 
        and oe1_0.retry_count<?
Hibernate: 
    select
        oe1_0.id,
        oe1_0.aggregate_id,
        oe1_0.created_at,
        oe1_0.event_type,
        oe1_0.payload,
        oe1_0.processed_at,
        oe1_0.retry_count,
        oe1_0.status,
        oe1_0.updated_at 
    from
        attendance_outbox oe1_0 
    where
        oe1_0.status in (?, ?) 
        and oe1_0.retry_count<?
2026-09-16T00:32:47.806+02:00 DEBUG 13392 --- [shecancode-attendance-system] [   scheduling-1] org.hibernate.SQL                        : 
    select
        oe1_0.id,
        oe1_0.aggregate_id,
        oe1_0.created_at,
        oe1_0.event_type,
        oe1_0.payload,
        oe1_0.processed_at,
        oe1_0.retry_count,
        oe1_0.status,
        oe1_0.updated_at 
    from
        attendance_outbox oe1_0 
    where
        oe1_0.status in (?, ?) 
        and oe1_0.retry_count<?
Hibernate: 
    select
        oe1_0.id,
        oe1_0.aggregate_id,
        oe1_0.created_at,
        oe1_0.event_type,
        oe1_0.payload,
        oe1_0.processed_at,
        oe1_0.retry_count,
        oe1_0.status,
        oe1_0.updated_at 
    from
        attendance_outbox oe1_0 
    where
        oe1_0.status in (?, ?) 
        and oe1_0.retry_count<?
2026-09-16T00:32:52.827+02:00 DEBUG 13392 --- [shecancode-attendance-system] [   scheduling-1] org.hibernate.SQL                        : 
    select
        oe1_0.id,
        oe1_0.aggregate_id,
        oe1_0.created_at,
        oe1_0.event_type,
        oe1_0.payload,
        oe1_0.processed_at,
        oe1_0.retry_count,
        oe1_0.status,
        oe1_0.updated_at 
    from
        attendance_outbox oe1_0 
    where
        oe1_0.status in (?, ?) 
        and oe1_0.retry_count<?
Hibernate: 
    select
        oe1_0.id,
        oe1_0.aggregate_id,
        oe1_0.created_at,
        oe1_0.event_type,
        oe1_0.payload,
        oe1_0.processed_at,
        oe1_0.retry_count,
        oe1_0.status,
        oe1_0.updated_at 
    from
        attendance_outbox oe1_0 
    where
        oe1_0.status in (?, ?) 
        and oe1_0.retry_count<?
2026-09-16T00:32:57.855+02:00 DEBUG 13392 --- [shecancode-attendance-system] [   scheduling-1] org.hibernate.SQL                        : 
    select
        oe1_0.id,
        oe1_0.aggregate_id,
        oe1_0.created_at,
        oe1_0.event_type,
        oe1_0.payload,
        oe1_0.processed_at,
        oe1_0.retry_count,
        oe1_0.status,
        oe1_0.updated_at 
    from
        attendance_outbox oe1_0 
    where
        oe1_0.status in (?, ?) 
        and oe1_0.retry_count<?
Hibernate: 
    select
        oe1_0.id,
        oe1_0.aggregate_id,
        oe1_0.created_at,
        oe1_0.event_type,
        oe1_0.payload,
        oe1_0.processed_at,
        oe1_0.retry_count,
        oe1_0.status,
        oe1_0.updated_at 
    from
        attendance_outbox oe1_0 
    where
        oe1_0.status in (?, ?) 
        and oe1_0.retry_count<?
2026-09-16T00:33:02.885+02:00 DEBUG 13392 --- [shecancode-attendance-system] [   scheduling-1] org.hibernate.SQL                        : 
    select
        oe1_0.id,
        oe1_0.aggregate_id,
        oe1_0.created_at,
        oe1_0.event_type,
        oe1_0.payload,
        oe1_0.processed_at,
        oe1_0.retry_count,
        oe1_0.status,
        oe1_0.updated_at 
    from
        attendance_outbox oe1_0 
    where
        oe1_0.status in (?, ?) 
        and oe1_0.retry_count<?
Hibernate: 
    select
        oe1_0.id,
        oe1_0.aggregate_id,
        oe1_0.created_at,
        oe1_0.event_type,
        oe1_0.payload,
        oe1_0.processed_at,
        oe1_0.retry_count,
        oe1_0.status,
        oe1_0.updated_at 
    from
        attendance_outbox oe1_0 
    where
        oe1_0.status in (?, ?) 
        and oe1_0.retry_count<?
2026-09-16T00:33:07.901+02:00 DEBUG 13392 --- [shecancode-attendance-system] [   scheduling-1] org.hibernate.SQL                        : 
    select
        oe1_0.id,
        oe1_0.aggregate_id,
        oe1_0.created_at,
        oe1_0.event_type,
        oe1_0.payload,
        oe1_0.processed_at,
        oe1_0.retry_count,
        oe1_0.status,
        oe1_0.updated_at 
    from
        attendance_outbox oe1_0 
    where
        oe1_0.status in (?, ?) 
        and oe1_0.retry_count<?
Hibernate: 
    select
        oe1_0.id,
        oe1_0.aggregate_id,
        oe1_0.created_at,
        oe1_0.event_type,
        oe1_0.payload,
        oe1_0.processed_at,
        oe1_0.retry_count,
        oe1_0.status,
        oe1_0.updated_at 
    from
        attendance_outbox oe1_0 
    where
        oe1_0.status in (?, ?) 
        and oe1_0.retry_count<?
2026-09-16T00:33:12.920+02:00 DEBUG 13392 --- [shecancode-attendance-system] [   scheduling-1] org.hibernate.SQL                        : 
    select
        oe1_0.id,
        oe1_0.aggregate_id,
        oe1_0.created_at,
        oe1_0.event_type,
        oe1_0.payload,
        oe1_0.processed_at,
        oe1_0.retry_count,
        oe1_0.status,
        oe1_0.updated_at 
    from
        attendance_outbox oe1_0 
    where
        oe1_0.status in (?, ?) 
        and oe1_0.retry_count<?
Hibernate: 
    select
        oe1_0.id,
        oe1_0.aggregate_id,
        oe1_0.created_at,
        oe1_0.event_type,
        oe1_0.payload,
        oe1_0.processed_at,
        oe1_0.retry_count,
        oe1_0.status,
        oe1_0.updated_at 
    from
        attendance_outbox oe1_0 
    where
        oe1_0.status in (?, ?) 
        and oe1_0.retry_count<?
2026-09-16T00:33:17.942+02:00 DEBUG 13392 --- [shecancode-attendance-system] [   scheduling-1] org.hibernate.SQL                        : 
    select
        oe1_0.id,
        oe1_0.aggregate_id,
        oe1_0.created_at,
        oe1_0.event_type,
        oe1_0.payload,
        oe1_0.processed_at,
        oe1_0.retry_count,
        oe1_0.status,
        oe1_0.updated_at 
    from
        attendance_outbox oe1_0 
    where
        oe1_0.status in (?, ?) 
        and oe1_0.retry_count<?
Hibernate: 
    select
        oe1_0.id,
        oe1_0.aggregate_id,
        oe1_0.created_at,
        oe1_0.event_type,
        oe1_0.payload,
        oe1_0.processed_at,
        oe1_0.retry_count,
        oe1_0.status,
        oe1_0.updated_at 
    from
        attendance_outbox oe1_0 
    where
        oe1_0.status in (?, ?) 
        and oe1_0.retry_count<?
2026-09-16T00:33:22.961+02:00 DEBUG 13392 --- [shecancode-attendance-system] [   scheduling-1] org.hibernate.SQL                        : 
    select
        oe1_0.id,
        oe1_0.aggregate_id,
        oe1_0.created_at,
        oe1_0.event_type,
        oe1_0.payload,
        oe1_0.processed_at,
        oe1_0.retry_count,
        oe1_0.status,
        oe1_0.updated_at 
    from
        attendance_outbox oe1_0 
    where
        oe1_0.status in (?, ?) 
        and oe1_0.retry_count<?
Hibernate: 
    select
        oe1_0.id,
        oe1_0.aggregate_id,
        oe1_0.created_at,
        oe1_0.event_type,
        oe1_0.payload,
        oe1_0.processed_at,
        oe1_0.retry_count,
        oe1_0.status,
        oe1_0.updated_at 
    from
        attendance_outbox oe1_0 
    where
        oe1_0.status in (?, ?) 
        and oe1_0.retry_count<?
2026-09-16T00:33:27.975+02:00 DEBUG 13392 --- [shecancode-attendance-system] [   scheduling-1] org.hibernate.SQL                        : 
    select
        oe1_0.id,
        oe1_0.aggregate_id,
        oe1_0.created_at,
        oe1_0.event_type,
        oe1_0.payload,
        oe1_0.processed_at,
        oe1_0.retry_count,
        oe1_0.status,
        oe1_0.updated_at 
    from
        attendance_outbox oe1_0 
    where
        oe1_0.status in (?, ?) 
        and oe1_0.retry_count<?
Hibernate: 
    select
        oe1_0.id,
        oe1_0.aggregate_id,
        oe1_0.created_at,
        oe1_0.event_type,
        oe1_0.payload,
        oe1_0.processed_at,
        oe1_0.retry_count,
        oe1_0.status,
        oe1_0.updated_at 
    from
        attendance_outbox oe1_0 
    where
        oe1_0.status in (?, ?) 
        and oe1_0.retry_count<?
2026-09-16T00:33:33.005+02:00 DEBUG 13392 --- [shecancode-attendance-system] [   scheduling-1] org.hibernate.SQL                        : 
    select
        oe1_0.id,
        oe1_0.aggregate_id,
        oe1_0.created_at,
        oe1_0.event_type,
        oe1_0.payload,
        oe1_0.processed_at,
        oe1_0.retry_count,
        oe1_0.status,
        oe1_0.updated_at 
    from
        attendance_outbox oe1_0 
    where
        oe1_0.status in (?, ?) 
        and oe1_0.retry_count<?
Hibernate: 
    select
        oe1_0.id,
        oe1_0.aggregate_id,
        oe1_0.created_at,
        oe1_0.event_type,
        oe1_0.payload,
        oe1_0.processed_at,
        oe1_0.retry_count,
        oe1_0.status,
        oe1_0.updated_at 
    from
        attendance_outbox oe1_0 
    where
        oe1_0.status in (?, ?) 
        and oe1_0.retry_count<?
2026-09-16T00:33:38.024+02:00 DEBUG 13392 --- [shecancode-attendance-system] [   scheduling-1] org.hibernate.SQL                        : 
    select
        oe1_0.id,
        oe1_0.aggregate_id,
        oe1_0.created_at,
        oe1_0.event_type,
        oe1_0.payload,
        oe1_0.processed_at,
        oe1_0.retry_count,
        oe1_0.status,
        oe1_0.updated_at 
    from
        attendance_outbox oe1_0 
    where
        oe1_0.status in (?, ?) 
        and oe1_0.retry_count<?
Hibernate: 
    select
        oe1_0.id,
        oe1_0.aggregate_id,
        oe1_0.created_at,
        oe1_0.event_type,
        oe1_0.payload,
        oe1_0.processed_at,
        oe1_0.retry_count,
        oe1_0.status,
        oe1_0.updated_at 
    from
        attendance_outbox oe1_0 
    where
        oe1_0.status in (?, ?) 
        and oe1_0.retry_count<?
2026-09-16T00:36:30.344+02:00 DEBUG 13392 --- [shecancode-attendance-system] [   scheduling-1] org.hibernate.SQL                        : 
    select
        oe1_0.id,
        oe1_0.aggregate_id,
        oe1_0.created_at,
        oe1_0.event_type,
        oe1_0.payload,
        oe1_0.processed_at,
        oe1_0.retry_count,
        oe1_0.status,
        oe1_0.updated_at 
    from
        attendance_outbox oe1_0 
    where
        oe1_0.status in (?, ?) 
        and oe1_0.retry_count<?
Hibernate: 
    select
        oe1_0.id,
        oe1_0.aggregate_id,
        oe1_0.created_at,
        oe1_0.event_type,
        oe1_0.payload,
        oe1_0.processed_at,
        oe1_0.retry_count,
        oe1_0.status,
        oe1_0.updated_at 
    from
        attendance_outbox oe1_0 
    where
        oe1_0.status in (?, ?) 
        and oe1_0.retry_count<?
2026-09-16T00:36:32.246+02:00  WARN 13392 --- [shecancode-attendance-system] [l-1 housekeeper] com.zaxxer.hikari.pool.HikariPool        : HikariPool-1 - Thread starvation or clock leap detected (housekeeper delta=3m17s276ms415µs).
2026-09-16T00:36:35.397+02:00 DEBUG 13392 --- [shecancode-attendance-system] [   scheduling-1] org.hibernate.SQL                        : 
    select
        oe1_0.id,
        oe1_0.aggregate_id,
        oe1_0.created_at,
        oe1_0.event_type,
        oe1_0.payload,
        oe1_0.processed_at,
        oe1_0.retry_count,
        oe1_0.status,
        oe1_0.updated_at 
    from
        attendance_outbox oe1_0 
    where
        oe1_0.status in (?, ?) 
        and oe1_0.retry_count<?
Hibernate: 
    select
        oe1_0.id,
        oe1_0.aggregate_id,
        oe1_0.created_at,
        oe1_0.event_type,
        oe1_0.payload,
        oe1_0.processed_at,
        oe1_0.retry_count,
        oe1_0.status,
        oe1_0.updated_at 
    from
        attendance_outbox oe1_0 
    where
        oe1_0.status in (?, ?) 
        and oe1_0.retry_count<?
2026-09-16T00:36:40.441+02:00 DEBUG 13392 --- [shecancode-attendance-system] [   scheduling-1] org.hibernate.SQL                        : 
    select
        oe1_0.id,
        oe1_0.aggregate_id,
        oe1_0.created_at,
        oe1_0.event_type,
        oe1_0.payload,
        oe1_0.processed_at,
        oe1_0.retry_count,
        oe1_0.status,
        oe1_0.updated_at 
    from
        attendance_outbox oe1_0 
    where
        oe1_0.status in (?, ?) 
        and oe1_0.retry_count<?
Hibernate: 
    select
        oe1_0.id,
        oe1_0.aggregate_id,
        oe1_0.created_at,
        oe1_0.event_type,
        oe1_0.payload,
        oe1_0.processed_at,
        oe1_0.retry_count,
        oe1_0.status,
        oe1_0.updated_at 
    from
        attendance_outbox oe1_0 
    where
        oe1_0.status in (?, ?) 
        and oe1_0.retry_count<?
2026-09-16T00:36:45.469+02:00 DEBUG 13392 --- [shecancode-attendance-system] [   scheduling-1] org.hibernate.SQL                        : 
    select
        oe1_0.id,
        oe1_0.aggregate_id,
        oe1_0.created_at,
        oe1_0.event_type,
        oe1_0.payload,
        oe1_0.processed_at,
        oe1_0.retry_count,
        oe1_0.status,
        oe1_0.updated_at 
    from
        attendance_outbox oe1_0 
    where
        oe1_0.status in (?, ?) 
        and oe1_0.retry_count<?
Hibernate: 
    select
        oe1_0.id,
        oe1_0.aggregate_id,
        oe1_0.created_at,
        oe1_0.event_type,
        oe1_0.payload,
        oe1_0.processed_at,
        oe1_0.retry_count,
        oe1_0.status,
        oe1_0.updated_at 
    from
        attendance_outbox oe1_0 
    where
        oe1_0.status in (?, ?) 
        and oe1_0.retry_count<?
2026-09-16T00:36:50.492+02:00 DEBUG 13392 --- [shecancode-attendance-system] [   scheduling-1] org.hibernate.SQL                        : 
    select
        oe1_0.id,
        oe1_0.aggregate_id,
        oe1_0.created_at,
        oe1_0.event_type,
        oe1_0.payload,
        oe1_0.processed_at,
        oe1_0.retry_count,
        oe1_0.status,
        oe1_0.updated_at 
    from
        attendance_outbox oe1_0 
    where
        oe1_0.status in (?, ?) 
        and oe1_0.retry_count<?
Hibernate: 
    select
        oe1_0.id,
        oe1_0.aggregate_id,
        oe1_0.created_at,
        oe1_0.event_type,
        oe1_0.payload,
        oe1_0.processed_at,
        oe1_0.retry_count,
        oe1_0.status,
        oe1_0.updated_at 
    from
        attendance_outbox oe1_0 
    where
        oe1_0.status in (?, ?) 
        and oe1_0.retry_count<?
2026-09-16T00:36:55.505+02:00 DEBUG 13392 --- [shecancode-attendance-system] [   scheduling-1] org.hibernate.SQL                        : 
    select
        oe1_0.id,
        oe1_0.aggregate_id,
        oe1_0.created_at,
        oe1_0.event_type,
        oe1_0.payload,
        oe1_0.processed_at,
        oe1_0.retry_count,
        oe1_0.status,
        oe1_0.updated_at 
    from
        attendance_outbox oe1_0 
    where
        oe1_0.status in (?, ?) 
        and oe1_0.retry_count<?
Hibernate: 
    select
        oe1_0.id,
        oe1_0.aggregate_id,
        oe1_0.created_at,
        oe1_0.event_type,
        oe1_0.payload,
        oe1_0.processed_at,
        oe1_0.retry_count,
        oe1_0.status,
        oe1_0.updated_at 
    from
        attendance_outbox oe1_0 
    where
        oe1_0.status in (?, ?) 
        and oe1_0.retry_count<?
2026-09-16T00:37:00.524+02:00 DEBUG 13392 --- [shecancode-attendance-system] [   scheduling-1] org.hibernate.SQL                        : 
    select
        oe1_0.id,
        oe1_0.aggregate_id,
        oe1_0.created_at,
        oe1_0.event_type,
        oe1_0.payload,
        oe1_0.processed_at,
        oe1_0.retry_count,
        oe1_0.status,
        oe1_0.updated_at 
    from
        attendance_outbox oe1_0 
    where
        oe1_0.status in (?, ?) 
        and oe1_0.retry_count<?
Hibernate: 
    select
        oe1_0.id,
        oe1_0.aggregate_id,
        oe1_0.created_at,
        oe1_0.event_type,
        oe1_0.payload,
        oe1_0.processed_at,
        oe1_0.retry_count,
        oe1_0.status,
        oe1_0.updated_at 
    from
        attendance_outbox oe1_0 
    where
        oe1_0.status in (?, ?) 
        and oe1_0.retry_count<?
2026-09-16T00:37:05.536+02:00 DEBUG 13392 --- [shecancode-attendance-system] [   scheduling-1] org.hibernate.SQL                        : 
    select
        oe1_0.id,
        oe1_0.aggregate_id,
        oe1_0.created_at,
        oe1_0.event_type,
        oe1_0.payload,
        oe1_0.processed_at,
        oe1_0.retry_count,
        oe1_0.status,
        oe1_0.updated_at 
    from
        attendance_outbox oe1_0 
    where
        oe1_0.status in (?, ?) 
        and oe1_0.retry_count<?
Hibernate: 
    select
        oe1_0.id,
        oe1_0.aggregate_id,
        oe1_0.created_at,
        oe1_0.event_type,
        oe1_0.payload,
        oe1_0.processed_at,
        oe1_0.retry_count,
        oe1_0.status,
        oe1_0.updated_at 
    from
        attendance_outbox oe1_0 
    where
        oe1_0.status in (?, ?) 
        and oe1_0.retry_count<?
2026-09-16T00:37:10.551+02:00 DEBUG 13392 --- [shecancode-attendance-system] [   scheduling-1] org.hibernate.SQL                        : 
    select
        oe1_0.id,
        oe1_0.aggregate_id,
        oe1_0.created_at,
        oe1_0.event_type,
        oe1_0.payload,
        oe1_0.processed_at,
        oe1_0.retry_count,
        oe1_0.status,
        oe1_0.updated_at 
    from
        attendance_outbox oe1_0 
    where
        oe1_0.status in (?, ?) 
        and oe1_0.retry_count<?
Hibernate: 
    select
        oe1_0.id,
        oe1_0.aggregate_id,
        oe1_0.created_at,
        oe1_0.event_type,
        oe1_0.payload,
        oe1_0.processed_at,
        oe1_0.retry_count,
        oe1_0.status,
        oe1_0.updated_at 
    from
        attendance_outbox oe1_0 
    where
        oe1_0.status in (?, ?) 
        and oe1_0.retry_count<?
2026-09-16T00:37:15.567+02:00 DEBUG 13392 --- [shecancode-attendance-system] [   scheduling-1] org.hibernate.SQL                        : 
    select
        oe1_0.id,
        oe1_0.aggregate_id,
        oe1_0.created_at,
        oe1_0.event_type,
        oe1_0.payload,
        oe1_0.processed_at,
        oe1_0.retry_count,
        oe1_0.status,
        oe1_0.updated_at 
    from
        attendance_outbox oe1_0 
    where
        oe1_0.status in (?, ?) 
        and oe1_0.retry_count<?
Hibernate: 
    select
        oe1_0.id,
        oe1_0.aggregate_id,
        oe1_0.created_at,
        oe1_0.event_type,
        oe1_0.payload,
        oe1_0.processed_at,
        oe1_0.retry_count,
        oe1_0.status,
        oe1_0.updated_at 
    from
        attendance_outbox oe1_0 
    where
        oe1_0.status in (?, ?) 
        and oe1_0.retry_count<?
2026-09-16T00:37:20.584+02:00 DEBUG 13392 --- [shecancode-attendance-system] [   scheduling-1] org.hibernate.SQL                        : 
    select
        oe1_0.id,
        oe1_0.aggregate_id,
        oe1_0.created_at,
        oe1_0.event_type,
        oe1_0.payload,
        oe1_0.processed_at,
        oe1_0.retry_count,
        oe1_0.status,
        oe1_0.updated_at 
    from
        attendance_outbox oe1_0 
    where
        oe1_0.status in (?, ?) 
        and oe1_0.retry_count<?
Hibernate: 
    select
        oe1_0.id,
        oe1_0.aggregate_id,
        oe1_0.created_at,
        oe1_0.event_type,
        oe1_0.payload,
        oe1_0.processed_at,
        oe1_0.retry_count,
        oe1_0.status,
        oe1_0.updated_at 
    from
        attendance_outbox oe1_0 
    where
        oe1_0.status in (?, ?) 
        and oe1_0.retry_count<?
2026-09-16T00:37:25.598+02:00 DEBUG 13392 --- [shecancode-attendance-system] [   scheduling-1] org.hibernate.SQL                        : 
    select
        oe1_0.id,
        oe1_0.aggregate_id,
        oe1_0.created_at,
        oe1_0.event_type,
        oe1_0.payload,
        oe1_0.processed_at,
        oe1_0.retry_count,
        oe1_0.status,
        oe1_0.updated_at 
    from
        attendance_outbox oe1_0 
    where
        oe1_0.status in (?, ?) 
        and oe1_0.retry_count<?
Hibernate: 
    select
        oe1_0.id,
        oe1_0.aggregate_id,
        oe1_0.created_at,
        oe1_0.event_type,
        oe1_0.payload,
        oe1_0.processed_at,
        oe1_0.retry_count,
        oe1_0.status,
        oe1_0.updated_at 
    from
        attendance_outbox oe1_0 
    where
        oe1_0.status in (?, ?) 
        and oe1_0.retry_count<?
2026-09-16T00:37:30.610+02:00 DEBUG 13392 --- [shecancode-attendance-system] [   scheduling-1] org.hibernate.SQL                        : 
    select
        oe1_0.id,
        oe1_0.aggregate_id,
        oe1_0.created_at,
        oe1_0.event_type,
        oe1_0.payload,
        oe1_0.processed_at,
        oe1_0.retry_count,
        oe1_0.status,
        oe1_0.updated_at 
    from
        attendance_outbox oe1_0 
    where
        oe1_0.status in (?, ?) 
        and oe1_0.retry_count<?
Hibernate: 
    select
        oe1_0.id,
        oe1_0.aggregate_id,
        oe1_0.created_at,
        oe1_0.event_type,
        oe1_0.payload,
        oe1_0.processed_at,
        oe1_0.retry_count,
        oe1_0.status,
        oe1_0.updated_at 
    from
        attendance_outbox oe1_0 
    where
        oe1_0.status in (?, ?) 
        and oe1_0.retry_count<?
2026-09-16T00:37:35.634+02:00 DEBUG 13392 --- [shecancode-attendance-system] [   scheduling-1] org.hibernate.SQL                        : 
    select
        oe1_0.id,
        oe1_0.aggregate_id,
        oe1_0.created_at,
        oe1_0.event_type,
        oe1_0.payload,
        oe1_0.processed_at,
        oe1_0.retry_count,
        oe1_0.status,
        oe1_0.updated_at 
    from
        attendance_outbox oe1_0 
    where
        oe1_0.status in (?, ?) 
        and oe1_0.retry_count<?
Hibernate: 
    select
        oe1_0.id,
        oe1_0.aggregate_id,
        oe1_0.created_at,
        oe1_0.event_type,
        oe1_0.payload,
        oe1_0.processed_at,
        oe1_0.retry_count,
        oe1_0.status,
        oe1_0.updated_at 
    from
        attendance_outbox oe1_0 
    where
        oe1_0.status in (?, ?) 
        and oe1_0.retry_count<?
2026-09-16T00:37:40.653+02:00 DEBUG 13392 --- [shecancode-attendance-system] [   scheduling-1] org.hibernate.SQL                        : 
    select
        oe1_0.id,
        oe1_0.aggregate_id,
        oe1_0.created_at,
        oe1_0.event_type,
        oe1_0.payload,
        oe1_0.processed_at,
        oe1_0.retry_count,
        oe1_0.status,
        oe1_0.updated_at 
    from
        attendance_outbox oe1_0 
    where
        oe1_0.status in (?, ?) 
        and oe1_0.retry_count<?
Hibernate: 
    select
        oe1_0.id,
        oe1_0.aggregate_id,
        oe1_0.created_at,
        oe1_0.event_type,
        oe1_0.payload,
        oe1_0.processed_at,
        oe1_0.retry_count,
        oe1_0.status,
        oe1_0.updated_at 
    from
        attendance_outbox oe1_0 
    where
        oe1_0.status in (?, ?) 
        and oe1_0.retry_count<?
2026-09-16T00:37:45.673+02:00 DEBUG 13392 --- [shecancode-attendance-system] [   scheduling-1] org.hibernate.SQL                        : 
    select
        oe1_0.id,
        oe1_0.aggregate_id,
        oe1_0.created_at,
        oe1_0.event_type,
        oe1_0.payload,
        oe1_0.processed_at,
        oe1_0.retry_count,
        oe1_0.status,
        oe1_0.updated_at 
    from
        attendance_outbox oe1_0 
    where
        oe1_0.status in (?, ?) 
        and oe1_0.retry_count<?
Hibernate: 
    select
        oe1_0.id,
        oe1_0.aggregate_id,
        oe1_0.created_at,
        oe1_0.event_type,
        oe1_0.payload,
        oe1_0.processed_at,
        oe1_0.retry_count,
        oe1_0.status,
        oe1_0.updated_at 
    from
        attendance_outbox oe1_0 
    where
        oe1_0.status in (?, ?) 
        and oe1_0.retry_count<?
2026-09-16T00:37:50.691+02:00 DEBUG 13392 --- [shecancode-attendance-system] [   scheduling-1] org.hibernate.SQL                        : 
    select
        oe1_0.id,
        oe1_0.aggregate_id,
        oe1_0.created_at,
        oe1_0.event_type,
        oe1_0.payload,
        oe1_0.processed_at,
        oe1_0.retry_count,
        oe1_0.status,
        oe1_0.updated_at 
    from
        attendance_outbox oe1_0 
    where
        oe1_0.status in (?, ?) 
        and oe1_0.retry_count<?
Hibernate: 
    select
        oe1_0.id,
        oe1_0.aggregate_id,
        oe1_0.created_at,
        oe1_0.event_type,
        oe1_0.payload,
        oe1_0.processed_at,
        oe1_0.retry_count,
        oe1_0.status,
        oe1_0.updated_at 
    from
        attendance_outbox oe1_0 
    where
        oe1_0.status in (?, ?) 
        and oe1_0.retry_count<?
2026-09-16T00:37:55.705+02:00 DEBUG 13392 --- [shecancode-attendance-system] [   scheduling-1] org.hibernate.SQL                        : 
    select
        oe1_0.id,
        oe1_0.aggregate_id,
        oe1_0.created_at,
        oe1_0.event_type,
        oe1_0.payload,
        oe1_0.processed_at,
        oe1_0.retry_count,
        oe1_0.status,
        oe1_0.updated_at 
    from
        attendance_outbox oe1_0 
    where
        oe1_0.status in (?, ?) 
        and oe1_0.retry_count<?
Hibernate: 
    select
        oe1_0.id,
        oe1_0.aggregate_id,
        oe1_0.created_at,
        oe1_0.event_type,
        oe1_0.payload,
        oe1_0.processed_at,
        oe1_0.retry_count,
        oe1_0.status,
        oe1_0.updated_at 
    from
        attendance_outbox oe1_0 
    where
        oe1_0.status in (?, ?) 
        and oe1_0.retry_count<?
2026-09-16T00:38:00.715+02:00 DEBUG 13392 --- [shecancode-attendance-system] [   scheduling-1] org.hibernate.SQL                        : 
    select
        oe1_0.id,
        oe1_0.aggregate_id,
        oe1_0.created_at,
        oe1_0.event_type,
        oe1_0.payload,
        oe1_0.processed_at,
        oe1_0.retry_count,
        oe1_0.status,
        oe1_0.updated_at 
    from
        attendance_outbox oe1_0 
    where
        oe1_0.status in (?, ?) 
        and oe1_0.retry_count<?
Hibernate: 
    select
        oe1_0.id,
        oe1_0.aggregate_id,
        oe1_0.created_at,
        oe1_0.event_type,
        oe1_0.payload,
        oe1_0.processed_at,
        oe1_0.retry_count,
        oe1_0.status,
        oe1_0.updated_at 
    from
        attendance_outbox oe1_0 
    where
        oe1_0.status in (?, ?) 
        and oe1_0.retry_count<?
2026-09-16T00:38:05.739+02:00 DEBUG 13392 --- [shecancode-attendance-system] [   scheduling-1] org.hibernate.SQL                        : 
    select
        oe1_0.id,
        oe1_0.aggregate_id,
        oe1_0.created_at,
        oe1_0.event_type,
        oe1_0.payload,
        oe1_0.processed_at,
        oe1_0.retry_count,
        oe1_0.status,
        oe1_0.updated_at 
    from
        attendance_outbox oe1_0 
    where
        oe1_0.status in (?, ?) 
        and oe1_0.retry_count<?
Hibernate: 
    select
        oe1_0.id,
        oe1_0.aggregate_id,
        oe1_0.created_at,
        oe1_0.event_type,
        oe1_0.payload,
        oe1_0.processed_at,
        oe1_0.retry_count,
        oe1_0.status,
        oe1_0.updated_at 
    from
        attendance_outbox oe1_0 
    where
        oe1_0.status in (?, ?) 
        and oe1_0.retry_count<?
2026-09-16T00:38:10.762+02:00 DEBUG 13392 --- [shecancode-attendance-system] [   scheduling-1] org.hibernate.SQL                        : 
    select
        oe1_0.id,
        oe1_0.aggregate_id,
        oe1_0.created_at,
        oe1_0.event_type,
        oe1_0.payload,
        oe1_0.processed_at,
        oe1_0.retry_count,
        oe1_0.status,
        oe1_0.updated_at 
    from
        attendance_outbox oe1_0 
    where
        oe1_0.status in (?, ?) 
        and oe1_0.retry_count<?
Hibernate: 
    select
        oe1_0.id,
        oe1_0.aggregate_id,
        oe1_0.created_at,
        oe1_0.event_type,
        oe1_0.payload,
        oe1_0.processed_at,
        oe1_0.retry_count,
        oe1_0.status,
        oe1_0.updated_at 
    from
        attendance_outbox oe1_0 
    where
        oe1_0.status in (?, ?) 
        and oe1_0.retry_count<?
2026-09-16T00:38:15.787+02:00 DEBUG 13392 --- [shecancode-attendance-system] [   scheduling-1] org.hibernate.SQL                        : 
    select
        oe1_0.id,
        oe1_0.aggregate_id,
        oe1_0.created_at,
        oe1_0.event_type,
        oe1_0.payload,
        oe1_0.processed_at,
        oe1_0.retry_count,
        oe1_0.status,
        oe1_0.updated_at 
    from
        attendance_outbox oe1_0 
    where
        oe1_0.status in (?, ?) 
        and oe1_0.retry_count<?
Hibernate: 
    select
        oe1_0.id,
        oe1_0.aggregate_id,
        oe1_0.created_at,
        oe1_0.event_type,
        oe1_0.payload,
        oe1_0.processed_at,
        oe1_0.retry_count,
        oe1_0.status,
        oe1_0.updated_at 
    from
        attendance_outbox oe1_0 
    where
        oe1_0.status in (?, ?) 
        and oe1_0.retry_count<?
2026-09-16T00:38:20.805+02:00 DEBUG 13392 --- [shecancode-attendance-system] [   scheduling-1] org.hibernate.SQL                        : 
    select
        oe1_0.id,
        oe1_0.aggregate_id,
        oe1_0.created_at,
        oe1_0.event_type,
        oe1_0.payload,
        oe1_0.processed_at,
        oe1_0.retry_count,
        oe1_0.status,
        oe1_0.updated_at 
    from
        attendance_outbox oe1_0 
    where
        oe1_0.status in (?, ?) 
        and oe1_0.retry_count<?
Hibernate: 
    select
        oe1_0.id,
        oe1_0.aggregate_id,
        oe1_0.created_at,
        oe1_0.event_type,
        oe1_0.payload,
        oe1_0.processed_at,
        oe1_0.retry_count,
        oe1_0.status,
        oe1_0.updated_at 
    from
        attendance_outbox oe1_0 
    where
        oe1_0.status in (?, ?) 
        and oe1_0.retry_count<?
2026-09-16T00:38:25.833+02:00 DEBUG 13392 --- [shecancode-attendance-system] [   scheduling-1] org.hibernate.SQL                        : 
    select
        oe1_0.id,
        oe1_0.aggregate_id,
        oe1_0.created_at,
        oe1_0.event_type,
        oe1_0.payload,
        oe1_0.processed_at,
        oe1_0.retry_count,
        oe1_0.status,
        oe1_0.updated_at 
    from
        attendance_outbox oe1_0 
    where
        oe1_0.status in (?, ?) 
        and oe1_0.retry_count<?
Hibernate: 
    select
        oe1_0.id,
        oe1_0.aggregate_id,
        oe1_0.created_at,
        oe1_0.event_type,
        oe1_0.payload,
        oe1_0.processed_at,
        oe1_0.retry_count,
        oe1_0.status,
        oe1_0.updated_at 
    from
        attendance_outbox oe1_0 
    where
        oe1_0.status in (?, ?) 
        and oe1_0.retry_count<?
2026-09-16T00:38:30.851+02:00 DEBUG 13392 --- [shecancode-attendance-system] [   scheduling-1] org.hibernate.SQL                        : 
    select
        oe1_0.id,
        oe1_0.aggregate_id,
        oe1_0.created_at,
        oe1_0.event_type,
        oe1_0.payload,
        oe1_0.processed_at,
        oe1_0.retry_count,
        oe1_0.status,
        oe1_0.updated_at 
    from
        attendance_outbox oe1_0 
    where
        oe1_0.status in (?, ?) 
        and oe1_0.retry_count<?
Hibernate: 
    select
        oe1_0.id,
        oe1_0.aggregate_id,
        oe1_0.created_at,
        oe1_0.event_type,
        oe1_0.payload,
        oe1_0.processed_at,
        oe1_0.retry_count,
        oe1_0.status,
        oe1_0.updated_at 
    from
        attendance_outbox oe1_0 
    where
        oe1_0.status in (?, ?) 
        and oe1_0.retry_count<?
2026-09-16T00:38:35.870+02:00 DEBUG 13392 --- [shecancode-attendance-system] [   scheduling-1] org.hibernate.SQL                        : 
    select
        oe1_0.id,
        oe1_0.aggregate_id,
        oe1_0.created_at,
        oe1_0.event_type,
        oe1_0.payload,
        oe1_0.processed_at,
        oe1_0.retry_count,
        oe1_0.status,
        oe1_0.updated_at 
    from
        attendance_outbox oe1_0 
    where
        oe1_0.status in (?, ?) 
        and oe1_0.retry_count<?
Hibernate: 
    select
        oe1_0.id,
        oe1_0.aggregate_id,
        oe1_0.created_at,
        oe1_0.event_type,
        oe1_0.payload,
        oe1_0.processed_at,
        oe1_0.retry_count,
        oe1_0.status,
        oe1_0.updated_at 
    from
        attendance_outbox oe1_0 
    where
        oe1_0.status in (?, ?) 
        and oe1_0.retry_count<?
2026-09-16T00:38:40.914+02:00 DEBUG 13392 --- [shecancode-attendance-system] [   scheduling-1] org.hibernate.SQL                        : 
    select
        oe1_0.id,
        oe1_0.aggregate_id,
        oe1_0.created_at,
        oe1_0.event_type,
        oe1_0.payload,
        oe1_0.processed_at,
        oe1_0.retry_count,
        oe1_0.status,
        oe1_0.updated_at 
    from
        attendance_outbox oe1_0 
    where
        oe1_0.status in (?, ?) 
        and oe1_0.retry_count<?
Hibernate: 
    select
        oe1_0.id,
        oe1_0.aggregate_id,
        oe1_0.created_at,
        oe1_0.event_type,
        oe1_0.payload,
        oe1_0.processed_at,
        oe1_0.retry_count,
        oe1_0.status,
        oe1_0.updated_at 
    from
        attendance_outbox oe1_0 
    where
        oe1_0.status in (?, ?) 
        and oe1_0.retry_count<?
2026-09-16T00:38:45.958+02:00 DEBUG 13392 --- [shecancode-attendance-system] [   scheduling-1] org.hibernate.SQL                        : 
    select
        oe1_0.id,
        oe1_0.aggregate_id,
        oe1_0.created_at,
        oe1_0.event_type,
        oe1_0.payload,
        oe1_0.processed_at,
        oe1_0.retry_count,
        oe1_0.status,
        oe1_0.updated_at 
    from
        attendance_outbox oe1_0 
    where
        oe1_0.status in (?, ?) 
        and oe1_0.retry_count<?
Hibernate: 
    select
        oe1_0.id,
        oe1_0.aggregate_id,
        oe1_0.created_at,
        oe1_0.event_type,
        oe1_0.payload,
        oe1_0.processed_at,
        oe1_0.retry_count,
        oe1_0.status,
        oe1_0.updated_at 
    from
        attendance_outbox oe1_0 
    where
        oe1_0.status in (?, ?) 
        and oe1_0.retry_count<?
2026-09-16T00:38:50.973+02:00 DEBUG 13392 --- [shecancode-attendance-system] [   scheduling-1] org.hibernate.SQL                        : 
    select
        oe1_0.id,
        oe1_0.aggregate_id,
        oe1_0.created_at,
        oe1_0.event_type,
        oe1_0.payload,
        oe1_0.processed_at,
        oe1_0.retry_count,
        oe1_0.status,
        oe1_0.updated_at 
    from
        attendance_outbox oe1_0 
    where
        oe1_0.status in (?, ?) 
        and oe1_0.retry_count<?
Hibernate: 
    select
        oe1_0.id,
        oe1_0.aggregate_id,
        oe1_0.created_at,
        oe1_0.event_type,
        oe1_0.payload,
        oe1_0.processed_at,
        oe1_0.retry_count,
        oe1_0.status,
        oe1_0.updated_at 
    from
        attendance_outbox oe1_0 
    where
        oe1_0.status in (?, ?) 
        and oe1_0.retry_count<?
2026-09-16T00:38:55.990+02:00 DEBUG 13392 --- [shecancode-attendance-system] [   scheduling-1] org.hibernate.SQL                        : 
    select
        oe1_0.id,
        oe1_0.aggregate_id,
        oe1_0.created_at,
        oe1_0.event_type,
        oe1_0.payload,
        oe1_0.processed_at,
        oe1_0.retry_count,
        oe1_0.status,
        oe1_0.updated_at 
    from
        attendance_outbox oe1_0 
    where
        oe1_0.status in (?, ?) 
        and oe1_0.retry_count<?
Hibernate: 
    select
        oe1_0.id,
        oe1_0.aggregate_id,
        oe1_0.created_at,
        oe1_0.event_type,
        oe1_0.payload,
        oe1_0.processed_at,
        oe1_0.retry_count,
        oe1_0.status,
        oe1_0.updated_at 
    from
        attendance_outbox oe1_0 
    where
        oe1_0.status in (?, ?) 
        and oe1_0.retry_count<?
2026-09-16T00:39:01.012+02:00 DEBUG 13392 --- [shecancode-attendance-system] [   scheduling-1] org.hibernate.SQL                        : 
    select
        oe1_0.id,
        oe1_0.aggregate_id,
        oe1_0.created_at,
        oe1_0.event_type,
        oe1_0.payload,
        oe1_0.processed_at,
        oe1_0.retry_count,
        oe1_0.status,
        oe1_0.updated_at 
    from
        attendance_outbox oe1_0 
    where
        oe1_0.status in (?, ?) 
        and oe1_0.retry_count<?
Hibernate: 
    select
        oe1_0.id,
        oe1_0.aggregate_id,
        oe1_0.created_at,
        oe1_0.event_type,
        oe1_0.payload,
        oe1_0.processed_at,
        oe1_0.retry_count,
        oe1_0.status,
        oe1_0.updated_at 
    from
        attendance_outbox oe1_0 
    where
        oe1_0.status in (?, ?) 
        and oe1_0.retry_count<?
2026-09-16T00:39:06.026+02:00 DEBUG 13392 --- [shecancode-attendance-system] [   scheduling-1] org.hibernate.SQL                        : 
    select
        oe1_0.id,
        oe1_0.aggregate_id,
        oe1_0.created_at,
        oe1_0.event_type,
        oe1_0.payload,
        oe1_0.processed_at,
        oe1_0.retry_count,
        oe1_0.status,
        oe1_0.updated_at 
    from
        attendance_outbox oe1_0 
    where
        oe1_0.status in (?, ?) 
        and oe1_0.retry_count<?
Hibernate: 
    select
        oe1_0.id,
        oe1_0.aggregate_id,
        oe1_0.created_at,
        oe1_0.event_type,
        oe1_0.payload,
        oe1_0.processed_at,
        oe1_0.retry_count,
        oe1_0.status,
        oe1_0.updated_at 
    from
        attendance_outbox oe1_0 
    where
        oe1_0.status in (?, ?) 
        and oe1_0.retry_count<?
2026-09-16T00:39:11.046+02:00 DEBUG 13392 --- [shecancode-attendance-system] [   scheduling-1] org.hibernate.SQL                        : 
    select
        oe1_0.id,
        oe1_0.aggregate_id,
        oe1_0.created_at,
        oe1_0.event_type,
        oe1_0.payload,
        oe1_0.processed_at,
        oe1_0.retry_count,
        oe1_0.status,
        oe1_0.updated_at 
    from
        attendance_outbox oe1_0 
    where
        oe1_0.status in (?, ?) 
        and oe1_0.retry_count<?
Hibernate: 
    select
        oe1_0.id,
        oe1_0.aggregate_id,
        oe1_0.created_at,
        oe1_0.event_type,
        oe1_0.payload,
        oe1_0.processed_at,
        oe1_0.retry_count,
        oe1_0.status,
        oe1_0.updated_at 
    from
        attendance_outbox oe1_0 
    where
        oe1_0.status in (?, ?) 
        and oe1_0.retry_count<?
2026-09-16T00:39:16.073+02:00 DEBUG 13392 --- [shecancode-attendance-system] [   scheduling-1] org.hibernate.SQL                        : 
    select
        oe1_0.id,
        oe1_0.aggregate_id,
        oe1_0.created_at,
        oe1_0.event_type,
        oe1_0.payload,
        oe1_0.processed_at,
        oe1_0.retry_count,
        oe1_0.status,
        oe1_0.updated_at 
    from
        attendance_outbox oe1_0 
    where
        oe1_0.status in (?, ?) 
        and oe1_0.retry_count<?
Hibernate: 
    select
        oe1_0.id,
        oe1_0.aggregate_id,
        oe1_0.created_at,
        oe1_0.event_type,
        oe1_0.payload,
        oe1_0.processed_at,
        oe1_0.retry_count,
        oe1_0.status,
        oe1_0.updated_at 
    from
        attendance_outbox oe1_0 
    where
        oe1_0.status in (?, ?) 
        and oe1_0.retry_count<?
2026-09-16T00:39:21.095+02:00 DEBUG 13392 --- [shecancode-attendance-system] [   scheduling-1] org.hibernate.SQL                        : 
    select
        oe1_0.id,
        oe1_0.aggregate_id,
        oe1_0.created_at,
        oe1_0.event_type,
        oe1_0.payload,
        oe1_0.processed_at,
        oe1_0.retry_count,
        oe1_0.status,
        oe1_0.updated_at 
    from
        attendance_outbox oe1_0 
    where
        oe1_0.status in (?, ?) 
        and oe1_0.retry_count<?
Hibernate: 
    select
        oe1_0.id,
        oe1_0.aggregate_id,
        oe1_0.created_at,
        oe1_0.event_type,
        oe1_0.payload,
        oe1_0.processed_at,
        oe1_0.retry_count,
        oe1_0.status,
        oe1_0.updated_at 
    from
        attendance_outbox oe1_0 
    where
        oe1_0.status in (?, ?) 
        and oe1_0.retry_count<?
2026-09-16T00:39:26.116+02:00 DEBUG 13392 --- [shecancode-attendance-system] [   scheduling-1] org.hibernate.SQL                        : 
    select
        oe1_0.id,
        oe1_0.aggregate_id,
        oe1_0.created_at,
        oe1_0.event_type,
        oe1_0.payload,
        oe1_0.processed_at,
        oe1_0.retry_count,
        oe1_0.status,
        oe1_0.updated_at 
    from
        attendance_outbox oe1_0 
    where
        oe1_0.status in (?, ?) 
        and oe1_0.retry_count<?
Hibernate: 
    select
        oe1_0.id,
        oe1_0.aggregate_id,
        oe1_0.created_at,
        oe1_0.event_type,
        oe1_0.payload,
        oe1_0.processed_at,
        oe1_0.retry_count,
        oe1_0.status,
        oe1_0.updated_at 
    from
        attendance_outbox oe1_0 
    where
        oe1_0.status in (?, ?) 
        and oe1_0.retry_count<?
2026-09-16T00:39:31.134+02:00 DEBUG 13392 --- [shecancode-attendance-system] [   scheduling-1] org.hibernate.SQL                        : 
    select
        oe1_0.id,
        oe1_0.aggregate_id,
        oe1_0.created_at,
        oe1_0.event_type,
        oe1_0.payload,
        oe1_0.processed_at,
        oe1_0.retry_count,
        oe1_0.status,
        oe1_0.updated_at 
    from
        attendance_outbox oe1_0 
    where
        oe1_0.status in (?, ?) 
        and oe1_0.retry_count<?
Hibernate: 
    select
        oe1_0.id,
        oe1_0.aggregate_id,
        oe1_0.created_at,
        oe1_0.event_type,
        oe1_0.payload,
        oe1_0.processed_at,
        oe1_0.retry_count,
        oe1_0.status,
        oe1_0.updated_at 
    from
        attendance_outbox oe1_0 
    where
        oe1_0.status in (?, ?) 
        and oe1_0.retry_count<?
2026-09-16T00:39:36.146+02:00 DEBUG 13392 --- [shecancode-attendance-system] [   scheduling-1] org.hibernate.SQL                        : 
    select
        oe1_0.id,
        oe1_0.aggregate_id,
        oe1_0.created_at,
        oe1_0.event_type,
        oe1_0.payload,
        oe1_0.processed_at,
        oe1_0.retry_count,
        oe1_0.status,
        oe1_0.updated_at 
    from
        attendance_outbox oe1_0 
    where
        oe1_0.status in (?, ?) 
        and oe1_0.retry_count<?
Hibernate: 
    select
        oe1_0.id,
        oe1_0.aggregate_id,
        oe1_0.created_at,
        oe1_0.event_type,
        oe1_0.payload,
        oe1_0.processed_at,
        oe1_0.retry_count,
        oe1_0.status,
        oe1_0.updated_at 
    from
        attendance_outbox oe1_0 
    where
        oe1_0.status in (?, ?) 
        and oe1_0.retry_count<?
2026-09-16T00:39:41.169+02:00 DEBUG 13392 --- [shecancode-attendance-system] [   scheduling-1] org.hibernate.SQL                        : 
    select
        oe1_0.id,
        oe1_0.aggregate_id,
        oe1_0.created_at,
        oe1_0.event_type,
        oe1_0.payload,
        oe1_0.processed_at,
        oe1_0.retry_count,
        oe1_0.status,
        oe1_0.updated_at 
    from
        attendance_outbox oe1_0 
    where
        oe1_0.status in (?, ?) 
        and oe1_0.retry_count<?
Hibernate: 
    select
        oe1_0.id,
        oe1_0.aggregate_id,
        oe1_0.created_at,
        oe1_0.event_type,
        oe1_0.payload,
        oe1_0.processed_at,
        oe1_0.retry_count,
        oe1_0.status,
        oe1_0.updated_at 
    from
        attendance_outbox oe1_0 
    where
        oe1_0.status in (?, ?) 
        and oe1_0.retry_count<?
2026-09-16T00:39:46.180+02:00 DEBUG 13392 --- [shecancode-attendance-system] [   scheduling-1] org.hibernate.SQL                        : 
    select
        oe1_0.id,
        oe1_0.aggregate_id,
        oe1_0.created_at,
        oe1_0.event_type,
        oe1_0.payload,
        oe1_0.processed_at,
        oe1_0.retry_count,
        oe1_0.status,
        oe1_0.updated_at 
    from
        attendance_outbox oe1_0 
    where
        oe1_0.status in (?, ?) 
        and oe1_0.retry_count<?
Hibernate: 
    select
        oe1_0.id,
        oe1_0.aggregate_id,
        oe1_0.created_at,
        oe1_0.event_type,
        oe1_0.payload,
        oe1_0.processed_at,
        oe1_0.retry_count,
        oe1_0.status,
        oe1_0.updated_at 
    from
        attendance_outbox oe1_0 
    where
        oe1_0.status in (?, ?) 
        and oe1_0.retry_count<?
2026-09-16T00:39:51.200+02:00 DEBUG 13392 --- [shecancode-attendance-system] [   scheduling-1] org.hibernate.SQL                        : 
    select
        oe1_0.id,
        oe1_0.aggregate_id,
        oe1_0.created_at,
        oe1_0.event_type,
        oe1_0.payload,
        oe1_0.processed_at,
        oe1_0.retry_count,
        oe1_0.status,
        oe1_0.updated_at 
    from
        attendance_outbox oe1_0 
    where
        oe1_0.status in (?, ?) 
        and oe1_0.retry_count<?
Hibernate: 
    select
        oe1_0.id,
        oe1_0.aggregate_id,
        oe1_0.created_at,
        oe1_0.event_type,
        oe1_0.payload,
        oe1_0.processed_at,
        oe1_0.retry_count,
        oe1_0.status,
        oe1_0.updated_at 
    from
        attendance_outbox oe1_0 
    where
        oe1_0.status in (?, ?) 
        and oe1_0.retry_count<?
2026-09-16T00:39:56.222+02:00 DEBUG 13392 --- [shecancode-attendance-system] [   scheduling-1] org.hibernate.SQL                        : 
    select
        oe1_0.id,
        oe1_0.aggregate_id,
        oe1_0.created_at,
        oe1_0.event_type,
        oe1_0.payload,
        oe1_0.processed_at,
        oe1_0.retry_count,
        oe1_0.status,
        oe1_0.updated_at 
    from
        attendance_outbox oe1_0 
    where
        oe1_0.status in (?, ?) 
        and oe1_0.retry_count<?
Hibernate: 
    select
        oe1_0.id,
        oe1_0.aggregate_id,
        oe1_0.created_at,
        oe1_0.event_type,
        oe1_0.payload,
        oe1_0.processed_at,
        oe1_0.retry_count,
        oe1_0.status,
        oe1_0.updated_at 
    from
        attendance_outbox oe1_0 
    where
        oe1_0.status in (?, ?) 
        and oe1_0.retry_count<?
2026-09-16T00:40:01.244+02:00 DEBUG 13392 --- [shecancode-attendance-system] [   scheduling-1] org.hibernate.SQL                        : 
    select
        oe1_0.id,
        oe1_0.aggregate_id,
        oe1_0.created_at,
        oe1_0.event_type,
        oe1_0.payload,
        oe1_0.processed_at,
        oe1_0.retry_count,
        oe1_0.status,
        oe1_0.updated_at 
    from
        attendance_outbox oe1_0 
    where
        oe1_0.status in (?, ?) 
        and oe1_0.retry_count<?
Hibernate: 
    select
        oe1_0.id,
        oe1_0.aggregate_id,
        oe1_0.created_at,
        oe1_0.event_type,
        oe1_0.payload,
        oe1_0.processed_at,
        oe1_0.retry_count,
        oe1_0.status,
        oe1_0.updated_at 
    from
        attendance_outbox oe1_0 
    where
        oe1_0.status in (?, ?) 
        and oe1_0.retry_count<?
2026-09-16T00:40:06.262+02:00 DEBUG 13392 --- [shecancode-attendance-system] [   scheduling-1] org.hibernate.SQL                        : 
    select
        oe1_0.id,
        oe1_0.aggregate_id,
        oe1_0.created_at,
        oe1_0.event_type,
        oe1_0.payload,
        oe1_0.processed_at,
        oe1_0.retry_count,
        oe1_0.status,
        oe1_0.updated_at 
    from
        attendance_outbox oe1_0 
    where
        oe1_0.status in (?, ?) 
        and oe1_0.retry_count<?
Hibernate: 
    select
        oe1_0.id,
        oe1_0.aggregate_id,
        oe1_0.created_at,
        oe1_0.event_type,
        oe1_0.payload,
        oe1_0.processed_at,
        oe1_0.retry_count,
        oe1_0.status,
        oe1_0.updated_at 
    from
        attendance_outbox oe1_0 
    where
        oe1_0.status in (?, ?) 
        and oe1_0.retry_count<?
2026-09-16T00:40:11.273+02:00 DEBUG 13392 --- [shecancode-attendance-system] [   scheduling-1] org.hibernate.SQL                        : 
    select
        oe1_0.id,
        oe1_0.aggregate_id,
        oe1_0.created_at,
        oe1_0.event_type,
        oe1_0.payload,
        oe1_0.processed_at,
        oe1_0.retry_count,
        oe1_0.status,
        oe1_0.updated_at 
    from
        attendance_outbox oe1_0 
    where
        oe1_0.status in (?, ?) 
        and oe1_0.retry_count<?
Hibernate: 
    select
        oe1_0.id,
        oe1_0.aggregate_id,
        oe1_0.created_at,
        oe1_0.event_type,
        oe1_0.payload,
        oe1_0.processed_at,
        oe1_0.retry_count,
        oe1_0.status,
        oe1_0.updated_at 
    from
        attendance_outbox oe1_0 
    where
        oe1_0.status in (?, ?) 
        and oe1_0.retry_count<?
2026-09-16T00:40:16.286+02:00 DEBUG 13392 --- [shecancode-attendance-system] [   scheduling-1] org.hibernate.SQL                        : 
    select
        oe1_0.id,
        oe1_0.aggregate_id,
        oe1_0.created_at,
        oe1_0.event_type,
        oe1_0.payload,
        oe1_0.processed_at,
        oe1_0.retry_count,
        oe1_0.status,
        oe1_0.updated_at 
    from
        attendance_outbox oe1_0 
    where
        oe1_0.status in (?, ?) 
        and oe1_0.retry_count<?
Hibernate: 
    select
        oe1_0.id,
        oe1_0.aggregate_id,
        oe1_0.created_at,
        oe1_0.event_type,
        oe1_0.payload,
        oe1_0.processed_at,
        oe1_0.retry_count,
        oe1_0.status,
        oe1_0.updated_at 
    from
        attendance_outbox oe1_0 
    where
        oe1_0.status in (?, ?) 
        and oe1_0.retry_count<?
2026-09-16T00:40:21.301+02:00 DEBUG 13392 --- [shecancode-attendance-system] [   scheduling-1] org.hibernate.SQL                        : 
    select
        oe1_0.id,
        oe1_0.aggregate_id,
        oe1_0.created_at,
        oe1_0.event_type,
        oe1_0.payload,
        oe1_0.processed_at,
        oe1_0.retry_count,
        oe1_0.status,
        oe1_0.updated_at 
    from
        attendance_outbox oe1_0 
    where
        oe1_0.status in (?, ?) 
        and oe1_0.retry_count<?
Hibernate: 
    select
        oe1_0.id,
        oe1_0.aggregate_id,
        oe1_0.created_at,
        oe1_0.event_type,
        oe1_0.payload,
        oe1_0.processed_at,
        oe1_0.retry_count,
        oe1_0.status,
        oe1_0.updated_at 
    from
        attendance_outbox oe1_0 
    where
        oe1_0.status in (?, ?) 
        and oe1_0.retry_count<?
2026-09-16T00:40:26.324+02:00 DEBUG 13392 --- [shecancode-attendance-system] [   scheduling-1] org.hibernate.SQL                        : 
    select
        oe1_0.id,
        oe1_0.aggregate_id,
        oe1_0.created_at,
        oe1_0.event_type,
        oe1_0.payload,
        oe1_0.processed_at,
        oe1_0.retry_count,
        oe1_0.status,
        oe1_0.updated_at 
    from
        attendance_outbox oe1_0 
    where
        oe1_0.status in (?, ?) 
        and oe1_0.retry_count<?
Hibernate: 
    select
        oe1_0.id,
        oe1_0.aggregate_id,
        oe1_0.created_at,
        oe1_0.event_type,
        oe1_0.payload,
        oe1_0.processed_at,
        oe1_0.retry_count,
        oe1_0.status,
        oe1_0.updated_at 
    from
        attendance_outbox oe1_0 
    where
        oe1_0.status in (?, ?) 
        and oe1_0.retry_count<?
2026-09-16T00:40:31.336+02:00 DEBUG 13392 --- [shecancode-attendance-system] [   scheduling-1] org.hibernate.SQL                        : 
    select
        oe1_0.id,
        oe1_0.aggregate_id,
        oe1_0.created_at,
        oe1_0.event_type,
        oe1_0.payload,
        oe1_0.processed_at,
        oe1_0.retry_count,
        oe1_0.status,
        oe1_0.updated_at 
    from
        attendance_outbox oe1_0 
    where
        oe1_0.status in (?, ?) 
        and oe1_0.retry_count<?
Hibernate: 
    select
        oe1_0.id,
        oe1_0.aggregate_id,
        oe1_0.created_at,
        oe1_0.event_type,
        oe1_0.payload,
        oe1_0.processed_at,
        oe1_0.retry_count,
        oe1_0.status,
        oe1_0.updated_at 
    from
        attendance_outbox oe1_0 
    where
        oe1_0.status in (?, ?) 
        and oe1_0.retry_count<?
2026-09-16T00:40:36.354+02:00 DEBUG 13392 --- [shecancode-attendance-system] [   scheduling-1] org.hibernate.SQL                        : 
    select
        oe1_0.id,
        oe1_0.aggregate_id,
        oe1_0.created_at,
        oe1_0.event_type,
        oe1_0.payload,
        oe1_0.processed_at,
        oe1_0.retry_count,
        oe1_0.status,
        oe1_0.updated_at 
    from
        attendance_outbox oe1_0 
    where
        oe1_0.status in (?, ?) 
        and oe1_0.retry_count<?
Hibernate: 
    select
        oe1_0.id,
        oe1_0.aggregate_id,
        oe1_0.created_at,
        oe1_0.event_type,
        oe1_0.payload,
        oe1_0.processed_at,
        oe1_0.retry_count,
        oe1_0.status,
        oe1_0.updated_at 
    from
        attendance_outbox oe1_0 
    where
        oe1_0.status in (?, ?) 
        and oe1_0.retry_count<?
2026-09-16T00:40:41.374+02:00 DEBUG 13392 --- [shecancode-attendance-system] [   scheduling-1] org.hibernate.SQL                        : 
    select
        oe1_0.id,
        oe1_0.aggregate_id,
        oe1_0.created_at,
        oe1_0.event_type,
        oe1_0.payload,
        oe1_0.processed_at,
        oe1_0.retry_count,
        oe1_0.status,
        oe1_0.updated_at 
    from
        attendance_outbox oe1_0 
    where
        oe1_0.status in (?, ?) 
        and oe1_0.retry_count<?
Hibernate: 
    select
        oe1_0.id,
        oe1_0.aggregate_id,
        oe1_0.created_at,
        oe1_0.event_type,
        oe1_0.payload,
        oe1_0.processed_at,
        oe1_0.retry_count,
        oe1_0.status,
        oe1_0.updated_at 
    from
        attendance_outbox oe1_0 
    where
        oe1_0.status in (?, ?) 
        and oe1_0.retry_count<?
2026-09-16T00:40:46.385+02:00 DEBUG 13392 --- [shecancode-attendance-system] [   scheduling-1] org.hibernate.SQL                        : 
    select
        oe1_0.id,
        oe1_0.aggregate_id,
        oe1_0.created_at,
        oe1_0.event_type,
        oe1_0.payload,
        oe1_0.processed_at,
        oe1_0.retry_count,
        oe1_0.status,
        oe1_0.updated_at 
    from
        attendance_outbox oe1_0 
    where
        oe1_0.status in (?, ?) 
        and oe1_0.retry_count<?
Hibernate: 
    select
        oe1_0.id,
        oe1_0.aggregate_id,
        oe1_0.created_at,
        oe1_0.event_type,
        oe1_0.payload,
        oe1_0.processed_at,
        oe1_0.retry_count,
        oe1_0.status,
        oe1_0.updated_at 
    from
        attendance_outbox oe1_0 
    where
        oe1_0.status in (?, ?) 
        and oe1_0.retry_count<?
2026-09-16T00:40:51.401+02:00 DEBUG 13392 --- [shecancode-attendance-system] [   scheduling-1] org.hibernate.SQL                        : 
    select
        oe1_0.id,
        oe1_0.aggregate_id,
        oe1_0.created_at,
        oe1_0.event_type,
        oe1_0.payload,
        oe1_0.processed_at,
        oe1_0.retry_count,
        oe1_0.status,
        oe1_0.updated_at 
    from
        attendance_outbox oe1_0 
    where
        oe1_0.status in (?, ?) 
        and oe1_0.retry_count<?
Hibernate: 
    select
        oe1_0.id,
        oe1_0.aggregate_id,
        oe1_0.created_at,
        oe1_0.event_type,
        oe1_0.payload,
        oe1_0.processed_at,
        oe1_0.retry_count,
        oe1_0.status,
        oe1_0.updated_at 
    from
        attendance_outbox oe1_0 
    where
        oe1_0.status in (?, ?) 
        and oe1_0.retry_count<?
2026-09-16T00:40:56.419+02:00 DEBUG 13392 --- [shecancode-attendance-system] [   scheduling-1] org.hibernate.SQL                        : 
    select
        oe1_0.id,
        oe1_0.aggregate_id,
        oe1_0.created_at,
        oe1_0.event_type,
        oe1_0.payload,
        oe1_0.processed_at,
        oe1_0.retry_count,
        oe1_0.status,
        oe1_0.updated_at 
    from
        attendance_outbox oe1_0 
    where
        oe1_0.status in (?, ?) 
        and oe1_0.retry_count<?
Hibernate: 
    select
        oe1_0.id,
        oe1_0.aggregate_id,
        oe1_0.created_at,
        oe1_0.event_type,
        oe1_0.payload,
        oe1_0.processed_at,
        oe1_0.retry_count,
        oe1_0.status,
        oe1_0.updated_at 
    from
        attendance_outbox oe1_0 
    where
        oe1_0.status in (?, ?) 
        and oe1_0.retry_count<?
2026-09-16T00:41:01.438+02:00 DEBUG 13392 --- [shecancode-attendance-system] [   scheduling-1] org.hibernate.SQL                        : 
    select
        oe1_0.id,
        oe1_0.aggregate_id,
        oe1_0.created_at,
        oe1_0.event_type,
        oe1_0.payload,
        oe1_0.processed_at,
        oe1_0.retry_count,
        oe1_0.status,
        oe1_0.updated_at 
    from
        attendance_outbox oe1_0 
    where
        oe1_0.status in (?, ?) 
        and oe1_0.retry_count<?
Hibernate: 
    select
        oe1_0.id,
        oe1_0.aggregate_id,
        oe1_0.created_at,
        oe1_0.event_type,
        oe1_0.payload,
        oe1_0.processed_at,
        oe1_0.retry_count,
        oe1_0.status,
        oe1_0.updated_at 
    from
        attendance_outbox oe1_0 
    where
        oe1_0.status in (?, ?) 
        and oe1_0.retry_count<?
2026-09-16T00:41:06.460+02:00 DEBUG 13392 --- [shecancode-attendance-system] [   scheduling-1] org.hibernate.SQL                        : 
    select
        oe1_0.id,
        oe1_0.aggregate_id,
        oe1_0.created_at,
        oe1_0.event_type,
        oe1_0.payload,
        oe1_0.processed_at,
        oe1_0.retry_count,
        oe1_0.status,
        oe1_0.updated_at 
    from
        attendance_outbox oe1_0 
    where
        oe1_0.status in (?, ?) 
        and oe1_0.retry_count<?
Hibernate: 
    select
        oe1_0.id,
        oe1_0.aggregate_id,
        oe1_0.created_at,
        oe1_0.event_type,
        oe1_0.payload,
        oe1_0.processed_at,
        oe1_0.retry_count,
        oe1_0.status,
        oe1_0.updated_at 
    from
        attendance_outbox oe1_0 
    where
        oe1_0.status in (?, ?) 
        and oe1_0.retry_count<?
2026-09-16T00:41:11.475+02:00 DEBUG 13392 --- [shecancode-attendance-system] [   scheduling-1] org.hibernate.SQL                        : 
    select
        oe1_0.id,
        oe1_0.aggregate_id,
        oe1_0.created_at,
        oe1_0.event_type,
        oe1_0.payload,
        oe1_0.processed_at,
        oe1_0.retry_count,
        oe1_0.status,
        oe1_0.updated_at 
    from
        attendance_outbox oe1_0 
    where
        oe1_0.status in (?, ?) 
        and oe1_0.retry_count<?
Hibernate: 
    select
        oe1_0.id,
        oe1_0.aggregate_id,
        oe1_0.created_at,
        oe1_0.event_type,
        oe1_0.payload,
        oe1_0.processed_at,
        oe1_0.retry_count,
        oe1_0.status,
        oe1_0.updated_at 
    from
        attendance_outbox oe1_0 
    where
        oe1_0.status in (?, ?) 
        and oe1_0.retry_count<?
2026-09-16T00:41:16.492+02:00 DEBUG 13392 --- [shecancode-attendance-system] [   scheduling-1] org.hibernate.SQL                        : 
    select
        oe1_0.id,
        oe1_0.aggregate_id,
        oe1_0.created_at,
        oe1_0.event_type,
        oe1_0.payload,
        oe1_0.processed_at,
        oe1_0.retry_count,
        oe1_0.status,
        oe1_0.updated_at 
    from
        attendance_outbox oe1_0 
    where
        oe1_0.status in (?, ?) 
        and oe1_0.retry_count<?
Hibernate: 
    select
        oe1_0.id,
        oe1_0.aggregate_id,
        oe1_0.created_at,
        oe1_0.event_type,
        oe1_0.payload,
        oe1_0.processed_at,
        oe1_0.retry_count,
        oe1_0.status,
        oe1_0.updated_at 
    from
        attendance_outbox oe1_0 
    where
        oe1_0.status in (?, ?) 
        and oe1_0.retry_count<?
2026-09-16T00:41:21.507+02:00 DEBUG 13392 --- [shecancode-attendance-system] [   scheduling-1] org.hibernate.SQL                        : 
    select
        oe1_0.id,
        oe1_0.aggregate_id,
        oe1_0.created_at,
        oe1_0.event_type,
        oe1_0.payload,
        oe1_0.processed_at,
        oe1_0.retry_count,
        oe1_0.status,
        oe1_0.updated_at 
    from
        attendance_outbox oe1_0 
    where
        oe1_0.status in (?, ?) 
        and oe1_0.retry_count<?
Hibernate: 
    select
        oe1_0.id,
        oe1_0.aggregate_id,
        oe1_0.created_at,
        oe1_0.event_type,
        oe1_0.payload,
        oe1_0.processed_at,
        oe1_0.retry_count,
        oe1_0.status,
        oe1_0.updated_at 
    from
        attendance_outbox oe1_0 
    where
        oe1_0.status in (?, ?) 
        and oe1_0.retry_count<?
2026-09-16T00:41:26.531+02:00 DEBUG 13392 --- [shecancode-attendance-system] [   scheduling-1] org.hibernate.SQL                        : 
    select
        oe1_0.id,
        oe1_0.aggregate_id,
        oe1_0.created_at,
        oe1_0.event_type,
        oe1_0.payload,
        oe1_0.processed_at,
        oe1_0.retry_count,
        oe1_0.status,
        oe1_0.updated_at 
    from
        attendance_outbox oe1_0 
    where
        oe1_0.status in (?, ?) 
        and oe1_0.retry_count<?
Hibernate: 
    select
        oe1_0.id,
        oe1_0.aggregate_id,
        oe1_0.created_at,
        oe1_0.event_type,
        oe1_0.payload,
        oe1_0.processed_at,
        oe1_0.retry_count,
        oe1_0.status,
        oe1_0.updated_at 
    from
        attendance_outbox oe1_0 
    where
        oe1_0.status in (?, ?) 
        and oe1_0.retry_count<?
2026-09-16T00:41:31.541+02:00 DEBUG 13392 --- [shecancode-attendance-system] [   scheduling-1] org.hibernate.SQL                        : 
    select
        oe1_0.id,
        oe1_0.aggregate_id,
        oe1_0.created_at,
        oe1_0.event_type,
        oe1_0.payload,
        oe1_0.processed_at,
        oe1_0.retry_count,
        oe1_0.status,
        oe1_0.updated_at 
    from
        attendance_outbox oe1_0 
    where
        oe1_0.status in (?, ?) 
        and oe1_0.retry_count<?
Hibernate: 
    select
        oe1_0.id,
        oe1_0.aggregate_id,
        oe1_0.created_at,
        oe1_0.event_type,
        oe1_0.payload,
        oe1_0.processed_at,
        oe1_0.retry_count,
        oe1_0.status,
        oe1_0.updated_at 
    from
        attendance_outbox oe1_0 
    where
        oe1_0.status in (?, ?) 
        and oe1_0.retry_count<?
2026-09-16T00:41:36.558+02:00 DEBUG 13392 --- [shecancode-attendance-system] [   scheduling-1] org.hibernate.SQL                        : 
    select
        oe1_0.id,
        oe1_0.aggregate_id,
        oe1_0.created_at,
        oe1_0.event_type,
        oe1_0.payload,
        oe1_0.processed_at,
        oe1_0.retry_count,
        oe1_0.status,
        oe1_0.updated_at 
    from
        attendance_outbox oe1_0 
    where
        oe1_0.status in (?, ?) 
        and oe1_0.retry_count<?
Hibernate: 
    select
        oe1_0.id,
        oe1_0.aggregate_id,
        oe1_0.created_at,
        oe1_0.event_type,
        oe1_0.payload,
        oe1_0.processed_at,
        oe1_0.retry_count,
        oe1_0.status,
        oe1_0.updated_at 
    from
        attendance_outbox oe1_0 
    where
        oe1_0.status in (?, ?) 
        and oe1_0.retry_count<?
2026-09-16T00:41:41.584+02:00 DEBUG 13392 --- [shecancode-attendance-system] [   scheduling-1] org.hibernate.SQL                        : 
    select
        oe1_0.id,
        oe1_0.aggregate_id,
        oe1_0.created_at,
        oe1_0.event_type,
        oe1_0.payload,
        oe1_0.processed_at,
        oe1_0.retry_count,
        oe1_0.status,
        oe1_0.updated_at 
    from
        attendance_outbox oe1_0 
    where
        oe1_0.status in (?, ?) 
        and oe1_0.retry_count<?
Hibernate: 
    select
        oe1_0.id,
        oe1_0.aggregate_id,
        oe1_0.created_at,
        oe1_0.event_type,
        oe1_0.payload,
        oe1_0.processed_at,
        oe1_0.retry_count,
        oe1_0.status,
        oe1_0.updated_at 
    from
        attendance_outbox oe1_0 
    where
        oe1_0.status in (?, ?) 
        and oe1_0.retry_count<?
2026-09-16T00:41:46.596+02:00 DEBUG 13392 --- [shecancode-attendance-system] [   scheduling-1] org.hibernate.SQL                        : 
    select
        oe1_0.id,
        oe1_0.aggregate_id,
        oe1_0.created_at,
        oe1_0.event_type,
        oe1_0.payload,
        oe1_0.processed_at,
        oe1_0.retry_count,
        oe1_0.status,
        oe1_0.updated_at 
    from
        attendance_outbox oe1_0 
    where
        oe1_0.status in (?, ?) 
        and oe1_0.retry_count<?
Hibernate: 
    select
        oe1_0.id,
        oe1_0.aggregate_id,
        oe1_0.created_at,
        oe1_0.event_type,
        oe1_0.payload,
        oe1_0.processed_at,
        oe1_0.retry_count,
        oe1_0.status,
        oe1_0.updated_at 
    from
        attendance_outbox oe1_0 
    where
        oe1_0.status in (?, ?) 
        and oe1_0.retry_count<?
2026-09-16T00:41:51.620+02:00 DEBUG 13392 --- [shecancode-attendance-system] [   scheduling-1] org.hibernate.SQL                        : 
    select
        oe1_0.id,
        oe1_0.aggregate_id,
        oe1_0.created_at,
        oe1_0.event_type,
        oe1_0.payload,
        oe1_0.processed_at,
        oe1_0.retry_count,
        oe1_0.status,
        oe1_0.updated_at 
    from
        attendance_outbox oe1_0 
    where
        oe1_0.status in (?, ?) 
        and oe1_0.retry_count<?
Hibernate: 
    select
        oe1_0.id,
        oe1_0.aggregate_id,
        oe1_0.created_at,
        oe1_0.event_type,
        oe1_0.payload,
        oe1_0.processed_at,
        oe1_0.retry_count,
        oe1_0.status,
        oe1_0.updated_at 
    from
        attendance_outbox oe1_0 
    where
        oe1_0.status in (?, ?) 
        and oe1_0.retry_count<?
2026-09-16T00:41:56.630+02:00 DEBUG 13392 --- [shecancode-attendance-system] [   scheduling-1] org.hibernate.SQL                        : 
    select
        oe1_0.id,
        oe1_0.aggregate_id,
        oe1_0.created_at,
        oe1_0.event_type,
        oe1_0.payload,
        oe1_0.processed_at,
        oe1_0.retry_count,
        oe1_0.status,
        oe1_0.updated_at 
    from
        attendance_outbox oe1_0 
    where
        oe1_0.status in (?, ?) 
        and oe1_0.retry_count<?
Hibernate: 
    select
        oe1_0.id,
        oe1_0.aggregate_id,
        oe1_0.created_at,
        oe1_0.event_type,
        oe1_0.payload,
        oe1_0.processed_at,
        oe1_0.retry_count,
        oe1_0.status,
        oe1_0.updated_at 
    from
        attendance_outbox oe1_0 
    where
        oe1_0.status in (?, ?) 
        and oe1_0.retry_count<?
2026-09-16T00:42:01.644+02:00 DEBUG 13392 --- [shecancode-attendance-system] [   scheduling-1] org.hibernate.SQL                        : 
    select
        oe1_0.id,
        oe1_0.aggregate_id,
        oe1_0.created_at,
        oe1_0.event_type,
        oe1_0.payload,
        oe1_0.processed_at,
        oe1_0.retry_count,
        oe1_0.status,
        oe1_0.updated_at 
    from
        attendance_outbox oe1_0 
    where
        oe1_0.status in (?, ?) 
        and oe1_0.retry_count<?
Hibernate: 
    select
        oe1_0.id,
        oe1_0.aggregate_id,
        oe1_0.created_at,
        oe1_0.event_type,
        oe1_0.payload,
        oe1_0.processed_at,
        oe1_0.retry_count,
        oe1_0.status,
        oe1_0.updated_at 
    from
        attendance_outbox oe1_0 
    where
        oe1_0.status in (?, ?) 
        and oe1_0.retry_count<?
2026-09-16T00:42:06.666+02:00 DEBUG 13392 --- [shecancode-attendance-system] [   scheduling-1] org.hibernate.SQL                        : 
    select
        oe1_0.id,
        oe1_0.aggregate_id,
        oe1_0.created_at,
        oe1_0.event_type,
        oe1_0.payload,
        oe1_0.processed_at,
        oe1_0.retry_count,
        oe1_0.status,
        oe1_0.updated_at 
    from
        attendance_outbox oe1_0 
    where
        oe1_0.status in (?, ?) 
        and oe1_0.retry_count<?
Hibernate: 
    select
        oe1_0.id,
        oe1_0.aggregate_id,
        oe1_0.created_at,
        oe1_0.event_type,
        oe1_0.payload,
        oe1_0.processed_at,
        oe1_0.retry_count,
        oe1_0.status,
        oe1_0.updated_at 
    from
        attendance_outbox oe1_0 
    where
        oe1_0.status in (?, ?) 
        and oe1_0.retry_count<?
2026-09-16T00:42:11.680+02:00 DEBUG 13392 --- [shecancode-attendance-system] [   scheduling-1] org.hibernate.SQL                        : 
    select
        oe1_0.id,
        oe1_0.aggregate_id,
        oe1_0.created_at,
        oe1_0.event_type,
        oe1_0.payload,
        oe1_0.processed_at,
        oe1_0.retry_count,
        oe1_0.status,
        oe1_0.updated_at 
    from
        attendance_outbox oe1_0 
    where
        oe1_0.status in (?, ?) 
        and oe1_0.retry_count<?
Hibernate: 
    select
        oe1_0.id,
        oe1_0.aggregate_id,
        oe1_0.created_at,
        oe1_0.event_type,
        oe1_0.payload,
        oe1_0.processed_at,
        oe1_0.retry_count,
        oe1_0.status,
        oe1_0.updated_at 
    from
        attendance_outbox oe1_0 
    where
        oe1_0.status in (?, ?) 
        and oe1_0.retry_count<?
2026-09-16T00:42:16.694+02:00 DEBUG 13392 --- [shecancode-attendance-system] [   scheduling-1] org.hibernate.SQL                        : 
    select
        oe1_0.id,
        oe1_0.aggregate_id,
        oe1_0.created_at,
        oe1_0.event_type,
        oe1_0.payload,
        oe1_0.processed_at,
        oe1_0.retry_count,
        oe1_0.status,
        oe1_0.updated_at 
    from
        attendance_outbox oe1_0 
    where
        oe1_0.status in (?, ?) 
        and oe1_0.retry_count<?
Hibernate: 
    select
        oe1_0.id,
        oe1_0.aggregate_id,
        oe1_0.created_at,
        oe1_0.event_type,
        oe1_0.payload,
        oe1_0.processed_at,
        oe1_0.retry_count,
        oe1_0.status,
        oe1_0.updated_at 
    from
        attendance_outbox oe1_0 
    where
        oe1_0.status in (?, ?) 
        and oe1_0.retry_count<?
2026-09-16T00:42:21.710+02:00 DEBUG 13392 --- [shecancode-attendance-system] [   scheduling-1] org.hibernate.SQL                        : 
    select
        oe1_0.id,
        oe1_0.aggregate_id,
        oe1_0.created_at,
        oe1_0.event_type,
        oe1_0.payload,
        oe1_0.processed_at,
        oe1_0.retry_count,
        oe1_0.status,
        oe1_0.updated_at 
    from
        attendance_outbox oe1_0 
    where
        oe1_0.status in (?, ?) 
        and oe1_0.retry_count<?
Hibernate: 
    select
        oe1_0.id,
        oe1_0.aggregate_id,
        oe1_0.created_at,
        oe1_0.event_type,
        oe1_0.payload,
        oe1_0.processed_at,
        oe1_0.retry_count,
        oe1_0.status,
        oe1_0.updated_at 
    from
        attendance_outbox oe1_0 
    where
        oe1_0.status in (?, ?) 
        and oe1_0.retry_count<?
2026-09-16T00:42:26.728+02:00 DEBUG 13392 --- [shecancode-attendance-system] [   scheduling-1] org.hibernate.SQL                        : 
    select
        oe1_0.id,
        oe1_0.aggregate_id,
        oe1_0.created_at,
        oe1_0.event_type,
        oe1_0.payload,
        oe1_0.processed_at,
        oe1_0.retry_count,
        oe1_0.status,
        oe1_0.updated_at 
    from
        attendance_outbox oe1_0 
    where
        oe1_0.status in (?, ?) 
        and oe1_0.retry_count<?
Hibernate: 
    select
        oe1_0.id,
        oe1_0.aggregate_id,
        oe1_0.created_at,
        oe1_0.event_type,
        oe1_0.payload,
        oe1_0.processed_at,
        oe1_0.retry_count,
        oe1_0.status,
        oe1_0.updated_at 
    from
        attendance_outbox oe1_0 
    where
        oe1_0.status in (?, ?) 
        and oe1_0.retry_count<?
2026-09-16T00:42:31.753+02:00 DEBUG 13392 --- [shecancode-attendance-system] [   scheduling-1] org.hibernate.SQL                        : 
    select
        oe1_0.id,
        oe1_0.aggregate_id,
        oe1_0.created_at,
        oe1_0.event_type,
        oe1_0.payload,
        oe1_0.processed_at,
        oe1_0.retry_count,
        oe1_0.status,
        oe1_0.updated_at 
    from
        attendance_outbox oe1_0 
    where
        oe1_0.status in (?, ?) 
        and oe1_0.retry_count<?
Hibernate: 
    select
        oe1_0.id,
        oe1_0.aggregate_id,
        oe1_0.created_at,
        oe1_0.event_type,
        oe1_0.payload,
        oe1_0.processed_at,
        oe1_0.retry_count,
        oe1_0.status,
        oe1_0.updated_at 
    from
        attendance_outbox oe1_0 
    where
        oe1_0.status in (?, ?) 
        and oe1_0.retry_count<?
2026-09-16T00:42:36.765+02:00 DEBUG 13392 --- [shecancode-attendance-system] [   scheduling-1] org.hibernate.SQL                        : 
    select
        oe1_0.id,
        oe1_0.aggregate_id,
        oe1_0.created_at,
        oe1_0.event_type,
        oe1_0.payload,
        oe1_0.processed_at,
        oe1_0.retry_count,
        oe1_0.status,
        oe1_0.updated_at 
    from
        attendance_outbox oe1_0 
    where
        oe1_0.status in (?, ?) 
        and oe1_0.retry_count<?
Hibernate: 
    select
        oe1_0.id,
        oe1_0.aggregate_id,
        oe1_0.created_at,
        oe1_0.event_type,
        oe1_0.payload,
        oe1_0.processed_at,
        oe1_0.retry_count,
        oe1_0.status,
        oe1_0.updated_at 
    from
        attendance_outbox oe1_0 
    where
        oe1_0.status in (?, ?) 
        and oe1_0.retry_count<?
2026-09-16T00:42:41.782+02:00 DEBUG 13392 --- [shecancode-attendance-system] [   scheduling-1] org.hibernate.SQL                        : 
    select
        oe1_0.id,
        oe1_0.aggregate_id,
        oe1_0.created_at,
        oe1_0.event_type,
        oe1_0.payload,
        oe1_0.processed_at,
        oe1_0.retry_count,
        oe1_0.status,
        oe1_0.updated_at 
    from
        attendance_outbox oe1_0 
    where
        oe1_0.status in (?, ?) 
        and oe1_0.retry_count<?
Hibernate: 
    select
        oe1_0.id,
        oe1_0.aggregate_id,
        oe1_0.created_at,
        oe1_0.event_type,
        oe1_0.payload,
        oe1_0.processed_at,
        oe1_0.retry_count,
        oe1_0.status,
        oe1_0.updated_at 
    from
        attendance_outbox oe1_0 
    where
        oe1_0.status in (?, ?) 
        and oe1_0.retry_count<?
2026-09-16T00:42:46.805+02:00 DEBUG 13392 --- [shecancode-attendance-system] [   scheduling-1] org.hibernate.SQL                        : 
    select
        oe1_0.id,
        oe1_0.aggregate_id,
        oe1_0.created_at,
        oe1_0.event_type,
        oe1_0.payload,
        oe1_0.processed_at,
        oe1_0.retry_count,
        oe1_0.status,
        oe1_0.updated_at 
    from
        attendance_outbox oe1_0 
    where
        oe1_0.status in (?, ?) 
        and oe1_0.retry_count<?
Hibernate: 
    select
        oe1_0.id,
        oe1_0.aggregate_id,
        oe1_0.created_at,
        oe1_0.event_type,
        oe1_0.payload,
        oe1_0.processed_at,
        oe1_0.retry_count,
        oe1_0.status,
        oe1_0.updated_at 
    from
        attendance_outbox oe1_0 
    where
        oe1_0.status in (?, ?) 
        and oe1_0.retry_count<?
2026-09-16T00:42:51.831+02:00 DEBUG 13392 --- [shecancode-attendance-system] [   scheduling-1] org.hibernate.SQL                        : 
    select
        oe1_0.id,
        oe1_0.aggregate_id,
        oe1_0.created_at,
        oe1_0.event_type,
        oe1_0.payload,
        oe1_0.processed_at,
        oe1_0.retry_count,
        oe1_0.status,
        oe1_0.updated_at 
    from
        attendance_outbox oe1_0 
    where
        oe1_0.status in (?, ?) 
        and oe1_0.retry_count<?
Hibernate: 
    select
        oe1_0.id,
        oe1_0.aggregate_id,
        oe1_0.created_at,
        oe1_0.event_type,
        oe1_0.payload,
        oe1_0.processed_at,
        oe1_0.retry_count,
        oe1_0.status,
        oe1_0.updated_at 
    from
        attendance_outbox oe1_0 
    where
        oe1_0.status in (?, ?) 
        and oe1_0.retry_count<?
2026-09-16T00:42:56.846+02:00 DEBUG 13392 --- [shecancode-attendance-system] [   scheduling-1] org.hibernate.SQL                        : 
    select
        oe1_0.id,
        oe1_0.aggregate_id,
        oe1_0.created_at,
        oe1_0.event_type,
        oe1_0.payload,
        oe1_0.processed_at,
        oe1_0.retry_count,
        oe1_0.status,
        oe1_0.updated_at 
    from
        attendance_outbox oe1_0 
    where
        oe1_0.status in (?, ?) 
        and oe1_0.retry_count<?
Hibernate: 
    select
        oe1_0.id,
        oe1_0.aggregate_id,
        oe1_0.created_at,
        oe1_0.event_type,
        oe1_0.payload,
        oe1_0.processed_at,
        oe1_0.retry_count,
        oe1_0.status,
        oe1_0.updated_at 
    from
        attendance_outbox oe1_0 
    where
        oe1_0.status in (?, ?) 
        and oe1_0.retry_count<?
2026-09-16T00:43:01.862+02:00 DEBUG 13392 --- [shecancode-attendance-system] [   scheduling-1] org.hibernate.SQL                        : 
    select
        oe1_0.id,
        oe1_0.aggregate_id,
        oe1_0.created_at,
        oe1_0.event_type,
        oe1_0.payload,
        oe1_0.processed_at,
        oe1_0.retry_count,
        oe1_0.status,
        oe1_0.updated_at 
    from
        attendance_outbox oe1_0 
    where
        oe1_0.status in (?, ?) 
        and oe1_0.retry_count<?
Hibernate: 
    select
        oe1_0.id,
        oe1_0.aggregate_id,
        oe1_0.created_at,
        oe1_0.event_type,
        oe1_0.payload,
        oe1_0.processed_at,
        oe1_0.retry_count,
        oe1_0.status,
        oe1_0.updated_at 
    from
        attendance_outbox oe1_0 
    where
        oe1_0.status in (?, ?) 
        and oe1_0.retry_count<?
2026-09-16T00:43:06.889+02:00 DEBUG 13392 --- [shecancode-attendance-system] [   scheduling-1] org.hibernate.SQL                        : 
    select
        oe1_0.id,
        oe1_0.aggregate_id,
        oe1_0.created_at,
        oe1_0.event_type,
        oe1_0.payload,
        oe1_0.processed_at,
        oe1_0.retry_count,
        oe1_0.status,
        oe1_0.updated_at 
    from
        attendance_outbox oe1_0 
    where
        oe1_0.status in (?, ?) 
        and oe1_0.retry_count<?
Hibernate: 
    select
        oe1_0.id,
        oe1_0.aggregate_id,
        oe1_0.created_at,
        oe1_0.event_type,
        oe1_0.payload,
        oe1_0.processed_at,
        oe1_0.retry_count,
        oe1_0.status,
        oe1_0.updated_at 
    from
        attendance_outbox oe1_0 
    where
        oe1_0.status in (?, ?) 
        and oe1_0.retry_count<?
2026-09-16T00:43:11.902+02:00 DEBUG 13392 --- [shecancode-attendance-system] [   scheduling-1] org.hibernate.SQL                        : 
    select
        oe1_0.id,
        oe1_0.aggregate_id,
        oe1_0.created_at,
        oe1_0.event_type,
        oe1_0.payload,
        oe1_0.processed_at,
        oe1_0.retry_count,
        oe1_0.status,
        oe1_0.updated_at 
    from
        attendance_outbox oe1_0 
    where
        oe1_0.status in (?, ?) 
        and oe1_0.retry_count<?
Hibernate: 
    select
        oe1_0.id,
        oe1_0.aggregate_id,
        oe1_0.created_at,
        oe1_0.event_type,
        oe1_0.payload,
        oe1_0.processed_at,
        oe1_0.retry_count,
        oe1_0.status,
        oe1_0.updated_at 
    from
        attendance_outbox oe1_0 
    where
        oe1_0.status in (?, ?) 
        and oe1_0.retry_count<?
2026-09-16T00:43:16.916+02:00 DEBUG 13392 --- [shecancode-attendance-system] [   scheduling-1] org.hibernate.SQL                        : 
    select
        oe1_0.id,
        oe1_0.aggregate_id,
        oe1_0.created_at,
        oe1_0.event_type,
        oe1_0.payload,
        oe1_0.processed_at,
        oe1_0.retry_count,
        oe1_0.status,
        oe1_0.updated_at 
    from
        attendance_outbox oe1_0 
    where
        oe1_0.status in (?, ?) 
        and oe1_0.retry_count<?
Hibernate: 
    select
        oe1_0.id,
        oe1_0.aggregate_id,
        oe1_0.created_at,
        oe1_0.event_type,
        oe1_0.payload,
        oe1_0.processed_at,
        oe1_0.retry_count,
        oe1_0.status,
        oe1_0.updated_at 
    from
        attendance_outbox oe1_0 
    where
        oe1_0.status in (?, ?) 
        and oe1_0.retry_count<?
2026-09-16T00:43:21.932+02:00 DEBUG 13392 --- [shecancode-attendance-system] [   scheduling-1] org.hibernate.SQL                        : 
    select
        oe1_0.id,
        oe1_0.aggregate_id,
        oe1_0.created_at,
        oe1_0.event_type,
        oe1_0.payload,
        oe1_0.processed_at,
        oe1_0.retry_count,
        oe1_0.status,
        oe1_0.updated_at 
    from
        attendance_outbox oe1_0 
    where
        oe1_0.status in (?, ?) 
        and oe1_0.retry_count<?
Hibernate: 
    select
        oe1_0.id,
        oe1_0.aggregate_id,
        oe1_0.created_at,
        oe1_0.event_type,
        oe1_0.payload,
        oe1_0.processed_at,
        oe1_0.retry_count,
        oe1_0.status,
        oe1_0.updated_at 
    from
        attendance_outbox oe1_0 
    where
        oe1_0.status in (?, ?) 
        and oe1_0.retry_count<?
2026-09-16T00:43:26.963+02:00 DEBUG 13392 --- [shecancode-attendance-system] [   scheduling-1] org.hibernate.SQL                        : 
    select
        oe1_0.id,
        oe1_0.aggregate_id,
        oe1_0.created_at,
        oe1_0.event_type,
        oe1_0.payload,
        oe1_0.processed_at,
        oe1_0.retry_count,
        oe1_0.status,
        oe1_0.updated_at 
    from
        attendance_outbox oe1_0 
    where
        oe1_0.status in (?, ?) 
        and oe1_0.retry_count<?
Hibernate: 
    select
        oe1_0.id,
        oe1_0.aggregate_id,
        oe1_0.created_at,
        oe1_0.event_type,
        oe1_0.payload,
        oe1_0.processed_at,
        oe1_0.retry_count,
        oe1_0.status,
        oe1_0.updated_at 
    from
        attendance_outbox oe1_0 
    where
        oe1_0.status in (?, ?) 
        and oe1_0.retry_count<?
2026-09-16T00:43:31.985+02:00 DEBUG 13392 --- [shecancode-attendance-system] [   scheduling-1] org.hibernate.SQL                        : 
    select
        oe1_0.id,
        oe1_0.aggregate_id,
        oe1_0.created_at,
        oe1_0.event_type,
        oe1_0.payload,
        oe1_0.processed_at,
        oe1_0.retry_count,
        oe1_0.status,
        oe1_0.updated_at 
    from
        attendance_outbox oe1_0 
    where
        oe1_0.status in (?, ?) 
        and oe1_0.retry_count<?
Hibernate: 
    select
        oe1_0.id,
        oe1_0.aggregate_id,
        oe1_0.created_at,
        oe1_0.event_type,
        oe1_0.payload,
        oe1_0.processed_at,
        oe1_0.retry_count,
        oe1_0.status,
        oe1_0.updated_at 
    from
        attendance_outbox oe1_0 
    where
        oe1_0.status in (?, ?) 
        and oe1_0.retry_count<?
2026-09-16T00:43:37.003+02:00 DEBUG 13392 --- [shecancode-attendance-system] [   scheduling-1] org.hibernate.SQL                        : 
    select
        oe1_0.id,
        oe1_0.aggregate_id,
        oe1_0.created_at,
        oe1_0.event_type,
        oe1_0.payload,
        oe1_0.processed_at,
        oe1_0.retry_count,
        oe1_0.status,
        oe1_0.updated_at 
    from
        attendance_outbox oe1_0 
    where
        oe1_0.status in (?, ?) 
        and oe1_0.retry_count<?
Hibernate: 
    select
        oe1_0.id,
        oe1_0.aggregate_id,
        oe1_0.created_at,
        oe1_0.event_type,
        oe1_0.payload,
        oe1_0.processed_at,
        oe1_0.retry_count,
        oe1_0.status,
        oe1_0.updated_at 
    from
        attendance_outbox oe1_0 
    where
        oe1_0.status in (?, ?) 
        and oe1_0.retry_count<?
2026-09-16T00:43:42.026+02:00 DEBUG 13392 --- [shecancode-attendance-system] [   scheduling-1] org.hibernate.SQL                        : 
    select
        oe1_0.id,
        oe1_0.aggregate_id,
        oe1_0.created_at,
        oe1_0.event_type,
        oe1_0.payload,
        oe1_0.processed_at,
        oe1_0.retry_count,
        oe1_0.status,
        oe1_0.updated_at 
    from
        attendance_outbox oe1_0 
    where
        oe1_0.status in (?, ?) 
        and oe1_0.retry_count<?
Hibernate: 
    select
        oe1_0.id,
        oe1_0.aggregate_id,
        oe1_0.created_at,
        oe1_0.event_type,
        oe1_0.payload,
        oe1_0.processed_at,
        oe1_0.retry_count,
        oe1_0.status,
        oe1_0.updated_at 
    from
        attendance_outbox oe1_0 
    where
        oe1_0.status in (?, ?) 
        and oe1_0.retry_count<?
2026-09-16T00:43:47.054+02:00 DEBUG 13392 --- [shecancode-attendance-system] [   scheduling-1] org.hibernate.SQL                        : 
    select
        oe1_0.id,
        oe1_0.aggregate_id,
        oe1_0.created_at,
        oe1_0.event_type,
        oe1_0.payload,
        oe1_0.processed_at,
        oe1_0.retry_count,
        oe1_0.status,
        oe1_0.updated_at 
    from
        attendance_outbox oe1_0 
    where
        oe1_0.status in (?, ?) 
        and oe1_0.retry_count<?
Hibernate: 
    select
        oe1_0.id,
        oe1_0.aggregate_id,
        oe1_0.created_at,
        oe1_0.event_type,
        oe1_0.payload,
        oe1_0.processed_at,
        oe1_0.retry_count,
        oe1_0.status,
        oe1_0.updated_at 
    from
        attendance_outbox oe1_0 
    where
        oe1_0.status in (?, ?) 
        and oe1_0.retry_count<?
2026-09-16T00:43:52.084+02:00 DEBUG 13392 --- [shecancode-attendance-system] [   scheduling-1] org.hibernate.SQL                        : 
    select
        oe1_0.id,
        oe1_0.aggregate_id,
        oe1_0.created_at,
        oe1_0.event_type,
        oe1_0.payload,
        oe1_0.processed_at,
        oe1_0.retry_count,
        oe1_0.status,
        oe1_0.updated_at 
    from
        attendance_outbox oe1_0 
    where
        oe1_0.status in (?, ?) 
        and oe1_0.retry_count<?
Hibernate: 
    select
        oe1_0.id,
        oe1_0.aggregate_id,
        oe1_0.created_at,
        oe1_0.event_type,
        oe1_0.payload,
        oe1_0.processed_at,
        oe1_0.retry_count,
        oe1_0.status,
        oe1_0.updated_at 
    from
        attendance_outbox oe1_0 
    where
        oe1_0.status in (?, ?) 
        and oe1_0.retry_count<?
2026-09-16T00:43:57.097+02:00 DEBUG 13392 --- [shecancode-attendance-system] [   scheduling-1] org.hibernate.SQL                        : 
    select
        oe1_0.id,
        oe1_0.aggregate_id,
        oe1_0.created_at,
        oe1_0.event_type,
        oe1_0.payload,
        oe1_0.processed_at,
        oe1_0.retry_count,
        oe1_0.status,
        oe1_0.updated_at 
    from
        attendance_outbox oe1_0 
    where
        oe1_0.status in (?, ?) 
        and oe1_0.retry_count<?
Hibernate: 
    select
        oe1_0.id,
        oe1_0.aggregate_id,
        oe1_0.created_at,
        oe1_0.event_type,
        oe1_0.payload,
        oe1_0.processed_at,
        oe1_0.retry_count,
        oe1_0.status,
        oe1_0.updated_at 
    from
        attendance_outbox oe1_0 
    where
        oe1_0.status in (?, ?) 
        and oe1_0.retry_count<?
2026-09-16T00:44:02.114+02:00 DEBUG 13392 --- [shecancode-attendance-system] [   scheduling-1] org.hibernate.SQL                        : 
    select
        oe1_0.id,
        oe1_0.aggregate_id,
        oe1_0.created_at,
        oe1_0.event_type,
        oe1_0.payload,
        oe1_0.processed_at,
        oe1_0.retry_count,
        oe1_0.status,
        oe1_0.updated_at 
    from
        attendance_outbox oe1_0 
    where
        oe1_0.status in (?, ?) 
        and oe1_0.retry_count<?
Hibernate: 
    select
        oe1_0.id,
        oe1_0.aggregate_id,
        oe1_0.created_at,
        oe1_0.event_type,
        oe1_0.payload,
        oe1_0.processed_at,
        oe1_0.retry_count,
        oe1_0.status,
        oe1_0.updated_at 
    from
        attendance_outbox oe1_0 
    where
        oe1_0.status in (?, ?) 
        and oe1_0.retry_count<?
2026-09-16T00:44:07.132+02:00 DEBUG 13392 --- [shecancode-attendance-system] [   scheduling-1] org.hibernate.SQL                        : 
    select
        oe1_0.id,
        oe1_0.aggregate_id,
        oe1_0.created_at,
        oe1_0.event_type,
        oe1_0.payload,
        oe1_0.processed_at,
        oe1_0.retry_count,
        oe1_0.status,
        oe1_0.updated_at 
    from
        attendance_outbox oe1_0 
    where
        oe1_0.status in (?, ?) 
        and oe1_0.retry_count<?
Hibernate: 
    select
        oe1_0.id,
        oe1_0.aggregate_id,
        oe1_0.created_at,
        oe1_0.event_type,
        oe1_0.payload,
        oe1_0.processed_at,
        oe1_0.retry_count,
        oe1_0.status,
        oe1_0.updated_at 
    from
        attendance_outbox oe1_0 
    where
        oe1_0.status in (?, ?) 
        and oe1_0.retry_count<?
2026-09-16T00:44:12.150+02:00 DEBUG 13392 --- [shecancode-attendance-system] [   scheduling-1] org.hibernate.SQL                        : 
    select
        oe1_0.id,
        oe1_0.aggregate_id,
        oe1_0.created_at,
        oe1_0.event_type,
        oe1_0.payload,
        oe1_0.processed_at,
        oe1_0.retry_count,
        oe1_0.status,
        oe1_0.updated_at 
    from
        attendance_outbox oe1_0 
    where
        oe1_0.status in (?, ?) 
        and oe1_0.retry_count<?
Hibernate: 
    select
        oe1_0.id,
        oe1_0.aggregate_id,
        oe1_0.created_at,
        oe1_0.event_type,
        oe1_0.payload,
        oe1_0.processed_at,
        oe1_0.retry_count,
        oe1_0.status,
        oe1_0.updated_at 
    from
        attendance_outbox oe1_0 
    where
        oe1_0.status in (?, ?) 
        and oe1_0.retry_count<?
2026-09-16T00:44:17.175+02:00 DEBUG 13392 --- [shecancode-attendance-system] [   scheduling-1] org.hibernate.SQL                        : 
    select
        oe1_0.id,
        oe1_0.aggregate_id,
        oe1_0.created_at,
        oe1_0.event_type,
        oe1_0.payload,
        oe1_0.processed_at,
        oe1_0.retry_count,
        oe1_0.status,
        oe1_0.updated_at 
    from
        attendance_outbox oe1_0 
    where
        oe1_0.status in (?, ?) 
        and oe1_0.retry_count<?
Hibernate: 
    select
        oe1_0.id,
        oe1_0.aggregate_id,
        oe1_0.created_at,
        oe1_0.event_type,
        oe1_0.payload,
        oe1_0.processed_at,
        oe1_0.retry_count,
        oe1_0.status,
        oe1_0.updated_at 
    from
        attendance_outbox oe1_0 
    where
        oe1_0.status in (?, ?) 
        and oe1_0.retry_count<?
2026-09-16T00:44:22.193+02:00 DEBUG 13392 --- [shecancode-attendance-system] [   scheduling-1] org.hibernate.SQL                        : 
    select
        oe1_0.id,
        oe1_0.aggregate_id,
        oe1_0.created_at,
        oe1_0.event_type,
        oe1_0.payload,
        oe1_0.processed_at,
        oe1_0.retry_count,
        oe1_0.status,
        oe1_0.updated_at 
    from
        attendance_outbox oe1_0 
    where
        oe1_0.status in (?, ?) 
        and oe1_0.retry_count<?
Hibernate: 
    select
        oe1_0.id,
        oe1_0.aggregate_id,
        oe1_0.created_at,
        oe1_0.event_type,
        oe1_0.payload,
        oe1_0.processed_at,
        oe1_0.retry_count,
        oe1_0.status,
        oe1_0.updated_at 
    from
        attendance_outbox oe1_0 
    where
        oe1_0.status in (?, ?) 
        and oe1_0.retry_count<?
2026-09-16T00:44:27.215+02:00 DEBUG 13392 --- [shecancode-attendance-system] [   scheduling-1] org.hibernate.SQL                        : 
    select
        oe1_0.id,
        oe1_0.aggregate_id,
        oe1_0.created_at,
        oe1_0.event_type,
        oe1_0.payload,
        oe1_0.processed_at,
        oe1_0.retry_count,
        oe1_0.status,
        oe1_0.updated_at 
    from
        attendance_outbox oe1_0 
    where
        oe1_0.status in (?, ?) 
        and oe1_0.retry_count<?
Hibernate: 
    select
        oe1_0.id,
        oe1_0.aggregate_id,
        oe1_0.created_at,
        oe1_0.event_type,
        oe1_0.payload,
        oe1_0.processed_at,
        oe1_0.retry_count,
        oe1_0.status,
        oe1_0.updated_at 
    from
        attendance_outbox oe1_0 
    where
        oe1_0.status in (?, ?) 
        and oe1_0.retry_count<?
2026-09-16T00:44:32.241+02:00 DEBUG 13392 --- [shecancode-attendance-system] [   scheduling-1] org.hibernate.SQL                        : 
    select
        oe1_0.id,
        oe1_0.aggregate_id,
        oe1_0.created_at,
        oe1_0.event_type,
        oe1_0.payload,
        oe1_0.processed_at,
        oe1_0.retry_count,
        oe1_0.status,
        oe1_0.updated_at 
    from
        attendance_outbox oe1_0 
    where
        oe1_0.status in (?, ?) 
        and oe1_0.retry_count<?
Hibernate: 
    select
        oe1_0.id,
        oe1_0.aggregate_id,
        oe1_0.created_at,
        oe1_0.event_type,
        oe1_0.payload,
        oe1_0.processed_at,
        oe1_0.retry_count,
        oe1_0.status,
        oe1_0.updated_at 
    from
        attendance_outbox oe1_0 
    where
        oe1_0.status in (?, ?) 
        and oe1_0.retry_count<?
2026-09-16T00:44:37.258+02:00 DEBUG 13392 --- [shecancode-attendance-system] [   scheduling-1] org.hibernate.SQL                        : 
    select
        oe1_0.id,
        oe1_0.aggregate_id,
        oe1_0.created_at,
        oe1_0.event_type,
        oe1_0.payload,
        oe1_0.processed_at,
        oe1_0.retry_count,
        oe1_0.status,
        oe1_0.updated_at 
    from
        attendance_outbox oe1_0 
    where
        oe1_0.status in (?, ?) 
        and oe1_0.retry_count<?
Hibernate: 
    select
        oe1_0.id,
        oe1_0.aggregate_id,
        oe1_0.created_at,
        oe1_0.event_type,
        oe1_0.payload,
        oe1_0.processed_at,
        oe1_0.retry_count,
        oe1_0.status,
        oe1_0.updated_at 
    from
        attendance_outbox oe1_0 
    where
        oe1_0.status in (?, ?) 
        and oe1_0.retry_count<?
2026-09-16T00:44:42.300+02:00 DEBUG 13392 --- [shecancode-attendance-system] [   scheduling-1] org.hibernate.SQL                        : 
    select
        oe1_0.id,
        oe1_0.aggregate_id,
        oe1_0.created_at,
        oe1_0.event_type,
        oe1_0.payload,
        oe1_0.processed_at,
        oe1_0.retry_count,
        oe1_0.status,
        oe1_0.updated_at 
    from
        attendance_outbox oe1_0 
    where
        oe1_0.status in (?, ?) 
        and oe1_0.retry_count<?
Hibernate: 
    select
        oe1_0.id,
        oe1_0.aggregate_id,
        oe1_0.created_at,
        oe1_0.event_type,
        oe1_0.payload,
        oe1_0.processed_at,
        oe1_0.retry_count,
        oe1_0.status,
        oe1_0.updated_at 
    from
        attendance_outbox oe1_0 
    where
        oe1_0.status in (?, ?) 
        and oe1_0.retry_count<?
2026-09-16T00:44:47.330+02:00 DEBUG 13392 --- [shecancode-attendance-system] [   scheduling-1] org.hibernate.SQL                        : 
    select
        oe1_0.id,
        oe1_0.aggregate_id,
        oe1_0.created_at,
        oe1_0.event_type,
        oe1_0.payload,
        oe1_0.processed_at,
        oe1_0.retry_count,
        oe1_0.status,
        oe1_0.updated_at 
    from
        attendance_outbox oe1_0 
    where
        oe1_0.status in (?, ?) 
        and oe1_0.retry_count<?
Hibernate: 
    select
        oe1_0.id,
        oe1_0.aggregate_id,
        oe1_0.created_at,
        oe1_0.event_type,
        oe1_0.payload,
        oe1_0.processed_at,
        oe1_0.retry_count,
        oe1_0.status,
        oe1_0.updated_at 
    from
        attendance_outbox oe1_0 
    where
        oe1_0.status in (?, ?) 
        and oe1_0.retry_count<?
2026-09-16T00:44:52.345+02:00 DEBUG 13392 --- [shecancode-attendance-system] [   scheduling-1] org.hibernate.SQL                        : 
    select
        oe1_0.id,
        oe1_0.aggregate_id,
        oe1_0.created_at,
        oe1_0.event_type,
        oe1_0.payload,
        oe1_0.processed_at,
        oe1_0.retry_count,
        oe1_0.status,
        oe1_0.updated_at 
    from
        attendance_outbox oe1_0 
    where
        oe1_0.status in (?, ?) 
        and oe1_0.retry_count<?
Hibernate: 
    select
        oe1_0.id,
        oe1_0.aggregate_id,
        oe1_0.created_at,
        oe1_0.event_type,
        oe1_0.payload,
        oe1_0.processed_at,
        oe1_0.retry_count,
        oe1_0.status,
        oe1_0.updated_at 
    from
        attendance_outbox oe1_0 
    where
        oe1_0.status in (?, ?) 
        and oe1_0.retry_count<?
2026-09-16T00:44:57.362+02:00 DEBUG 13392 --- [shecancode-attendance-system] [   scheduling-1] org.hibernate.SQL                        : 
    select
        oe1_0.id,
        oe1_0.aggregate_id,
        oe1_0.created_at,
        oe1_0.event_type,
        oe1_0.payload,
        oe1_0.processed_at,
        oe1_0.retry_count,
        oe1_0.status,
        oe1_0.updated_at 
    from
        attendance_outbox oe1_0 
    where
        oe1_0.status in (?, ?) 
        and oe1_0.retry_count<?
Hibernate: 
    select
        oe1_0.id,
        oe1_0.aggregate_id,
        oe1_0.created_at,
        oe1_0.event_type,
        oe1_0.payload,
        oe1_0.processed_at,
        oe1_0.retry_count,
        oe1_0.status,
        oe1_0.updated_at 
    from
        attendance_outbox oe1_0 
    where
        oe1_0.status in (?, ?) 
        and oe1_0.retry_count<?
2026-09-16T00:45:02.382+02:00 DEBUG 13392 --- [shecancode-attendance-system] [   scheduling-1] org.hibernate.SQL                        : 
    select
        oe1_0.id,
        oe1_0.aggregate_id,
        oe1_0.created_at,
        oe1_0.event_type,
        oe1_0.payload,
        oe1_0.processed_at,
        oe1_0.retry_count,
        oe1_0.status,
        oe1_0.updated_at 
    from
        attendance_outbox oe1_0 
    where
        oe1_0.status in (?, ?) 
        and oe1_0.retry_count<?
Hibernate: 
    select
        oe1_0.id,
        oe1_0.aggregate_id,
        oe1_0.created_at,
        oe1_0.event_type,
        oe1_0.payload,
        oe1_0.processed_at,
        oe1_0.retry_count,
        oe1_0.status,
        oe1_0.updated_at 
    from
        attendance_outbox oe1_0 
    where
        oe1_0.status in (?, ?) 
        and oe1_0.retry_count<?
2026-09-16T00:45:07.408+02:00 DEBUG 13392 --- [shecancode-attendance-system] [   scheduling-1] org.hibernate.SQL                        : 
    select
        oe1_0.id,
        oe1_0.aggregate_id,
        oe1_0.created_at,
        oe1_0.event_type,
        oe1_0.payload,
        oe1_0.processed_at,
        oe1_0.retry_count,
        oe1_0.status,
        oe1_0.updated_at 
    from
        attendance_outbox oe1_0 
    where
        oe1_0.status in (?, ?) 
        and oe1_0.retry_count<?
Hibernate: 
    select
        oe1_0.id,
        oe1_0.aggregate_id,
        oe1_0.created_at,
        oe1_0.event_type,
        oe1_0.payload,
        oe1_0.processed_at,
        oe1_0.retry_count,
        oe1_0.status,
        oe1_0.updated_at 
    from
        attendance_outbox oe1_0 
    where
        oe1_0.status in (?, ?) 
        and oe1_0.retry_count<?
2026-09-16T00:45:12.433+02:00 DEBUG 13392 --- [shecancode-attendance-system] [   scheduling-1] org.hibernate.SQL                        : 
    select
        oe1_0.id,
        oe1_0.aggregate_id,
        oe1_0.created_at,
        oe1_0.event_type,
        oe1_0.payload,
        oe1_0.processed_at,
        oe1_0.retry_count,
        oe1_0.status,
        oe1_0.updated_at 
    from
        attendance_outbox oe1_0 
    where
        oe1_0.status in (?, ?) 
        and oe1_0.retry_count<?
Hibernate: 
    select
        oe1_0.id,
        oe1_0.aggregate_id,
        oe1_0.created_at,
        oe1_0.event_type,
        oe1_0.payload,
        oe1_0.processed_at,
        oe1_0.retry_count,
        oe1_0.status,
        oe1_0.updated_at 
    from
        attendance_outbox oe1_0 
    where
        oe1_0.status in (?, ?) 
        and oe1_0.retry_count<?
2026-09-16T00:45:17.453+02:00 DEBUG 13392 --- [shecancode-attendance-system] [   scheduling-1] org.hibernate.SQL                        : 
    select
        oe1_0.id,
        oe1_0.aggregate_id,
        oe1_0.created_at,
        oe1_0.event_type,
        oe1_0.payload,
        oe1_0.processed_at,
        oe1_0.retry_count,
        oe1_0.status,
        oe1_0.updated_at 
    from
        attendance_outbox oe1_0 
    where
        oe1_0.status in (?, ?) 
        and oe1_0.retry_count<?
Hibernate: 
    select
        oe1_0.id,
        oe1_0.aggregate_id,
        oe1_0.created_at,
        oe1_0.event_type,
        oe1_0.payload,
        oe1_0.processed_at,
        oe1_0.retry_count,
        oe1_0.status,
        oe1_0.updated_at 
    from
        attendance_outbox oe1_0 
    where
        oe1_0.status in (?, ?) 
        and oe1_0.retry_count<?
2026-09-16T00:45:22.473+02:00 DEBUG 13392 --- [shecancode-attendance-system] [   scheduling-1] org.hibernate.SQL                        : 
    select
        oe1_0.id,
        oe1_0.aggregate_id,
        oe1_0.created_at,
        oe1_0.event_type,
        oe1_0.payload,
        oe1_0.processed_at,
        oe1_0.retry_count,
        oe1_0.status,
        oe1_0.updated_at 
    from
        attendance_outbox oe1_0 
    where
        oe1_0.status in (?, ?) 
        and oe1_0.retry_count<?
Hibernate: 
    select
        oe1_0.id,
        oe1_0.aggregate_id,
        oe1_0.created_at,
        oe1_0.event_type,
        oe1_0.payload,
        oe1_0.processed_at,
        oe1_0.retry_count,
        oe1_0.status,
        oe1_0.updated_at 
    from
        attendance_outbox oe1_0 
    where
        oe1_0.status in (?, ?) 
        and oe1_0.retry_count<?
2026-09-16T00:45:27.493+02:00 DEBUG 13392 --- [shecancode-attendance-system] [   scheduling-1] org.hibernate.SQL                        : 
    select
        oe1_0.id,
        oe1_0.aggregate_id,
        oe1_0.created_at,
        oe1_0.event_type,
        oe1_0.payload,
        oe1_0.processed_at,
        oe1_0.retry_count,
        oe1_0.status,
        oe1_0.updated_at 
    from
        attendance_outbox oe1_0 
    where
        oe1_0.status in (?, ?) 
        and oe1_0.retry_count<?
Hibernate: 
    select
        oe1_0.id,
        oe1_0.aggregate_id,
        oe1_0.created_at,
        oe1_0.event_type,
        oe1_0.payload,
        oe1_0.processed_at,
        oe1_0.retry_count,
        oe1_0.status,
        oe1_0.updated_at 
    from
        attendance_outbox oe1_0 
    where
        oe1_0.status in (?, ?) 
        and oe1_0.retry_count<?
2026-09-16T00:45:32.511+02:00 DEBUG 13392 --- [shecancode-attendance-system] [   scheduling-1] org.hibernate.SQL                        : 
    select
        oe1_0.id,
        oe1_0.aggregate_id,
        oe1_0.created_at,
        oe1_0.event_type,
        oe1_0.payload,
        oe1_0.processed_at,
        oe1_0.retry_count,
        oe1_0.status,
        oe1_0.updated_at 
    from
        attendance_outbox oe1_0 
    where
        oe1_0.status in (?, ?) 
        and oe1_0.retry_count<?
Hibernate: 
    select
        oe1_0.id,
        oe1_0.aggregate_id,
        oe1_0.created_at,
        oe1_0.event_type,
        oe1_0.payload,
        oe1_0.processed_at,
        oe1_0.retry_count,
        oe1_0.status,
        oe1_0.updated_at 
    from
        attendance_outbox oe1_0 
    where
        oe1_0.status in (?, ?) 
        and oe1_0.retry_count<?
2026-09-16T00:45:37.542+02:00 DEBUG 13392 --- [shecancode-attendance-system] [   scheduling-1] org.hibernate.SQL                        : 
    select
        oe1_0.id,
        oe1_0.aggregate_id,
        oe1_0.created_at,
        oe1_0.event_type,
        oe1_0.payload,
        oe1_0.processed_at,
        oe1_0.retry_count,
        oe1_0.status,
        oe1_0.updated_at 
    from
        attendance_outbox oe1_0 
    where
        oe1_0.status in (?, ?) 
        and oe1_0.retry_count<?
Hibernate: 
    select
        oe1_0.id,
        oe1_0.aggregate_id,
        oe1_0.created_at,
        oe1_0.event_type,
        oe1_0.payload,
        oe1_0.processed_at,
        oe1_0.retry_count,
        oe1_0.status,
        oe1_0.updated_at 
    from
        attendance_outbox oe1_0 
    where
        oe1_0.status in (?, ?) 
        and oe1_0.retry_count<?
2026-09-16T00:45:42.570+02:00 DEBUG 13392 --- [shecancode-attendance-system] [   scheduling-1] org.hibernate.SQL                        : 
    select
        oe1_0.id,
        oe1_0.aggregate_id,
        oe1_0.created_at,
        oe1_0.event_type,
        oe1_0.payload,
        oe1_0.processed_at,
        oe1_0.retry_count,
        oe1_0.status,
        oe1_0.updated_at 
    from
        attendance_outbox oe1_0 
    where
        oe1_0.status in (?, ?) 
        and oe1_0.retry_count<?
Hibernate: 
    select
        oe1_0.id,
        oe1_0.aggregate_id,
        oe1_0.created_at,
        oe1_0.event_type,
        oe1_0.payload,
        oe1_0.processed_at,
        oe1_0.retry_count,
        oe1_0.status,
        oe1_0.updated_at 
    from
        attendance_outbox oe1_0 
    where
        oe1_0.status in (?, ?) 
        and oe1_0.retry_count<?
2026-09-16T00:45:47.607+02:00 DEBUG 13392 --- [shecancode-attendance-system] [   scheduling-1] org.hibernate.SQL                        : 
    select
        oe1_0.id,
        oe1_0.aggregate_id,
        oe1_0.created_at,
        oe1_0.event_type,
        oe1_0.payload,
        oe1_0.processed_at,
        oe1_0.retry_count,
        oe1_0.status,
        oe1_0.updated_at 
    from
        attendance_outbox oe1_0 
    where
        oe1_0.status in (?, ?) 
        and oe1_0.retry_count<?
Hibernate: 
    select
        oe1_0.id,
        oe1_0.aggregate_id,
        oe1_0.created_at,
        oe1_0.event_type,
        oe1_0.payload,
        oe1_0.processed_at,
        oe1_0.retry_count,
        oe1_0.status,
        oe1_0.updated_at 
    from
        attendance_outbox oe1_0 
    where
        oe1_0.status in (?, ?) 
        and oe1_0.retry_count<?
2026-09-16T00:45:52.624+02:00 DEBUG 13392 --- [shecancode-attendance-system] [   scheduling-1] org.hibernate.SQL                        : 
    select
        oe1_0.id,
        oe1_0.aggregate_id,
        oe1_0.created_at,
        oe1_0.event_type,
        oe1_0.payload,
        oe1_0.processed_at,
        oe1_0.retry_count,
        oe1_0.status,
        oe1_0.updated_at 
    from
        attendance_outbox oe1_0 
    where
        oe1_0.status in (?, ?) 
        and oe1_0.retry_count<?
Hibernate: 
    select
        oe1_0.id,
        oe1_0.aggregate_id,
        oe1_0.created_at,
        oe1_0.event_type,
        oe1_0.payload,
        oe1_0.processed_at,
        oe1_0.retry_count,
        oe1_0.status,
        oe1_0.updated_at 
    from
        attendance_outbox oe1_0 
    where
        oe1_0.status in (?, ?) 
        and oe1_0.retry_count<?
2026-09-16T00:45:57.640+02:00 DEBUG 13392 --- [shecancode-attendance-system] [   scheduling-1] org.hibernate.SQL                        : 
    select
        oe1_0.id,
        oe1_0.aggregate_id,
        oe1_0.created_at,
        oe1_0.event_type,
        oe1_0.payload,
        oe1_0.processed_at,
        oe1_0.retry_count,
        oe1_0.status,
        oe1_0.updated_at 
    from
        attendance_outbox oe1_0 
    where
        oe1_0.status in (?, ?) 
        and oe1_0.retry_count<?
Hibernate: 
    select
        oe1_0.id,
        oe1_0.aggregate_id,
        oe1_0.created_at,
        oe1_0.event_type,
        oe1_0.payload,
        oe1_0.processed_at,
        oe1_0.retry_count,
        oe1_0.status,
        oe1_0.updated_at 
    from
        attendance_outbox oe1_0 
    where
        oe1_0.status in (?, ?) 
        and oe1_0.retry_count<?
2026-09-16T00:46:02.664+02:00 DEBUG 13392 --- [shecancode-attendance-system] [   scheduling-1] org.hibernate.SQL                        : 
    select
        oe1_0.id,
        oe1_0.aggregate_id,
        oe1_0.created_at,
        oe1_0.event_type,
        oe1_0.payload,
        oe1_0.processed_at,
        oe1_0.retry_count,
        oe1_0.status,
        oe1_0.updated_at 
    from
        attendance_outbox oe1_0 
    where
        oe1_0.status in (?, ?) 
        and oe1_0.retry_count<?
Hibernate: 
    select
        oe1_0.id,
        oe1_0.aggregate_id,
        oe1_0.created_at,
        oe1_0.event_type,
        oe1_0.payload,
        oe1_0.processed_at,
        oe1_0.retry_count,
        oe1_0.status,
        oe1_0.updated_at 
    from
        attendance_outbox oe1_0 
    where
        oe1_0.status in (?, ?) 
        and oe1_0.retry_count<?
2026-09-16T00:46:07.695+02:00 DEBUG 13392 --- [shecancode-attendance-system] [   scheduling-1] org.hibernate.SQL                        : 
    select
        oe1_0.id,
        oe1_0.aggregate_id,
        oe1_0.created_at,
        oe1_0.event_type,
        oe1_0.payload,
        oe1_0.processed_at,
        oe1_0.retry_count,
        oe1_0.status,
        oe1_0.updated_at 
    from
        attendance_outbox oe1_0 
    where
        oe1_0.status in (?, ?) 
        and oe1_0.retry_count<?
Hibernate: 
    select
        oe1_0.id,
        oe1_0.aggregate_id,
        oe1_0.created_at,
        oe1_0.event_type,
        oe1_0.payload,
        oe1_0.processed_at,
        oe1_0.retry_count,
        oe1_0.status,
        oe1_0.updated_at 
    from
        attendance_outbox oe1_0 
    where
        oe1_0.status in (?, ?) 
        and oe1_0.retry_count<?
2026-09-16T00:46:12.722+02:00 DEBUG 13392 --- [shecancode-attendance-system] [   scheduling-1] org.hibernate.SQL                        : 
    select
        oe1_0.id,
        oe1_0.aggregate_id,
        oe1_0.created_at,
        oe1_0.event_type,
        oe1_0.payload,
        oe1_0.processed_at,
        oe1_0.retry_count,
        oe1_0.status,
        oe1_0.updated_at 
    from
        attendance_outbox oe1_0 
    where
        oe1_0.status in (?, ?) 
        and oe1_0.retry_count<?
Hibernate: 
    select
        oe1_0.id,
        oe1_0.aggregate_id,
        oe1_0.created_at,
        oe1_0.event_type,
        oe1_0.payload,
        oe1_0.processed_at,
        oe1_0.retry_count,
        oe1_0.status,
        oe1_0.updated_at 
    from
        attendance_outbox oe1_0 
    where
        oe1_0.status in (?, ?) 
        and oe1_0.retry_count<?
2026-09-16T00:46:17.740+02:00 DEBUG 13392 --- [shecancode-attendance-system] [   scheduling-1] org.hibernate.SQL                        : 
    select
        oe1_0.id,
        oe1_0.aggregate_id,
        oe1_0.created_at,
        oe1_0.event_type,
        oe1_0.payload,
        oe1_0.processed_at,
        oe1_0.retry_count,
        oe1_0.status,
        oe1_0.updated_at 
    from
        attendance_outbox oe1_0 
    where
        oe1_0.status in (?, ?) 
        and oe1_0.retry_count<?
Hibernate: 
    select
        oe1_0.id,
        oe1_0.aggregate_id,
        oe1_0.created_at,
        oe1_0.event_type,
        oe1_0.payload,
        oe1_0.processed_at,
        oe1_0.retry_count,
        oe1_0.status,
        oe1_0.updated_at 
    from
        attendance_outbox oe1_0 
    where
        oe1_0.status in (?, ?) 
        and oe1_0.retry_count<?
2026-09-16T00:46:22.762+02:00 DEBUG 13392 --- [shecancode-attendance-system] [   scheduling-1] org.hibernate.SQL                        : 
    select
        oe1_0.id,
        oe1_0.aggregate_id,
        oe1_0.created_at,
        oe1_0.event_type,
        oe1_0.payload,
        oe1_0.processed_at,
        oe1_0.retry_count,
        oe1_0.status,
        oe1_0.updated_at 
    from
        attendance_outbox oe1_0 
    where
        oe1_0.status in (?, ?) 
        and oe1_0.retry_count<?
Hibernate: 
    select
        oe1_0.id,
        oe1_0.aggregate_id,
        oe1_0.created_at,
        oe1_0.event_type,
        oe1_0.payload,
        oe1_0.processed_at,
        oe1_0.retry_count,
        oe1_0.status,
        oe1_0.updated_at 
    from
        attendance_outbox oe1_0 
    where
        oe1_0.status in (?, ?) 
        and oe1_0.retry_count<?
2026-09-16T00:46:27.778+02:00 DEBUG 13392 --- [shecancode-attendance-system] [   scheduling-1] org.hibernate.SQL                        : 
    select
        oe1_0.id,
        oe1_0.aggregate_id,
        oe1_0.created_at,
        oe1_0.event_type,
        oe1_0.payload,
        oe1_0.processed_at,
        oe1_0.retry_count,
        oe1_0.status,
        oe1_0.updated_at 
    from
        attendance_outbox oe1_0 
    where
        oe1_0.status in (?, ?) 
        and oe1_0.retry_count<?
Hibernate: 
    select
        oe1_0.id,
        oe1_0.aggregate_id,
        oe1_0.created_at,
        oe1_0.event_type,
        oe1_0.payload,
        oe1_0.processed_at,
        oe1_0.retry_count,
        oe1_0.status,
        oe1_0.updated_at 
    from
        attendance_outbox oe1_0 
    where
        oe1_0.status in (?, ?) 
        and oe1_0.retry_count<?
2026-09-16T00:46:32.805+02:00 DEBUG 13392 --- [shecancode-attendance-system] [   scheduling-1] org.hibernate.SQL                        : 
    select
        oe1_0.id,
        oe1_0.aggregate_id,
        oe1_0.created_at,
        oe1_0.event_type,
        oe1_0.payload,
        oe1_0.processed_at,
        oe1_0.retry_count,
        oe1_0.status,
        oe1_0.updated_at 
    from
        attendance_outbox oe1_0 
    where
        oe1_0.status in (?, ?) 
        and oe1_0.retry_count<?
Hibernate: 
    select
        oe1_0.id,
        oe1_0.aggregate_id,
        oe1_0.created_at,
        oe1_0.event_type,
        oe1_0.payload,
        oe1_0.processed_at,
        oe1_0.retry_count,
        oe1_0.status,
        oe1_0.updated_at 
    from
        attendance_outbox oe1_0 
    where
        oe1_0.status in (?, ?) 
        and oe1_0.retry_count<?
2026-09-16T00:46:37.834+02:00 DEBUG 13392 --- [shecancode-attendance-system] [   scheduling-1] org.hibernate.SQL                        : 
    select
        oe1_0.id,
        oe1_0.aggregate_id,
        oe1_0.created_at,
        oe1_0.event_type,
        oe1_0.payload,
        oe1_0.processed_at,
        oe1_0.retry_count,
        oe1_0.status,
        oe1_0.updated_at 
    from
        attendance_outbox oe1_0 
    where
        oe1_0.status in (?, ?) 
        and oe1_0.retry_count<?
Hibernate: 
    select
        oe1_0.id,
        oe1_0.aggregate_id,
        oe1_0.created_at,
        oe1_0.event_type,
        oe1_0.payload,
        oe1_0.processed_at,
        oe1_0.retry_count,
        oe1_0.status,
        oe1_0.updated_at 
    from
        attendance_outbox oe1_0 
    where
        oe1_0.status in (?, ?) 
        and oe1_0.retry_count<?
2026-09-16T00:46:42.848+02:00 DEBUG 13392 --- [shecancode-attendance-system] [   scheduling-1] org.hibernate.SQL                        : 
    select
        oe1_0.id,
        oe1_0.aggregate_id,
        oe1_0.created_at,
        oe1_0.event_type,
        oe1_0.payload,
        oe1_0.processed_at,
        oe1_0.retry_count,
        oe1_0.status,
        oe1_0.updated_at 
    from
        attendance_outbox oe1_0 
    where
        oe1_0.status in (?, ?) 
        and oe1_0.retry_count<?
Hibernate: 
    select
        oe1_0.id,
        oe1_0.aggregate_id,
        oe1_0.created_at,
        oe1_0.event_type,
        oe1_0.payload,
        oe1_0.processed_at,
        oe1_0.retry_count,
        oe1_0.status,
        oe1_0.updated_at 
    from
        attendance_outbox oe1_0 
    where
        oe1_0.status in (?, ?) 
        and oe1_0.retry_count<?
2026-09-16T00:46:47.876+02:00 DEBUG 13392 --- [shecancode-attendance-system] [   scheduling-1] org.hibernate.SQL                        : 
    select
        oe1_0.id,
        oe1_0.aggregate_id,
        oe1_0.created_at,
        oe1_0.event_type,
        oe1_0.payload,
        oe1_0.processed_at,
        oe1_0.retry_count,
        oe1_0.status,
        oe1_0.updated_at 
    from
        attendance_outbox oe1_0 
    where
        oe1_0.status in (?, ?) 
        and oe1_0.retry_count<?
Hibernate: 
    select
        oe1_0.id,
        oe1_0.aggregate_id,
        oe1_0.created_at,
        oe1_0.event_type,
        oe1_0.payload,
        oe1_0.processed_at,
        oe1_0.retry_count,
        oe1_0.status,
        oe1_0.updated_at 
    from
        attendance_outbox oe1_0 
    where
        oe1_0.status in (?, ?) 
        and oe1_0.retry_count<?
2026-09-16T00:46:52.896+02:00 DEBUG 13392 --- [shecancode-attendance-system] [   scheduling-1] org.hibernate.SQL                        : 
    select
        oe1_0.id,
        oe1_0.aggregate_id,
        oe1_0.created_at,
        oe1_0.event_type,
        oe1_0.payload,
        oe1_0.processed_at,
        oe1_0.retry_count,
        oe1_0.status,
        oe1_0.updated_at 
    from
        attendance_outbox oe1_0 
    where
        oe1_0.status in (?, ?) 
        and oe1_0.retry_count<?
Hibernate: 
    select
        oe1_0.id,
        oe1_0.aggregate_id,
        oe1_0.created_at,
        oe1_0.event_type,
        oe1_0.payload,
        oe1_0.processed_at,
        oe1_0.retry_count,
        oe1_0.status,
        oe1_0.updated_at 
    from
        attendance_outbox oe1_0 
    where
        oe1_0.status in (?, ?) 
        and oe1_0.retry_count<?
2026-09-16T00:46:57.919+02:00 DEBUG 13392 --- [shecancode-attendance-system] [   scheduling-1] org.hibernate.SQL                        : 
    select
        oe1_0.id,
        oe1_0.aggregate_id,
        oe1_0.created_at,
        oe1_0.event_type,
        oe1_0.payload,
        oe1_0.processed_at,
        oe1_0.retry_count,
        oe1_0.status,
        oe1_0.updated_at 
    from
        attendance_outbox oe1_0 
    where
        oe1_0.status in (?, ?) 
        and oe1_0.retry_count<?
Hibernate: 
    select
        oe1_0.id,
        oe1_0.aggregate_id,
        oe1_0.created_at,
        oe1_0.event_type,
        oe1_0.payload,
        oe1_0.processed_at,
        oe1_0.retry_count,
        oe1_0.status,
        oe1_0.updated_at 
    from
        attendance_outbox oe1_0 
    where
        oe1_0.status in (?, ?) 
        and oe1_0.retry_count<?
2026-09-16T00:47:02.939+02:00 DEBUG 13392 --- [shecancode-attendance-system] [   scheduling-1] org.hibernate.SQL                        : 
    select
        oe1_0.id,
        oe1_0.aggregate_id,
        oe1_0.created_at,
        oe1_0.event_type,
        oe1_0.payload,
        oe1_0.processed_at,
        oe1_0.retry_count,
        oe1_0.status,
        oe1_0.updated_at 
    from
        attendance_outbox oe1_0 
    where
        oe1_0.status in (?, ?) 
        and oe1_0.retry_count<?
Hibernate: 
    select
        oe1_0.id,
        oe1_0.aggregate_id,
        oe1_0.created_at,
        oe1_0.event_type,
        oe1_0.payload,
        oe1_0.processed_at,
        oe1_0.retry_count,
        oe1_0.status,
        oe1_0.updated_at 
    from
        attendance_outbox oe1_0 
    where
        oe1_0.status in (?, ?) 
        and oe1_0.retry_count<?
2026-09-16T00:47:07.953+02:00 DEBUG 13392 --- [shecancode-attendance-system] [   scheduling-1] org.hibernate.SQL                        : 
    select
        oe1_0.id,
        oe1_0.aggregate_id,
        oe1_0.created_at,
        oe1_0.event_type,
        oe1_0.payload,
        oe1_0.processed_at,
        oe1_0.retry_count,
        oe1_0.status,
        oe1_0.updated_at 
    from
        attendance_outbox oe1_0 
    where
        oe1_0.status in (?, ?) 
        and oe1_0.retry_count<?
Hibernate: 
    select
        oe1_0.id,
        oe1_0.aggregate_id,
        oe1_0.created_at,
        oe1_0.event_type,
        oe1_0.payload,
        oe1_0.processed_at,
        oe1_0.retry_count,
        oe1_0.status,
        oe1_0.updated_at 
    from
        attendance_outbox oe1_0 
    where
        oe1_0.status in (?, ?) 
        and oe1_0.retry_count<?
2026-09-16T00:47:12.970+02:00 DEBUG 13392 --- [shecancode-attendance-system] [   scheduling-1] org.hibernate.SQL                        : 
    select
        oe1_0.id,
        oe1_0.aggregate_id,
        oe1_0.created_at,
        oe1_0.event_type,
        oe1_0.payload,
        oe1_0.processed_at,
        oe1_0.retry_count,
        oe1_0.status,
        oe1_0.updated_at 
    from
        attendance_outbox oe1_0 
    where
        oe1_0.status in (?, ?) 
        and oe1_0.retry_count<?
Hibernate: 
    select
        oe1_0.id,
        oe1_0.aggregate_id,
        oe1_0.created_at,
        oe1_0.event_type,
        oe1_0.payload,
        oe1_0.processed_at,
        oe1_0.retry_count,
        oe1_0.status,
        oe1_0.updated_at 
    from
        attendance_outbox oe1_0 
    where
        oe1_0.status in (?, ?) 
        and oe1_0.retry_count<?
2026-09-16T00:47:18.000+02:00 DEBUG 13392 --- [shecancode-attendance-system] [   scheduling-1] org.hibernate.SQL                        : 
    select
        oe1_0.id,
        oe1_0.aggregate_id,
        oe1_0.created_at,
        oe1_0.event_type,
        oe1_0.payload,
        oe1_0.processed_at,
        oe1_0.retry_count,
        oe1_0.status,
        oe1_0.updated_at 
    from
        attendance_outbox oe1_0 
    where
        oe1_0.status in (?, ?) 
        and oe1_0.retry_count<?
Hibernate: 
    select
        oe1_0.id,
        oe1_0.aggregate_id,
        oe1_0.created_at,
        oe1_0.event_type,
        oe1_0.payload,
        oe1_0.processed_at,
        oe1_0.retry_count,
        oe1_0.status,
        oe1_0.updated_at 
    from
        attendance_outbox oe1_0 
    where
        oe1_0.status in (?, ?) 
        and oe1_0.retry_count<?
2026-09-16T00:47:23.023+02:00 DEBUG 13392 --- [shecancode-attendance-system] [   scheduling-1] org.hibernate.SQL                        : 
    select
        oe1_0.id,
        oe1_0.aggregate_id,
        oe1_0.created_at,
        oe1_0.event_type,
        oe1_0.payload,
        oe1_0.processed_at,
        oe1_0.retry_count,
        oe1_0.status,
        oe1_0.updated_at 
    from
        attendance_outbox oe1_0 
    where
        oe1_0.status in (?, ?) 
        and oe1_0.retry_count<?
Hibernate: 
    select
        oe1_0.id,
        oe1_0.aggregate_id,
        oe1_0.created_at,
        oe1_0.event_type,
        oe1_0.payload,
        oe1_0.processed_at,
        oe1_0.retry_count,
        oe1_0.status,
        oe1_0.updated_at 
    from
        attendance_outbox oe1_0 
    where
        oe1_0.status in (?, ?) 
        and oe1_0.retry_count<?
2026-09-16T00:47:28.059+02:00 DEBUG 13392 --- [shecancode-attendance-system] [   scheduling-1] org.hibernate.SQL                        : 
    select
        oe1_0.id,
        oe1_0.aggregate_id,
        oe1_0.created_at,
        oe1_0.event_type,
        oe1_0.payload,
        oe1_0.processed_at,
        oe1_0.retry_count,
        oe1_0.status,
        oe1_0.updated_at 
    from
        attendance_outbox oe1_0 
    where
        oe1_0.status in (?, ?) 
        and oe1_0.retry_count<?
Hibernate: 
    select
        oe1_0.id,
        oe1_0.aggregate_id,
        oe1_0.created_at,
        oe1_0.event_type,
        oe1_0.payload,
        oe1_0.processed_at,
        oe1_0.retry_count,
        oe1_0.status,
        oe1_0.updated_at 
    from
        attendance_outbox oe1_0 
    where
        oe1_0.status in (?, ?) 
        and oe1_0.retry_count<?
2026-09-16T00:47:33.090+02:00 DEBUG 13392 --- [shecancode-attendance-system] [   scheduling-1] org.hibernate.SQL                        : 
    select
        oe1_0.id,
        oe1_0.aggregate_id,
        oe1_0.created_at,
        oe1_0.event_type,
        oe1_0.payload,
        oe1_0.processed_at,
        oe1_0.retry_count,
        oe1_0.status,
        oe1_0.updated_at 
    from
        attendance_outbox oe1_0 
    where
        oe1_0.status in (?, ?) 
        and oe1_0.retry_count<?
Hibernate: 
    select
        oe1_0.id,
        oe1_0.aggregate_id,
        oe1_0.created_at,
        oe1_0.event_type,
        oe1_0.payload,
        oe1_0.processed_at,
        oe1_0.retry_count,
        oe1_0.status,
        oe1_0.updated_at 
    from
        attendance_outbox oe1_0 
    where
        oe1_0.status in (?, ?) 
        and oe1_0.retry_count<?
2026-09-16T00:47:38.116+02:00 DEBUG 13392 --- [shecancode-attendance-system] [   scheduling-1] org.hibernate.SQL                        : 
    select
        oe1_0.id,
        oe1_0.aggregate_id,
        oe1_0.created_at,
        oe1_0.event_type,
        oe1_0.payload,
        oe1_0.processed_at,
        oe1_0.retry_count,
        oe1_0.status,
        oe1_0.updated_at 
    from
        attendance_outbox oe1_0 
    where
        oe1_0.status in (?, ?) 
        and oe1_0.retry_count<?
Hibernate: 
    select
        oe1_0.id,
        oe1_0.aggregate_id,
        oe1_0.created_at,
        oe1_0.event_type,
        oe1_0.payload,
        oe1_0.processed_at,
        oe1_0.retry_count,
        oe1_0.status,
        oe1_0.updated_at 
    from
        attendance_outbox oe1_0 
    where
        oe1_0.status in (?, ?) 
        and oe1_0.retry_count<?
2026-09-16T00:47:43.133+02:00 DEBUG 13392 --- [shecancode-attendance-system] [   scheduling-1] org.hibernate.SQL                        : 
    select
        oe1_0.id,
        oe1_0.aggregate_id,
        oe1_0.created_at,
        oe1_0.event_type,
        oe1_0.payload,
        oe1_0.processed_at,
        oe1_0.retry_count,
        oe1_0.status,
        oe1_0.updated_at 
    from
        attendance_outbox oe1_0 
    where
        oe1_0.status in (?, ?) 
        and oe1_0.retry_count<?
Hibernate: 
    select
        oe1_0.id,
        oe1_0.aggregate_id,
        oe1_0.created_at,
        oe1_0.event_type,
        oe1_0.payload,
        oe1_0.processed_at,
        oe1_0.retry_count,
        oe1_0.status,
        oe1_0.updated_at 
    from
        attendance_outbox oe1_0 
    where
        oe1_0.status in (?, ?) 
        and oe1_0.retry_count<?
2026-09-16T00:47:48.159+02:00 DEBUG 13392 --- [shecancode-attendance-system] [   scheduling-1] org.hibernate.SQL                        : 
    select
        oe1_0.id,
        oe1_0.aggregate_id,
        oe1_0.created_at,
        oe1_0.event_type,
        oe1_0.payload,
        oe1_0.processed_at,
        oe1_0.retry_count,
        oe1_0.status,
        oe1_0.updated_at 
    from
        attendance_outbox oe1_0 
    where
        oe1_0.status in (?, ?) 
        and oe1_0.retry_count<?
Hibernate: 
    select
        oe1_0.id,
        oe1_0.aggregate_id,
        oe1_0.created_at,
        oe1_0.event_type,
        oe1_0.payload,
        oe1_0.processed_at,
        oe1_0.retry_count,
        oe1_0.status,
        oe1_0.updated_at 
    from
        attendance_outbox oe1_0 
    where
        oe1_0.status in (?, ?) 
        and oe1_0.retry_count<?
2026-09-16T00:47:53.179+02:00 DEBUG 13392 --- [shecancode-attendance-system] [   scheduling-1] org.hibernate.SQL                        : 
    select
        oe1_0.id,
        oe1_0.aggregate_id,
        oe1_0.created_at,
        oe1_0.event_type,
        oe1_0.payload,
        oe1_0.processed_at,
        oe1_0.retry_count,
        oe1_0.status,
        oe1_0.updated_at 
    from
        attendance_outbox oe1_0 
    where
        oe1_0.status in (?, ?) 
        and oe1_0.retry_count<?
Hibernate: 
    select
        oe1_0.id,
        oe1_0.aggregate_id,
        oe1_0.created_at,
        oe1_0.event_type,
        oe1_0.payload,
        oe1_0.processed_at,
        oe1_0.retry_count,
        oe1_0.status,
        oe1_0.updated_at 
    from
        attendance_outbox oe1_0 
    where
        oe1_0.status in (?, ?) 
        and oe1_0.retry_count<?
2026-09-16T00:47:58.199+02:00 DEBUG 13392 --- [shecancode-attendance-system] [   scheduling-1] org.hibernate.SQL                        : 
    select
        oe1_0.id,
        oe1_0.aggregate_id,
        oe1_0.created_at,
        oe1_0.event_type,
        oe1_0.payload,
        oe1_0.processed_at,
        oe1_0.retry_count,
        oe1_0.status,
        oe1_0.updated_at 
    from
        attendance_outbox oe1_0 
    where
        oe1_0.status in (?, ?) 
        and oe1_0.retry_count<?
Hibernate: 
    select
        oe1_0.id,
        oe1_0.aggregate_id,
        oe1_0.created_at,
        oe1_0.event_type,
        oe1_0.payload,
        oe1_0.processed_at,
        oe1_0.retry_count,
        oe1_0.status,
        oe1_0.updated_at 
    from
        attendance_outbox oe1_0 
    where
        oe1_0.status in (?, ?) 
        and oe1_0.retry_count<?
2026-09-16T00:48:03.220+02:00 DEBUG 13392 --- [shecancode-attendance-system] [   scheduling-1] org.hibernate.SQL                        : 
    select
        oe1_0.id,
        oe1_0.aggregate_id,
        oe1_0.created_at,
        oe1_0.event_type,
        oe1_0.payload,
        oe1_0.processed_at,
        oe1_0.retry_count,
        oe1_0.status,
        oe1_0.updated_at 
    from
        attendance_outbox oe1_0 
    where
        oe1_0.status in (?, ?) 
        and oe1_0.retry_count<?
Hibernate: 
    select
        oe1_0.id,
        oe1_0.aggregate_id,
        oe1_0.created_at,
        oe1_0.event_type,
        oe1_0.payload,
        oe1_0.processed_at,
        oe1_0.retry_count,
        oe1_0.status,
        oe1_0.updated_at 
    from
        attendance_outbox oe1_0 
    where
        oe1_0.status in (?, ?) 
        and oe1_0.retry_count<?
2026-09-16T00:48:08.232+02:00 DEBUG 13392 --- [shecancode-attendance-system] [   scheduling-1] org.hibernate.SQL                        : 
    select
        oe1_0.id,
        oe1_0.aggregate_id,
        oe1_0.created_at,
        oe1_0.event_type,
        oe1_0.payload,
        oe1_0.processed_at,
        oe1_0.retry_count,
        oe1_0.status,
        oe1_0.updated_at 
    from
        attendance_outbox oe1_0 
    where
        oe1_0.status in (?, ?) 
        and oe1_0.retry_count<?
Hibernate: 
    select
        oe1_0.id,
        oe1_0.aggregate_id,
        oe1_0.created_at,
        oe1_0.event_type,
        oe1_0.payload,
        oe1_0.processed_at,
        oe1_0.retry_count,
        oe1_0.status,
        oe1_0.updated_at 
    from
        attendance_outbox oe1_0 
    where
        oe1_0.status in (?, ?) 
        and oe1_0.retry_count<?
2026-09-16T00:48:13.255+02:00 DEBUG 13392 --- [shecancode-attendance-system] [   scheduling-1] org.hibernate.SQL                        : 
    select
        oe1_0.id,
        oe1_0.aggregate_id,
        oe1_0.created_at,
        oe1_0.event_type,
        oe1_0.payload,
        oe1_0.processed_at,
        oe1_0.retry_count,
        oe1_0.status,
        oe1_0.updated_at 
    from
        attendance_outbox oe1_0 
    where
        oe1_0.status in (?, ?) 
        and oe1_0.retry_count<?
Hibernate: 
    select
        oe1_0.id,
        oe1_0.aggregate_id,
        oe1_0.created_at,
        oe1_0.event_type,
        oe1_0.payload,
        oe1_0.processed_at,
        oe1_0.retry_count,
        oe1_0.status,
        oe1_0.updated_at 
    from
        attendance_outbox oe1_0 
    where
        oe1_0.status in (?, ?) 
        and oe1_0.retry_count<?
2026-09-16T00:48:18.266+02:00 DEBUG 13392 --- [shecancode-attendance-system] [   scheduling-1] org.hibernate.SQL                        : 
    select
        oe1_0.id,
        oe1_0.aggregate_id,
        oe1_0.created_at,
        oe1_0.event_type,
        oe1_0.payload,
        oe1_0.processed_at,
        oe1_0.retry_count,
        oe1_0.status,
        oe1_0.updated_at 
    from
        attendance_outbox oe1_0 
    where
        oe1_0.status in (?, ?) 
        and oe1_0.retry_count<?
Hibernate: 
    select
        oe1_0.id,
        oe1_0.aggregate_id,
        oe1_0.created_at,
        oe1_0.event_type,
        oe1_0.payload,
        oe1_0.processed_at,
        oe1_0.retry_count,
        oe1_0.status,
        oe1_0.updated_at 
    from
        attendance_outbox oe1_0 
    where
        oe1_0.status in (?, ?) 
        and oe1_0.retry_count<?
2026-09-16T00:48:23.289+02:00 DEBUG 13392 --- [shecancode-attendance-system] [   scheduling-1] org.hibernate.SQL                        : 
    select
        oe1_0.id,
        oe1_0.aggregate_id,
        oe1_0.created_at,
        oe1_0.event_type,
        oe1_0.payload,
        oe1_0.processed_at,
        oe1_0.retry_count,
        oe1_0.status,
        oe1_0.updated_at 
    from
        attendance_outbox oe1_0 
    where
        oe1_0.status in (?, ?) 
        and oe1_0.retry_count<?
Hibernate: 
    select
        oe1_0.id,
        oe1_0.aggregate_id,
        oe1_0.created_at,
        oe1_0.event_type,
        oe1_0.payload,
        oe1_0.processed_at,
        oe1_0.retry_count,
        oe1_0.status,
        oe1_0.updated_at 
    from
        attendance_outbox oe1_0 
    where
        oe1_0.status in (?, ?) 
        and oe1_0.retry_count<?
2026-09-16T00:48:28.299+02:00 DEBUG 13392 --- [shecancode-attendance-system] [   scheduling-1] org.hibernate.SQL                        : 
    select
        oe1_0.id,
        oe1_0.aggregate_id,
        oe1_0.created_at,
        oe1_0.event_type,
        oe1_0.payload,
        oe1_0.processed_at,
        oe1_0.retry_count,
        oe1_0.status,
        oe1_0.updated_at 
    from
        attendance_outbox oe1_0 
    where
        oe1_0.status in (?, ?) 
        and oe1_0.retry_count<?
Hibernate: 
    select
        oe1_0.id,
        oe1_0.aggregate_id,
        oe1_0.created_at,
        oe1_0.event_type,
        oe1_0.payload,
        oe1_0.processed_at,
        oe1_0.retry_count,
        oe1_0.status,
        oe1_0.updated_at 
    from
        attendance_outbox oe1_0 
    where
        oe1_0.status in (?, ?) 
        and oe1_0.retry_count<?
2026-09-16T00:48:33.324+02:00 DEBUG 13392 --- [shecancode-attendance-system] [   scheduling-1] org.hibernate.SQL                        : 
    select
        oe1_0.id,
        oe1_0.aggregate_id,
        oe1_0.created_at,
        oe1_0.event_type,
        oe1_0.payload,
        oe1_0.processed_at,
        oe1_0.retry_count,
        oe1_0.status,
        oe1_0.updated_at 
    from
        attendance_outbox oe1_0 
    where
        oe1_0.status in (?, ?) 
        and oe1_0.retry_count<?
Hibernate: 
    select
        oe1_0.id,
        oe1_0.aggregate_id,
        oe1_0.created_at,
        oe1_0.event_type,
        oe1_0.payload,
        oe1_0.processed_at,
        oe1_0.retry_count,
        oe1_0.status,
        oe1_0.updated_at 
    from
        attendance_outbox oe1_0 
    where
        oe1_0.status in (?, ?) 
        and oe1_0.retry_count<?
2026-09-16T00:48:38.347+02:00 DEBUG 13392 --- [shecancode-attendance-system] [   scheduling-1] org.hibernate.SQL                        : 
    select
        oe1_0.id,
        oe1_0.aggregate_id,
        oe1_0.created_at,
        oe1_0.event_type,
        oe1_0.payload,
        oe1_0.processed_at,
        oe1_0.retry_count,
        oe1_0.status,
        oe1_0.updated_at 
    from
        attendance_outbox oe1_0 
    where
        oe1_0.status in (?, ?) 
        and oe1_0.retry_count<?
Hibernate: 
    select
        oe1_0.id,
        oe1_0.aggregate_id,
        oe1_0.created_at,
        oe1_0.event_type,
        oe1_0.payload,
        oe1_0.processed_at,
        oe1_0.retry_count,
        oe1_0.status,
        oe1_0.updated_at 
    from
        attendance_outbox oe1_0 
    where
        oe1_0.status in (?, ?) 
        and oe1_0.retry_count<?
2026-09-16T00:48:43.367+02:00 DEBUG 13392 --- [shecancode-attendance-system] [   scheduling-1] org.hibernate.SQL                        : 
    select
        oe1_0.id,
        oe1_0.aggregate_id,
        oe1_0.created_at,
        oe1_0.event_type,
        oe1_0.payload,
        oe1_0.processed_at,
        oe1_0.retry_count,
        oe1_0.status,
        oe1_0.updated_at 
    from
        attendance_outbox oe1_0 
    where
        oe1_0.status in (?, ?) 
        and oe1_0.retry_count<?
Hibernate: 
    select
        oe1_0.id,
        oe1_0.aggregate_id,
        oe1_0.created_at,
        oe1_0.event_type,
        oe1_0.payload,
        oe1_0.processed_at,
        oe1_0.retry_count,
        oe1_0.status,
        oe1_0.updated_at 
    from
        attendance_outbox oe1_0 
    where
        oe1_0.status in (?, ?) 
        and oe1_0.retry_count<?
2026-09-16T00:48:48.391+02:00 DEBUG 13392 --- [shecancode-attendance-system] [   scheduling-1] org.hibernate.SQL                        : 
    select
        oe1_0.id,
        oe1_0.aggregate_id,
        oe1_0.created_at,
        oe1_0.event_type,
        oe1_0.payload,
        oe1_0.processed_at,
        oe1_0.retry_count,
        oe1_0.status,
        oe1_0.updated_at 
    from
        attendance_outbox oe1_0 
    where
        oe1_0.status in (?, ?) 
        and oe1_0.retry_count<?
Hibernate: 
    select
        oe1_0.id,
        oe1_0.aggregate_id,
        oe1_0.created_at,
        oe1_0.event_type,
        oe1_0.payload,
        oe1_0.processed_at,
        oe1_0.retry_count,
        oe1_0.status,
        oe1_0.updated_at 
    from
        attendance_outbox oe1_0 
    where
        oe1_0.status in (?, ?) 
        and oe1_0.retry_count<?
2026-09-16T00:48:53.405+02:00 DEBUG 13392 --- [shecancode-attendance-system] [   scheduling-1] org.hibernate.SQL                        : 
    select
        oe1_0.id,
        oe1_0.aggregate_id,
        oe1_0.created_at,
        oe1_0.event_type,
        oe1_0.payload,
        oe1_0.processed_at,
        oe1_0.retry_count,
        oe1_0.status,
        oe1_0.updated_at 
    from
        attendance_outbox oe1_0 
    where
        oe1_0.status in (?, ?) 
        and oe1_0.retry_count<?
Hibernate: 
    select
        oe1_0.id,
        oe1_0.aggregate_id,
        oe1_0.created_at,
        oe1_0.event_type,
        oe1_0.payload,
        oe1_0.processed_at,
        oe1_0.retry_count,
        oe1_0.status,
        oe1_0.updated_at 
    from
        attendance_outbox oe1_0 
    where
        oe1_0.status in (?, ?) 
        and oe1_0.retry_count<?
2026-09-16T00:48:58.417+02:00 DEBUG 13392 --- [shecancode-attendance-system] [   scheduling-1] org.hibernate.SQL                        : 
    select
        oe1_0.id,
        oe1_0.aggregate_id,
        oe1_0.created_at,
        oe1_0.event_type,
        oe1_0.payload,
        oe1_0.processed_at,
        oe1_0.retry_count,
        oe1_0.status,
        oe1_0.updated_at 
    from
        attendance_outbox oe1_0 
    where
        oe1_0.status in (?, ?) 
        and oe1_0.retry_count<?
Hibernate: 
    select
        oe1_0.id,
        oe1_0.aggregate_id,
        oe1_0.created_at,
        oe1_0.event_type,
        oe1_0.payload,
        oe1_0.processed_at,
        oe1_0.retry_count,
        oe1_0.status,
        oe1_0.updated_at 
    from
        attendance_outbox oe1_0 
    where
        oe1_0.status in (?, ?) 
        and oe1_0.retry_count<?
2026-09-16T00:49:03.436+02:00 DEBUG 13392 --- [shecancode-attendance-system] [   scheduling-1] org.hibernate.SQL                        : 
    select
        oe1_0.id,
        oe1_0.aggregate_id,
        oe1_0.created_at,
        oe1_0.event_type,
        oe1_0.payload,
        oe1_0.processed_at,
        oe1_0.retry_count,
        oe1_0.status,
        oe1_0.updated_at 
    from
        attendance_outbox oe1_0 
    where
        oe1_0.status in (?, ?) 
        and oe1_0.retry_count<?
Hibernate: 
    select
        oe1_0.id,
        oe1_0.aggregate_id,
        oe1_0.created_at,
        oe1_0.event_type,
        oe1_0.payload,
        oe1_0.processed_at,
        oe1_0.retry_count,
        oe1_0.status,
        oe1_0.updated_at 
    from
        attendance_outbox oe1_0 
    where
        oe1_0.status in (?, ?) 
        and oe1_0.retry_count<?
2026-09-16T00:49:08.457+02:00 DEBUG 13392 --- [shecancode-attendance-system] [   scheduling-1] org.hibernate.SQL                        : 
    select
        oe1_0.id,
        oe1_0.aggregate_id,
        oe1_0.created_at,
        oe1_0.event_type,
        oe1_0.payload,
        oe1_0.processed_at,
        oe1_0.retry_count,
        oe1_0.status,
        oe1_0.updated_at 
    from
        attendance_outbox oe1_0 
    where
        oe1_0.status in (?, ?) 
        and oe1_0.retry_count<?
Hibernate: 
    select
        oe1_0.id,
        oe1_0.aggregate_id,
        oe1_0.created_at,
        oe1_0.event_type,
        oe1_0.payload,
        oe1_0.processed_at,
        oe1_0.retry_count,
        oe1_0.status,
        oe1_0.updated_at 
    from
        attendance_outbox oe1_0 
    where
        oe1_0.status in (?, ?) 
        and oe1_0.retry_count<?
2026-09-16T00:49:13.479+02:00 DEBUG 13392 --- [shecancode-attendance-system] [   scheduling-1] org.hibernate.SQL                        : 
    select
        oe1_0.id,
        oe1_0.aggregate_id,
        oe1_0.created_at,
        oe1_0.event_type,
        oe1_0.payload,
        oe1_0.processed_at,
        oe1_0.retry_count,
        oe1_0.status,
        oe1_0.updated_at 
    from
        attendance_outbox oe1_0 
    where
        oe1_0.status in (?, ?) 
        and oe1_0.retry_count<?
Hibernate: 
    select
        oe1_0.id,
        oe1_0.aggregate_id,
        oe1_0.created_at,
        oe1_0.event_type,
        oe1_0.payload,
        oe1_0.processed_at,
        oe1_0.retry_count,
        oe1_0.status,
        oe1_0.updated_at 
    from
        attendance_outbox oe1_0 
    where
        oe1_0.status in (?, ?) 
        and oe1_0.retry_count<?
2026-09-16T00:49:18.497+02:00 DEBUG 13392 --- [shecancode-attendance-system] [   scheduling-1] org.hibernate.SQL                        : 
    select
        oe1_0.id,
        oe1_0.aggregate_id,
        oe1_0.created_at,
        oe1_0.event_type,
        oe1_0.payload,
        oe1_0.processed_at,
        oe1_0.retry_count,
        oe1_0.status,
        oe1_0.updated_at 
    from
        attendance_outbox oe1_0 
    where
        oe1_0.status in (?, ?) 
        and oe1_0.retry_count<?
Hibernate: 
    select
        oe1_0.id,
        oe1_0.aggregate_id,
        oe1_0.created_at,
        oe1_0.event_type,
        oe1_0.payload,
        oe1_0.processed_at,
        oe1_0.retry_count,
        oe1_0.status,
        oe1_0.updated_at 
    from
        attendance_outbox oe1_0 
    where
        oe1_0.status in (?, ?) 
        and oe1_0.retry_count<?
2026-09-16T00:49:23.519+02:00 DEBUG 13392 --- [shecancode-attendance-system] [   scheduling-1] org.hibernate.SQL                        : 
    select
        oe1_0.id,
        oe1_0.aggregate_id,
        oe1_0.created_at,
        oe1_0.event_type,
        oe1_0.payload,
        oe1_0.processed_at,
        oe1_0.retry_count,
        oe1_0.status,
        oe1_0.updated_at 
    from
        attendance_outbox oe1_0 
    where
        oe1_0.status in (?, ?) 
        and oe1_0.retry_count<?
Hibernate: 
    select
        oe1_0.id,
        oe1_0.aggregate_id,
        oe1_0.created_at,
        oe1_0.event_type,
        oe1_0.payload,
        oe1_0.processed_at,
        oe1_0.retry_count,
        oe1_0.status,
        oe1_0.updated_at 
    from
        attendance_outbox oe1_0 
    where
        oe1_0.status in (?, ?) 
        and oe1_0.retry_count<?
2026-09-16T00:49:28.533+02:00 DEBUG 13392 --- [shecancode-attendance-system] [   scheduling-1] org.hibernate.SQL                        : 
    select
        oe1_0.id,
        oe1_0.aggregate_id,
        oe1_0.created_at,
        oe1_0.event_type,
        oe1_0.payload,
        oe1_0.processed_at,
        oe1_0.retry_count,
        oe1_0.status,
        oe1_0.updated_at 
    from
        attendance_outbox oe1_0 
    where
        oe1_0.status in (?, ?) 
        and oe1_0.retry_count<?
Hibernate: 
    select
        oe1_0.id,
        oe1_0.aggregate_id,
        oe1_0.created_at,
        oe1_0.event_type,
        oe1_0.payload,
        oe1_0.processed_at,
        oe1_0.retry_count,
        oe1_0.status,
        oe1_0.updated_at 
    from
        attendance_outbox oe1_0 
    where
        oe1_0.status in (?, ?) 
        and oe1_0.retry_count<?
2026-09-16T00:49:33.565+02:00 DEBUG 13392 --- [shecancode-attendance-system] [   scheduling-1] org.hibernate.SQL                        : 
    select
        oe1_0.id,
        oe1_0.aggregate_id,
        oe1_0.created_at,
        oe1_0.event_type,
        oe1_0.payload,
        oe1_0.processed_at,
        oe1_0.retry_count,
        oe1_0.status,
        oe1_0.updated_at 
    from
        attendance_outbox oe1_0 
    where
        oe1_0.status in (?, ?) 
        and oe1_0.retry_count<?
Hibernate: 
    select
        oe1_0.id,
        oe1_0.aggregate_id,
        oe1_0.created_at,
        oe1_0.event_type,
        oe1_0.payload,
        oe1_0.processed_at,
        oe1_0.retry_count,
        oe1_0.status,
        oe1_0.updated_at 
    from
        attendance_outbox oe1_0 
    where
        oe1_0.status in (?, ?) 
        and oe1_0.retry_count<?
2026-09-16T00:49:38.619+02:00 DEBUG 13392 --- [shecancode-attendance-system] [   scheduling-1] org.hibernate.SQL                        : 
    select
        oe1_0.id,
        oe1_0.aggregate_id,
        oe1_0.created_at,
        oe1_0.event_type,
        oe1_0.payload,
        oe1_0.processed_at,
        oe1_0.retry_count,
        oe1_0.status,
        oe1_0.updated_at 
    from
        attendance_outbox oe1_0 
    where
        oe1_0.status in (?, ?) 
        and oe1_0.retry_count<?
Hibernate: 
    select
        oe1_0.id,
        oe1_0.aggregate_id,
        oe1_0.created_at,
        oe1_0.event_type,
        oe1_0.payload,
        oe1_0.processed_at,
        oe1_0.retry_count,
        oe1_0.status,
        oe1_0.updated_at 
    from
        attendance_outbox oe1_0 
    where
        oe1_0.status in (?, ?) 
        and oe1_0.retry_count<?
2026-09-16T00:49:43.637+02:00 DEBUG 13392 --- [shecancode-attendance-system] [   scheduling-1] org.hibernate.SQL                        : 
    select
        oe1_0.id,
        oe1_0.aggregate_id,
        oe1_0.created_at,
        oe1_0.event_type,
        oe1_0.payload,
        oe1_0.processed_at,
        oe1_0.retry_count,
        oe1_0.status,
        oe1_0.updated_at 
    from
        attendance_outbox oe1_0 
    where
        oe1_0.status in (?, ?) 
        and oe1_0.retry_count<?
Hibernate: 
    select
        oe1_0.id,
        oe1_0.aggregate_id,
        oe1_0.created_at,
        oe1_0.event_type,
        oe1_0.payload,
        oe1_0.processed_at,
        oe1_0.retry_count,
        oe1_0.status,
        oe1_0.updated_at 
    from
        attendance_outbox oe1_0 
    where
        oe1_0.status in (?, ?) 
        and oe1_0.retry_count<?
2026-09-16T00:49:48.665+02:00 DEBUG 13392 --- [shecancode-attendance-system] [   scheduling-1] org.hibernate.SQL                        : 
    select
        oe1_0.id,
        oe1_0.aggregate_id,
        oe1_0.created_at,
        oe1_0.event_type,
        oe1_0.payload,
        oe1_0.processed_at,
        oe1_0.retry_count,
        oe1_0.status,
        oe1_0.updated_at 
    from
        attendance_outbox oe1_0 
    where
        oe1_0.status in (?, ?) 
        and oe1_0.retry_count<?
Hibernate: 
    select
        oe1_0.id,
        oe1_0.aggregate_id,
        oe1_0.created_at,
        oe1_0.event_type,
        oe1_0.payload,
        oe1_0.processed_at,
        oe1_0.retry_count,
        oe1_0.status,
        oe1_0.updated_at 
    from
        attendance_outbox oe1_0 
    where
        oe1_0.status in (?, ?) 
        and oe1_0.retry_count<?
2026-09-16T00:49:53.685+02:00 DEBUG 13392 --- [shecancode-attendance-system] [   scheduling-1] org.hibernate.SQL                        : 
    select
        oe1_0.id,
        oe1_0.aggregate_id,
        oe1_0.created_at,
        oe1_0.event_type,
        oe1_0.payload,
        oe1_0.processed_at,
        oe1_0.retry_count,
        oe1_0.status,
        oe1_0.updated_at 
    from
        attendance_outbox oe1_0 
    where
        oe1_0.status in (?, ?) 
        and oe1_0.retry_count<?
Hibernate: 
    select
        oe1_0.id,
        oe1_0.aggregate_id,
        oe1_0.created_at,
        oe1_0.event_type,
        oe1_0.payload,
        oe1_0.processed_at,
        oe1_0.retry_count,
        oe1_0.status,
        oe1_0.updated_at 
    from
        attendance_outbox oe1_0 
    where
        oe1_0.status in (?, ?) 
        and oe1_0.retry_count<?
2026-09-16T00:49:58.717+02:00 DEBUG 13392 --- [shecancode-attendance-system] [   scheduling-1] org.hibernate.SQL                        : 
    select
        oe1_0.id,
        oe1_0.aggregate_id,
        oe1_0.created_at,
        oe1_0.event_type,
        oe1_0.payload,
        oe1_0.processed_at,
        oe1_0.retry_count,
        oe1_0.status,
        oe1_0.updated_at 
    from
        attendance_outbox oe1_0 
    where
        oe1_0.status in (?, ?) 
        and oe1_0.retry_count<?
Hibernate: 
    select
        oe1_0.id,
        oe1_0.aggregate_id,
        oe1_0.created_at,
        oe1_0.event_type,
        oe1_0.payload,
        oe1_0.processed_at,
        oe1_0.retry_count,
        oe1_0.status,
        oe1_0.updated_at 
    from
        attendance_outbox oe1_0 
    where
        oe1_0.status in (?, ?) 
        and oe1_0.retry_count<?
2026-09-16T00:50:03.749+02:00 DEBUG 13392 --- [shecancode-attendance-system] [   scheduling-1] org.hibernate.SQL                        : 
    select
        oe1_0.id,
        oe1_0.aggregate_id,
        oe1_0.created_at,
        oe1_0.event_type,
        oe1_0.payload,
        oe1_0.processed_at,
        oe1_0.retry_count,
        oe1_0.status,
        oe1_0.updated_at 
    from
        attendance_outbox oe1_0 
    where
        oe1_0.status in (?, ?) 
        and oe1_0.retry_count<?
Hibernate: 
    select
        oe1_0.id,
        oe1_0.aggregate_id,
        oe1_0.created_at,
        oe1_0.event_type,
        oe1_0.payload,
        oe1_0.processed_at,
        oe1_0.retry_count,
        oe1_0.status,
        oe1_0.updated_at 
    from
        attendance_outbox oe1_0 
    where
        oe1_0.status in (?, ?) 
        and oe1_0.retry_count<?
2026-09-16T00:50:08.764+02:00 DEBUG 13392 --- [shecancode-attendance-system] [   scheduling-1] org.hibernate.SQL                        : 
    select
        oe1_0.id,
        oe1_0.aggregate_id,
        oe1_0.created_at,
        oe1_0.event_type,
        oe1_0.payload,
        oe1_0.processed_at,
        oe1_0.retry_count,
        oe1_0.status,
        oe1_0.updated_at 
    from
        attendance_outbox oe1_0 
    where
        oe1_0.status in (?, ?) 
        and oe1_0.retry_count<?
Hibernate: 
    select
        oe1_0.id,
        oe1_0.aggregate_id,
        oe1_0.created_at,
        oe1_0.event_type,
        oe1_0.payload,
        oe1_0.processed_at,
        oe1_0.retry_count,
        oe1_0.status,
        oe1_0.updated_at 
    from
        attendance_outbox oe1_0 
    where
        oe1_0.status in (?, ?) 
        and oe1_0.retry_count<?
2026-09-16T00:50:13.784+02:00 DEBUG 13392 --- [shecancode-attendance-system] [   scheduling-1] org.hibernate.SQL                        : 
    select
        oe1_0.id,
        oe1_0.aggregate_id,
        oe1_0.created_at,
        oe1_0.event_type,
        oe1_0.payload,
        oe1_0.processed_at,
        oe1_0.retry_count,
        oe1_0.status,
        oe1_0.updated_at 
    from
        attendance_outbox oe1_0 
    where
        oe1_0.status in (?, ?) 
        and oe1_0.retry_count<?
Hibernate: 
    select
        oe1_0.id,
        oe1_0.aggregate_id,
        oe1_0.created_at,
        oe1_0.event_type,
        oe1_0.payload,
        oe1_0.processed_at,
        oe1_0.retry_count,
        oe1_0.status,
        oe1_0.updated_at 
    from
        attendance_outbox oe1_0 
    where
        oe1_0.status in (?, ?) 
        and oe1_0.retry_count<?
2026-09-16T00:50:18.804+02:00 DEBUG 13392 --- [shecancode-attendance-system] [   scheduling-1] org.hibernate.SQL                        : 
    select
        oe1_0.id,
        oe1_0.aggregate_id,
        oe1_0.created_at,
        oe1_0.event_type,
        oe1_0.payload,
        oe1_0.processed_at,
        oe1_0.retry_count,
        oe1_0.status,
        oe1_0.updated_at 
    from
        attendance_outbox oe1_0 
    where
        oe1_0.status in (?, ?) 
        and oe1_0.retry_count<?
Hibernate: 
    select
        oe1_0.id,
        oe1_0.aggregate_id,
        oe1_0.created_at,
        oe1_0.event_type,
        oe1_0.payload,
        oe1_0.processed_at,
        oe1_0.retry_count,
        oe1_0.status,
        oe1_0.updated_at 
    from
        attendance_outbox oe1_0 
    where
        oe1_0.status in (?, ?) 
        and oe1_0.retry_count<?
2026-09-16T00:50:23.820+02:00 DEBUG 13392 --- [shecancode-attendance-system] [   scheduling-1] org.hibernate.SQL                        : 
    select
        oe1_0.id,
        oe1_0.aggregate_id,
        oe1_0.created_at,
        oe1_0.event_type,
        oe1_0.payload,
        oe1_0.processed_at,
        oe1_0.retry_count,
        oe1_0.status,
        oe1_0.updated_at 
    from
        attendance_outbox oe1_0 
    where
        oe1_0.status in (?, ?) 
        and oe1_0.retry_count<?
Hibernate: 
    select
        oe1_0.id,
        oe1_0.aggregate_id,
        oe1_0.created_at,
        oe1_0.event_type,
        oe1_0.payload,
        oe1_0.processed_at,
        oe1_0.retry_count,
        oe1_0.status,
        oe1_0.updated_at 
    from
        attendance_outbox oe1_0 
    where
        oe1_0.status in (?, ?) 
        and oe1_0.retry_count<?
2026-09-16T00:50:28.834+02:00 DEBUG 13392 --- [shecancode-attendance-system] [   scheduling-1] org.hibernate.SQL                        : 
    select
        oe1_0.id,
        oe1_0.aggregate_id,
        oe1_0.created_at,
        oe1_0.event_type,
        oe1_0.payload,
        oe1_0.processed_at,
        oe1_0.retry_count,
        oe1_0.status,
        oe1_0.updated_at 
    from
        attendance_outbox oe1_0 
    where
        oe1_0.status in (?, ?) 
        and oe1_0.retry_count<?
Hibernate: 
    select
        oe1_0.id,
        oe1_0.aggregate_id,
        oe1_0.created_at,
        oe1_0.event_type,
        oe1_0.payload,
        oe1_0.processed_at,
        oe1_0.retry_count,
        oe1_0.status,
        oe1_0.updated_at 
    from
        attendance_outbox oe1_0 
    where
        oe1_0.status in (?, ?) 
        and oe1_0.retry_count<?
2026-09-16T00:50:33.858+02:00 DEBUG 13392 --- [shecancode-attendance-system] [   scheduling-1] org.hibernate.SQL                        : 
    select
        oe1_0.id,
        oe1_0.aggregate_id,
        oe1_0.created_at,
        oe1_0.event_type,
        oe1_0.payload,
        oe1_0.processed_at,
        oe1_0.retry_count,
        oe1_0.status,
        oe1_0.updated_at 
    from
        attendance_outbox oe1_0 
    where
        oe1_0.status in (?, ?) 
        and oe1_0.retry_count<?
Hibernate: 
    select
        oe1_0.id,
        oe1_0.aggregate_id,
        oe1_0.created_at,
        oe1_0.event_type,
        oe1_0.payload,
        oe1_0.processed_at,
        oe1_0.retry_count,
        oe1_0.status,
        oe1_0.updated_at 
    from
        attendance_outbox oe1_0 
    where
        oe1_0.status in (?, ?) 
        and oe1_0.retry_count<?
2026-09-16T00:50:38.881+02:00 DEBUG 13392 --- [shecancode-attendance-system] [   scheduling-1] org.hibernate.SQL                        : 
    select
        oe1_0.id,
        oe1_0.aggregate_id,
        oe1_0.created_at,
        oe1_0.event_type,
        oe1_0.payload,
        oe1_0.processed_at,
        oe1_0.retry_count,
        oe1_0.status,
        oe1_0.updated_at 
    from
        attendance_outbox oe1_0 
    where
        oe1_0.status in (?, ?) 
        and oe1_0.retry_count<?
Hibernate: 
    select
        oe1_0.id,
        oe1_0.aggregate_id,
        oe1_0.created_at,
        oe1_0.event_type,
        oe1_0.payload,
        oe1_0.processed_at,
        oe1_0.retry_count,
        oe1_0.status,
        oe1_0.updated_at 
    from
        attendance_outbox oe1_0 
    where
        oe1_0.status in (?, ?) 
        and oe1_0.retry_count<?
2026-09-16T00:50:43.902+02:00 DEBUG 13392 --- [shecancode-attendance-system] [   scheduling-1] org.hibernate.SQL                        : 
    select
        oe1_0.id,
        oe1_0.aggregate_id,
        oe1_0.created_at,
        oe1_0.event_type,
        oe1_0.payload,
        oe1_0.processed_at,
        oe1_0.retry_count,
        oe1_0.status,
        oe1_0.updated_at 
    from
        attendance_outbox oe1_0 
    where
        oe1_0.status in (?, ?) 
        and oe1_0.retry_count<?
Hibernate: 
    select
        oe1_0.id,
        oe1_0.aggregate_id,
        oe1_0.created_at,
        oe1_0.event_type,
        oe1_0.payload,
        oe1_0.processed_at,
        oe1_0.retry_count,
        oe1_0.status,
        oe1_0.updated_at 
    from
        attendance_outbox oe1_0 
    where
        oe1_0.status in (?, ?) 
        and oe1_0.retry_count<?
2026-09-16T00:50:48.930+02:00 DEBUG 13392 --- [shecancode-attendance-system] [   scheduling-1] org.hibernate.SQL                        : 
    select
        oe1_0.id,
        oe1_0.aggregate_id,
        oe1_0.created_at,
        oe1_0.event_type,
        oe1_0.payload,
        oe1_0.processed_at,
        oe1_0.retry_count,
        oe1_0.status,
        oe1_0.updated_at 
    from
        attendance_outbox oe1_0 
    where
        oe1_0.status in (?, ?) 
        and oe1_0.retry_count<?
Hibernate: 
    select
        oe1_0.id,
        oe1_0.aggregate_id,
        oe1_0.created_at,
        oe1_0.event_type,
        oe1_0.payload,
        oe1_0.processed_at,
        oe1_0.retry_count,
        oe1_0.status,
        oe1_0.updated_at 
    from
        attendance_outbox oe1_0 
    where
        oe1_0.status in (?, ?) 
        and oe1_0.retry_count<?
2026-09-16T00:50:53.963+02:00 DEBUG 13392 --- [shecancode-attendance-system] [   scheduling-1] org.hibernate.SQL                        : 
    select
        oe1_0.id,
        oe1_0.aggregate_id,
        oe1_0.created_at,
        oe1_0.event_type,
        oe1_0.payload,
        oe1_0.processed_at,
        oe1_0.retry_count,
        oe1_0.status,
        oe1_0.updated_at 
    from
        attendance_outbox oe1_0 
    where
        oe1_0.status in (?, ?) 
        and oe1_0.retry_count<?
Hibernate: 
    select
        oe1_0.id,
        oe1_0.aggregate_id,
        oe1_0.created_at,
        oe1_0.event_type,
        oe1_0.payload,
        oe1_0.processed_at,
        oe1_0.retry_count,
        oe1_0.status,
        oe1_0.updated_at 
    from
        attendance_outbox oe1_0 
    where
        oe1_0.status in (?, ?) 
        and oe1_0.retry_count<?
2026-09-16T00:50:58.990+02:00 DEBUG 13392 --- [shecancode-attendance-system] [   scheduling-1] org.hibernate.SQL                        : 
    select
        oe1_0.id,
        oe1_0.aggregate_id,
        oe1_0.created_at,
        oe1_0.event_type,
        oe1_0.payload,
        oe1_0.processed_at,
        oe1_0.retry_count,
        oe1_0.status,
        oe1_0.updated_at 
    from
        attendance_outbox oe1_0 
    where
        oe1_0.status in (?, ?) 
        and oe1_0.retry_count<?
Hibernate: 
    select
        oe1_0.id,
        oe1_0.aggregate_id,
        oe1_0.created_at,
        oe1_0.event_type,
        oe1_0.payload,
        oe1_0.processed_at,
        oe1_0.retry_count,
        oe1_0.status,
        oe1_0.updated_at 
    from
        attendance_outbox oe1_0 
    where
        oe1_0.status in (?, ?) 
        and oe1_0.retry_count<?
2026-09-16T00:51:04.002+02:00 DEBUG 13392 --- [shecancode-attendance-system] [   scheduling-1] org.hibernate.SQL                        : 
    select
        oe1_0.id,
        oe1_0.aggregate_id,
        oe1_0.created_at,
        oe1_0.event_type,
        oe1_0.payload,
        oe1_0.processed_at,
        oe1_0.retry_count,
        oe1_0.status,
        oe1_0.updated_at 
    from
        attendance_outbox oe1_0 
    where
        oe1_0.status in (?, ?) 
        and oe1_0.retry_count<?
Hibernate: 
    select
        oe1_0.id,
        oe1_0.aggregate_id,
        oe1_0.created_at,
        oe1_0.event_type,
        oe1_0.payload,
        oe1_0.processed_at,
        oe1_0.retry_count,
        oe1_0.status,
        oe1_0.updated_at 
    from
        attendance_outbox oe1_0 
    where
        oe1_0.status in (?, ?) 
        and oe1_0.retry_count<?
2026-09-16T00:51:09.021+02:00 DEBUG 13392 --- [shecancode-attendance-system] [   scheduling-1] org.hibernate.SQL                        : 
    select
        oe1_0.id,
        oe1_0.aggregate_id,
        oe1_0.created_at,
        oe1_0.event_type,
        oe1_0.payload,
        oe1_0.processed_at,
        oe1_0.retry_count,
        oe1_0.status,
        oe1_0.updated_at 
    from
        attendance_outbox oe1_0 
    where
        oe1_0.status in (?, ?) 
        and oe1_0.retry_count<?
Hibernate: 
    select
        oe1_0.id,
        oe1_0.aggregate_id,
        oe1_0.created_at,
        oe1_0.event_type,
        oe1_0.payload,
        oe1_0.processed_at,
        oe1_0.retry_count,
        oe1_0.status,
        oe1_0.updated_at 
    from
        attendance_outbox oe1_0 
    where
        oe1_0.status in (?, ?) 
        and oe1_0.retry_count<?
2026-09-16T00:51:14.041+02:00 DEBUG 13392 --- [shecancode-attendance-system] [   scheduling-1] org.hibernate.SQL                        : 
    select
        oe1_0.id,
        oe1_0.aggregate_id,
        oe1_0.created_at,
        oe1_0.event_type,
        oe1_0.payload,
        oe1_0.processed_at,
        oe1_0.retry_count,
        oe1_0.status,
        oe1_0.updated_at 
    from
        attendance_outbox oe1_0 
    where
        oe1_0.status in (?, ?) 
        and oe1_0.retry_count<?
Hibernate: 
    select
        oe1_0.id,
        oe1_0.aggregate_id,
        oe1_0.created_at,
        oe1_0.event_type,
        oe1_0.payload,
        oe1_0.processed_at,
        oe1_0.retry_count,
        oe1_0.status,
        oe1_0.updated_at 
    from
        attendance_outbox oe1_0 
    where
        oe1_0.status in (?, ?) 
        and oe1_0.retry_count<?
2026-09-16T00:51:19.062+02:00 DEBUG 13392 --- [shecancode-attendance-system] [   scheduling-1] org.hibernate.SQL                        : 
    select
        oe1_0.id,
        oe1_0.aggregate_id,
        oe1_0.created_at,
        oe1_0.event_type,
        oe1_0.payload,
        oe1_0.processed_at,
        oe1_0.retry_count,
        oe1_0.status,
        oe1_0.updated_at 
    from
        attendance_outbox oe1_0 
    where
        oe1_0.status in (?, ?) 
        and oe1_0.retry_count<?
Hibernate: 
    select
        oe1_0.id,
        oe1_0.aggregate_id,
        oe1_0.created_at,
        oe1_0.event_type,
        oe1_0.payload,
        oe1_0.processed_at,
        oe1_0.retry_count,
        oe1_0.status,
        oe1_0.updated_at 
    from
        attendance_outbox oe1_0 
    where
        oe1_0.status in (?, ?) 
        and oe1_0.retry_count<?
2026-09-16T00:51:24.076+02:00 DEBUG 13392 --- [shecancode-attendance-system] [   scheduling-1] org.hibernate.SQL                        : 
    select
        oe1_0.id,
        oe1_0.aggregate_id,
        oe1_0.created_at,
        oe1_0.event_type,
        oe1_0.payload,
        oe1_0.processed_at,
        oe1_0.retry_count,
        oe1_0.status,
        oe1_0.updated_at 
    from
        attendance_outbox oe1_0 
    where
        oe1_0.status in (?, ?) 
        and oe1_0.retry_count<?
Hibernate: 
    select
        oe1_0.id,
        oe1_0.aggregate_id,
        oe1_0.created_at,
        oe1_0.event_type,
        oe1_0.payload,
        oe1_0.processed_at,
        oe1_0.retry_count,
        oe1_0.status,
        oe1_0.updated_at 
    from
        attendance_outbox oe1_0 
    where
        oe1_0.status in (?, ?) 
        and oe1_0.retry_count<?
2026-09-16T00:51:29.097+02:00 DEBUG 13392 --- [shecancode-attendance-system] [   scheduling-1] org.hibernate.SQL                        : 
    select
        oe1_0.id,
        oe1_0.aggregate_id,
        oe1_0.created_at,
        oe1_0.event_type,
        oe1_0.payload,
        oe1_0.processed_at,
        oe1_0.retry_count,
        oe1_0.status,
        oe1_0.updated_at 
    from
        attendance_outbox oe1_0 
    where
        oe1_0.status in (?, ?) 
        and oe1_0.retry_count<?
Hibernate: 
    select
        oe1_0.id,
        oe1_0.aggregate_id,
        oe1_0.created_at,
        oe1_0.event_type,
        oe1_0.payload,
        oe1_0.processed_at,
        oe1_0.retry_count,
        oe1_0.status,
        oe1_0.updated_at 
    from
        attendance_outbox oe1_0 
    where
        oe1_0.status in (?, ?) 
        and oe1_0.retry_count<?
2026-09-16T00:51:34.120+02:00 DEBUG 13392 --- [shecancode-attendance-system] [   scheduling-1] org.hibernate.SQL                        : 
    select
        oe1_0.id,
        oe1_0.aggregate_id,
        oe1_0.created_at,
        oe1_0.event_type,
        oe1_0.payload,
        oe1_0.processed_at,
        oe1_0.retry_count,
        oe1_0.status,
        oe1_0.updated_at 
    from
        attendance_outbox oe1_0 
    where
        oe1_0.status in (?, ?) 
        and oe1_0.retry_count<?
Hibernate: 
    select
        oe1_0.id,
        oe1_0.aggregate_id,
        oe1_0.created_at,
        oe1_0.event_type,
        oe1_0.payload,
        oe1_0.processed_at,
        oe1_0.retry_count,
        oe1_0.status,
        oe1_0.updated_at 
    from
        attendance_outbox oe1_0 
    where
        oe1_0.status in (?, ?) 
        and oe1_0.retry_count<?
2026-09-16T00:51:39.141+02:00 DEBUG 13392 --- [shecancode-attendance-system] [   scheduling-1] org.hibernate.SQL                        : 
    select
        oe1_0.id,
        oe1_0.aggregate_id,
        oe1_0.created_at,
        oe1_0.event_type,
        oe1_0.payload,
        oe1_0.processed_at,
        oe1_0.retry_count,
        oe1_0.status,
        oe1_0.updated_at 
    from
        attendance_outbox oe1_0 
    where
        oe1_0.status in (?, ?) 
        and oe1_0.retry_count<?
Hibernate: 
    select
        oe1_0.id,
        oe1_0.aggregate_id,
        oe1_0.created_at,
        oe1_0.event_type,
        oe1_0.payload,
        oe1_0.processed_at,
        oe1_0.retry_count,
        oe1_0.status,
        oe1_0.updated_at 
    from
        attendance_outbox oe1_0 
    where
        oe1_0.status in (?, ?) 
        and oe1_0.retry_count<?
2026-09-16T00:51:44.165+02:00 DEBUG 13392 --- [shecancode-attendance-system] [   scheduling-1] org.hibernate.SQL                        : 
    select
        oe1_0.id,
        oe1_0.aggregate_id,
        oe1_0.created_at,
        oe1_0.event_type,
        oe1_0.payload,
        oe1_0.processed_at,
        oe1_0.retry_count,
        oe1_0.status,
        oe1_0.updated_at 
    from
        attendance_outbox oe1_0 
    where
        oe1_0.status in (?, ?) 
        and oe1_0.retry_count<?
Hibernate: 
    select
        oe1_0.id,
        oe1_0.aggregate_id,
        oe1_0.created_at,
        oe1_0.event_type,
        oe1_0.payload,
        oe1_0.processed_at,
        oe1_0.retry_count,
        oe1_0.status,
        oe1_0.updated_at 
    from
        attendance_outbox oe1_0 
    where
        oe1_0.status in (?, ?) 
        and oe1_0.retry_count<?
2026-09-16T00:51:49.188+02:00 DEBUG 13392 --- [shecancode-attendance-system] [   scheduling-1] org.hibernate.SQL                        : 
    select
        oe1_0.id,
        oe1_0.aggregate_id,
        oe1_0.created_at,
        oe1_0.event_type,
        oe1_0.payload,
        oe1_0.processed_at,
        oe1_0.retry_count,
        oe1_0.status,
        oe1_0.updated_at 
    from
        attendance_outbox oe1_0 
    where
        oe1_0.status in (?, ?) 
        and oe1_0.retry_count<?
Hibernate: 
    select
        oe1_0.id,
        oe1_0.aggregate_id,
        oe1_0.created_at,
        oe1_0.event_type,
        oe1_0.payload,
        oe1_0.processed_at,
        oe1_0.retry_count,
        oe1_0.status,
        oe1_0.updated_at 
    from
        attendance_outbox oe1_0 
    where
        oe1_0.status in (?, ?) 
        and oe1_0.retry_count<?
2026-09-16T00:51:54.220+02:00 DEBUG 13392 --- [shecancode-attendance-system] [   scheduling-1] org.hibernate.SQL                        : 
    select
        oe1_0.id,
        oe1_0.aggregate_id,
        oe1_0.created_at,
        oe1_0.event_type,
        oe1_0.payload,
        oe1_0.processed_at,
        oe1_0.retry_count,
        oe1_0.status,
        oe1_0.updated_at 
    from
        attendance_outbox oe1_0 
    where
        oe1_0.status in (?, ?) 
        and oe1_0.retry_count<?
Hibernate: 
    select
        oe1_0.id,
        oe1_0.aggregate_id,
        oe1_0.created_at,
        oe1_0.event_type,
        oe1_0.payload,
        oe1_0.processed_at,
        oe1_0.retry_count,
        oe1_0.status,
        oe1_0.updated_at 
    from
        attendance_outbox oe1_0 
    where
        oe1_0.status in (?, ?) 
        and oe1_0.retry_count<?
2026-09-16T00:51:59.253+02:00 DEBUG 13392 --- [shecancode-attendance-system] [   scheduling-1] org.hibernate.SQL                        : 
    select
        oe1_0.id,
        oe1_0.aggregate_id,
        oe1_0.created_at,
        oe1_0.event_type,
        oe1_0.payload,
        oe1_0.processed_at,
        oe1_0.retry_count,
        oe1_0.status,
        oe1_0.updated_at 
    from
        attendance_outbox oe1_0 
    where
        oe1_0.status in (?, ?) 
        and oe1_0.retry_count<?
Hibernate: 
    select
        oe1_0.id,
        oe1_0.aggregate_id,
        oe1_0.created_at,
        oe1_0.event_type,
        oe1_0.payload,
        oe1_0.processed_at,
        oe1_0.retry_count,
        oe1_0.status,
        oe1_0.updated_at 
    from
        attendance_outbox oe1_0 
    where
        oe1_0.status in (?, ?) 
        and oe1_0.retry_count<?
2026-09-16T00:52:04.279+02:00 DEBUG 13392 --- [shecancode-attendance-system] [   scheduling-1] org.hibernate.SQL                        : 
    select
        oe1_0.id,
        oe1_0.aggregate_id,
        oe1_0.created_at,
        oe1_0.event_type,
        oe1_0.payload,
        oe1_0.processed_at,
        oe1_0.retry_count,
        oe1_0.status,
        oe1_0.updated_at 
    from
        attendance_outbox oe1_0 
    where
        oe1_0.status in (?, ?) 
        and oe1_0.retry_count<?
Hibernate: 
    select
        oe1_0.id,
        oe1_0.aggregate_id,
        oe1_0.created_at,
        oe1_0.event_type,
        oe1_0.payload,
        oe1_0.processed_at,
        oe1_0.retry_count,
        oe1_0.status,
        oe1_0.updated_at 
    from
        attendance_outbox oe1_0 
    where
        oe1_0.status in (?, ?) 
        and oe1_0.retry_count<?
2026-09-16T00:52:09.306+02:00 DEBUG 13392 --- [shecancode-attendance-system] [   scheduling-1] org.hibernate.SQL                        : 
    select
        oe1_0.id,
        oe1_0.aggregate_id,
        oe1_0.created_at,
        oe1_0.event_type,
        oe1_0.payload,
        oe1_0.processed_at,
        oe1_0.retry_count,
        oe1_0.status,
        oe1_0.updated_at 
    from
        attendance_outbox oe1_0 
    where
        oe1_0.status in (?, ?) 
        and oe1_0.retry_count<?
Hibernate: 
    select
        oe1_0.id,
        oe1_0.aggregate_id,
        oe1_0.created_at,
        oe1_0.event_type,
        oe1_0.payload,
        oe1_0.processed_at,
        oe1_0.retry_count,
        oe1_0.status,
        oe1_0.updated_at 
    from
        attendance_outbox oe1_0 
    where
        oe1_0.status in (?, ?) 
        and oe1_0.retry_count<?
2026-09-16T00:52:14.326+02:00 DEBUG 13392 --- [shecancode-attendance-system] [   scheduling-1] org.hibernate.SQL                        : 
    select
        oe1_0.id,
        oe1_0.aggregate_id,
        oe1_0.created_at,
        oe1_0.event_type,
        oe1_0.payload,
        oe1_0.processed_at,
        oe1_0.retry_count,
        oe1_0.status,
        oe1_0.updated_at 
    from
        attendance_outbox oe1_0 
    where
        oe1_0.status in (?, ?) 
        and oe1_0.retry_count<?
Hibernate: 
    select
        oe1_0.id,
        oe1_0.aggregate_id,
        oe1_0.created_at,
        oe1_0.event_type,
        oe1_0.payload,
        oe1_0.processed_at,
        oe1_0.retry_count,
        oe1_0.status,
        oe1_0.updated_at 
    from
        attendance_outbox oe1_0 
    where
        oe1_0.status in (?, ?) 
        and oe1_0.retry_count<?
2026-09-16T00:52:19.347+02:00 DEBUG 13392 --- [shecancode-attendance-system] [   scheduling-1] org.hibernate.SQL                        : 
    select
        oe1_0.id,
        oe1_0.aggregate_id,
        oe1_0.created_at,
        oe1_0.event_type,
        oe1_0.payload,
        oe1_0.processed_at,
        oe1_0.retry_count,
        oe1_0.status,
        oe1_0.updated_at 
    from
        attendance_outbox oe1_0 
    where
        oe1_0.status in (?, ?) 
        and oe1_0.retry_count<?
Hibernate: 
    select
        oe1_0.id,
        oe1_0.aggregate_id,
        oe1_0.created_at,
        oe1_0.event_type,
        oe1_0.payload,
        oe1_0.processed_at,
        oe1_0.retry_count,
        oe1_0.status,
        oe1_0.updated_at 
    from
        attendance_outbox oe1_0 
    where
        oe1_0.status in (?, ?) 
        and oe1_0.retry_count<?
2026-09-16T00:52:24.365+02:00 DEBUG 13392 --- [shecancode-attendance-system] [   scheduling-1] org.hibernate.SQL                        : 
    select
        oe1_0.id,
        oe1_0.aggregate_id,
        oe1_0.created_at,
        oe1_0.event_type,
        oe1_0.payload,
        oe1_0.processed_at,
        oe1_0.retry_count,
        oe1_0.status,
        oe1_0.updated_at 
    from
        attendance_outbox oe1_0 
    where
        oe1_0.status in (?, ?) 
        and oe1_0.retry_count<?
Hibernate: 
    select
        oe1_0.id,
        oe1_0.aggregate_id,
        oe1_0.created_at,
        oe1_0.event_type,
        oe1_0.payload,
        oe1_0.processed_at,
        oe1_0.retry_count,
        oe1_0.status,
        oe1_0.updated_at 
    from
        attendance_outbox oe1_0 
    where
        oe1_0.status in (?, ?) 
        and oe1_0.retry_count<?
2026-09-16T00:52:29.382+02:00 DEBUG 13392 --- [shecancode-attendance-system] [   scheduling-1] org.hibernate.SQL                        : 
    select
        oe1_0.id,
        oe1_0.aggregate_id,
        oe1_0.created_at,
        oe1_0.event_type,
        oe1_0.payload,
        oe1_0.processed_at,
        oe1_0.retry_count,
        oe1_0.status,
        oe1_0.updated_at 
    from
        attendance_outbox oe1_0 
    where
        oe1_0.status in (?, ?) 
        and oe1_0.retry_count<?
Hibernate: 
    select
        oe1_0.id,
        oe1_0.aggregate_id,
        oe1_0.created_at,
        oe1_0.event_type,
        oe1_0.payload,
        oe1_0.processed_at,
        oe1_0.retry_count,
        oe1_0.status,
        oe1_0.updated_at 
    from
        attendance_outbox oe1_0 
    where
        oe1_0.status in (?, ?) 
        and oe1_0.retry_count<?
2026-09-16T00:52:34.407+02:00 DEBUG 13392 --- [shecancode-attendance-system] [   scheduling-1] org.hibernate.SQL                        : 
    select
        oe1_0.id,
        oe1_0.aggregate_id,
        oe1_0.created_at,
        oe1_0.event_type,
        oe1_0.payload,
        oe1_0.processed_at,
        oe1_0.retry_count,
        oe1_0.status,
        oe1_0.updated_at 
    from
        attendance_outbox oe1_0 
    where
        oe1_0.status in (?, ?) 
        and oe1_0.retry_count<?
Hibernate: 
    select
        oe1_0.id,
        oe1_0.aggregate_id,
        oe1_0.created_at,
        oe1_0.event_type,
        oe1_0.payload,
        oe1_0.processed_at,
        oe1_0.retry_count,
        oe1_0.status,
        oe1_0.updated_at 
    from
        attendance_outbox oe1_0 
    where
        oe1_0.status in (?, ?) 
        and oe1_0.retry_count<?
2026-09-16T00:52:39.430+02:00 DEBUG 13392 --- [shecancode-attendance-system] [   scheduling-1] org.hibernate.SQL                        : 
    select
        oe1_0.id,
        oe1_0.aggregate_id,
        oe1_0.created_at,
        oe1_0.event_type,
        oe1_0.payload,
        oe1_0.processed_at,
        oe1_0.retry_count,
        oe1_0.status,
        oe1_0.updated_at 
    from
        attendance_outbox oe1_0 
    where
        oe1_0.status in (?, ?) 
        and oe1_0.retry_count<?
Hibernate: 
    select
        oe1_0.id,
        oe1_0.aggregate_id,
        oe1_0.created_at,
        oe1_0.event_type,
        oe1_0.payload,
        oe1_0.processed_at,
        oe1_0.retry_count,
        oe1_0.status,
        oe1_0.updated_at 
    from
        attendance_outbox oe1_0 
    where
        oe1_0.status in (?, ?) 
        and oe1_0.retry_count<?
2026-09-16T00:52:44.449+02:00 DEBUG 13392 --- [shecancode-attendance-system] [   scheduling-1] org.hibernate.SQL                        : 
    select
        oe1_0.id,
        oe1_0.aggregate_id,
        oe1_0.created_at,
        oe1_0.event_type,
        oe1_0.payload,
        oe1_0.processed_at,
        oe1_0.retry_count,
        oe1_0.status,
        oe1_0.updated_at 
    from
        attendance_outbox oe1_0 
    where
        oe1_0.status in (?, ?) 
        and oe1_0.retry_count<?
Hibernate: 
    select
        oe1_0.id,
        oe1_0.aggregate_id,
        oe1_0.created_at,
        oe1_0.event_type,
        oe1_0.payload,
        oe1_0.processed_at,
        oe1_0.retry_count,
        oe1_0.status,
        oe1_0.updated_at 
    from
        attendance_outbox oe1_0 
    where
        oe1_0.status in (?, ?) 
        and oe1_0.retry_count<?
2026-09-16T00:52:49.475+02:00 DEBUG 13392 --- [shecancode-attendance-system] [   scheduling-1] org.hibernate.SQL                        : 
    select
        oe1_0.id,
        oe1_0.aggregate_id,
        oe1_0.created_at,
        oe1_0.event_type,
        oe1_0.payload,
        oe1_0.processed_at,
        oe1_0.retry_count,
        oe1_0.status,
        oe1_0.updated_at 
    from
        attendance_outbox oe1_0 
    where
        oe1_0.status in (?, ?) 
        and oe1_0.retry_count<?
Hibernate: 
    select
        oe1_0.id,
        oe1_0.aggregate_id,
        oe1_0.created_at,
        oe1_0.event_type,
        oe1_0.payload,
        oe1_0.processed_at,
        oe1_0.retry_count,
        oe1_0.status,
        oe1_0.updated_at 
    from
        attendance_outbox oe1_0 
    where
        oe1_0.status in (?, ?) 
        and oe1_0.retry_count<?
2026-09-16T00:52:54.495+02:00 DEBUG 13392 --- [shecancode-attendance-system] [   scheduling-1] org.hibernate.SQL                        : 
    select
        oe1_0.id,
        oe1_0.aggregate_id,
        oe1_0.created_at,
        oe1_0.event_type,
        oe1_0.payload,
        oe1_0.processed_at,
        oe1_0.retry_count,
        oe1_0.status,
        oe1_0.updated_at 
    from
        attendance_outbox oe1_0 
    where
        oe1_0.status in (?, ?) 
        and oe1_0.retry_count<?
Hibernate: 
    select
        oe1_0.id,
        oe1_0.aggregate_id,
        oe1_0.created_at,
        oe1_0.event_type,
        oe1_0.payload,
        oe1_0.processed_at,
        oe1_0.retry_count,
        oe1_0.status,
        oe1_0.updated_at 
    from
        attendance_outbox oe1_0 
    where
        oe1_0.status in (?, ?) 
        and oe1_0.retry_count<?
2026-09-16T00:52:59.507+02:00 DEBUG 13392 --- [shecancode-attendance-system] [   scheduling-1] org.hibernate.SQL                        : 
    select
        oe1_0.id,
        oe1_0.aggregate_id,
        oe1_0.created_at,
        oe1_0.event_type,
        oe1_0.payload,
        oe1_0.processed_at,
        oe1_0.retry_count,
        oe1_0.status,
        oe1_0.updated_at 
    from
        attendance_outbox oe1_0 
    where
        oe1_0.status in (?, ?) 
        and oe1_0.retry_count<?
Hibernate: 
    select
        oe1_0.id,
        oe1_0.aggregate_id,
        oe1_0.created_at,
        oe1_0.event_type,
        oe1_0.payload,
        oe1_0.processed_at,
        oe1_0.retry_count,
        oe1_0.status,
        oe1_0.updated_at 
    from
        attendance_outbox oe1_0 
    where
        oe1_0.status in (?, ?) 
        and oe1_0.retry_count<?
2026-09-16T00:53:04.530+02:00 DEBUG 13392 --- [shecancode-attendance-system] [   scheduling-1] org.hibernate.SQL                        : 
    select
        oe1_0.id,
        oe1_0.aggregate_id,
        oe1_0.created_at,
        oe1_0.event_type,
        oe1_0.payload,
        oe1_0.processed_at,
        oe1_0.retry_count,
        oe1_0.status,
        oe1_0.updated_at 
    from
        attendance_outbox oe1_0 
    where
        oe1_0.status in (?, ?) 
        and oe1_0.retry_count<?
Hibernate: 
    select
        oe1_0.id,
        oe1_0.aggregate_id,
        oe1_0.created_at,
        oe1_0.event_type,
        oe1_0.payload,
        oe1_0.processed_at,
        oe1_0.retry_count,
        oe1_0.status,
        oe1_0.updated_at 
    from
        attendance_outbox oe1_0 
    where
        oe1_0.status in (?, ?) 
        and oe1_0.retry_count<?
2026-09-16T00:53:09.547+02:00 DEBUG 13392 --- [shecancode-attendance-system] [   scheduling-1] org.hibernate.SQL                        : 
    select
        oe1_0.id,
        oe1_0.aggregate_id,
        oe1_0.created_at,
        oe1_0.event_type,
        oe1_0.payload,
        oe1_0.processed_at,
        oe1_0.retry_count,
        oe1_0.status,
        oe1_0.updated_at 
    from
        attendance_outbox oe1_0 
    where
        oe1_0.status in (?, ?) 
        and oe1_0.retry_count<?
Hibernate: 
    select
        oe1_0.id,
        oe1_0.aggregate_id,
        oe1_0.created_at,
        oe1_0.event_type,
        oe1_0.payload,
        oe1_0.processed_at,
        oe1_0.retry_count,
        oe1_0.status,
        oe1_0.updated_at 
    from
        attendance_outbox oe1_0 
    where
        oe1_0.status in (?, ?) 
        and oe1_0.retry_count<?
2026-09-16T00:53:14.560+02:00 DEBUG 13392 --- [shecancode-attendance-system] [   scheduling-1] org.hibernate.SQL                        : 
    select
        oe1_0.id,
        oe1_0.aggregate_id,
        oe1_0.created_at,
        oe1_0.event_type,
        oe1_0.payload,
        oe1_0.processed_at,
        oe1_0.retry_count,
        oe1_0.status,
        oe1_0.updated_at 
    from
        attendance_outbox oe1_0 
    where
        oe1_0.status in (?, ?) 
        and oe1_0.retry_count<?
Hibernate: 
    select
        oe1_0.id,
        oe1_0.aggregate_id,
        oe1_0.created_at,
        oe1_0.event_type,
        oe1_0.payload,
        oe1_0.processed_at,
        oe1_0.retry_count,
        oe1_0.status,
        oe1_0.updated_at 
    from
        attendance_outbox oe1_0 
    where
        oe1_0.status in (?, ?) 
        and oe1_0.retry_count<?
2026-09-16T00:53:19.581+02:00 DEBUG 13392 --- [shecancode-attendance-system] [   scheduling-1] org.hibernate.SQL                        : 
    select
        oe1_0.id,
        oe1_0.aggregate_id,
        oe1_0.created_at,
        oe1_0.event_type,
        oe1_0.payload,
        oe1_0.processed_at,
        oe1_0.retry_count,
        oe1_0.status,
        oe1_0.updated_at 
    from
        attendance_outbox oe1_0 
    where
        oe1_0.status in (?, ?) 
        and oe1_0.retry_count<?
Hibernate: 
    select
        oe1_0.id,
        oe1_0.aggregate_id,
        oe1_0.created_at,
        oe1_0.event_type,
        oe1_0.payload,
        oe1_0.processed_at,
        oe1_0.retry_count,
        oe1_0.status,
        oe1_0.updated_at 
    from
        attendance_outbox oe1_0 
    where
        oe1_0.status in (?, ?) 
        and oe1_0.retry_count<?
2026-09-16T00:53:24.598+02:00 DEBUG 13392 --- [shecancode-attendance-system] [   scheduling-1] org.hibernate.SQL                        : 
    select
        oe1_0.id,
        oe1_0.aggregate_id,
        oe1_0.created_at,
        oe1_0.event_type,
        oe1_0.payload,
        oe1_0.processed_at,
        oe1_0.retry_count,
        oe1_0.status,
        oe1_0.updated_at 
    from
        attendance_outbox oe1_0 
    where
        oe1_0.status in (?, ?) 
        and oe1_0.retry_count<?
Hibernate: 
    select
        oe1_0.id,
        oe1_0.aggregate_id,
        oe1_0.created_at,
        oe1_0.event_type,
        oe1_0.payload,
        oe1_0.processed_at,
        oe1_0.retry_count,
        oe1_0.status,
        oe1_0.updated_at 
    from
        attendance_outbox oe1_0 
    where
        oe1_0.status in (?, ?) 
        and oe1_0.retry_count<?
2026-09-16T00:53:29.619+02:00 DEBUG 13392 --- [shecancode-attendance-system] [   scheduling-1] org.hibernate.SQL                        : 
    select
        oe1_0.id,
        oe1_0.aggregate_id,
        oe1_0.created_at,
        oe1_0.event_type,
        oe1_0.payload,
        oe1_0.processed_at,
        oe1_0.retry_count,
        oe1_0.status,
        oe1_0.updated_at 
    from
        attendance_outbox oe1_0 
    where
        oe1_0.status in (?, ?) 
        and oe1_0.retry_count<?
Hibernate: 
    select
        oe1_0.id,
        oe1_0.aggregate_id,
        oe1_0.created_at,
        oe1_0.event_type,
        oe1_0.payload,
        oe1_0.processed_at,
        oe1_0.retry_count,
        oe1_0.status,
        oe1_0.updated_at 
    from
        attendance_outbox oe1_0 
    where
        oe1_0.status in (?, ?) 
        and oe1_0.retry_count<?
2026-09-16T00:53:34.636+02:00 DEBUG 13392 --- [shecancode-attendance-system] [   scheduling-1] org.hibernate.SQL                        : 
    select
        oe1_0.id,
        oe1_0.aggregate_id,
        oe1_0.created_at,
        oe1_0.event_type,
        oe1_0.payload,
        oe1_0.processed_at,
        oe1_0.retry_count,
        oe1_0.status,
        oe1_0.updated_at 
    from
        attendance_outbox oe1_0 
    where
        oe1_0.status in (?, ?) 
        and oe1_0.retry_count<?
Hibernate: 
    select
        oe1_0.id,
        oe1_0.aggregate_id,
        oe1_0.created_at,
        oe1_0.event_type,
        oe1_0.payload,
        oe1_0.processed_at,
        oe1_0.retry_count,
        oe1_0.status,
        oe1_0.updated_at 
    from
        attendance_outbox oe1_0 
    where
        oe1_0.status in (?, ?) 
        and oe1_0.retry_count<?
2026-09-16T00:53:39.655+02:00 DEBUG 13392 --- [shecancode-attendance-system] [   scheduling-1] org.hibernate.SQL                        : 
    select
        oe1_0.id,
        oe1_0.aggregate_id,
        oe1_0.created_at,
        oe1_0.event_type,
        oe1_0.payload,
        oe1_0.processed_at,
        oe1_0.retry_count,
        oe1_0.status,
        oe1_0.updated_at 
    from
        attendance_outbox oe1_0 
    where
        oe1_0.status in (?, ?) 
        and oe1_0.retry_count<?
Hibernate: 
    select
        oe1_0.id,
        oe1_0.aggregate_id,
        oe1_0.created_at,
        oe1_0.event_type,
        oe1_0.payload,
        oe1_0.processed_at,
        oe1_0.retry_count,
        oe1_0.status,
        oe1_0.updated_at 
    from
        attendance_outbox oe1_0 
    where
        oe1_0.status in (?, ?) 
        and oe1_0.retry_count<?
2026-09-16T00:53:44.682+02:00 DEBUG 13392 --- [shecancode-attendance-system] [   scheduling-1] org.hibernate.SQL                        : 
    select
        oe1_0.id,
        oe1_0.aggregate_id,
        oe1_0.created_at,
        oe1_0.event_type,
        oe1_0.payload,
        oe1_0.processed_at,
        oe1_0.retry_count,
        oe1_0.status,
        oe1_0.updated_at 
    from
        attendance_outbox oe1_0 
    where
        oe1_0.status in (?, ?) 
        and oe1_0.retry_count<?
Hibernate: 
    select
        oe1_0.id,
        oe1_0.aggregate_id,
        oe1_0.created_at,
        oe1_0.event_type,
        oe1_0.payload,
        oe1_0.processed_at,
        oe1_0.retry_count,
        oe1_0.status,
        oe1_0.updated_at 
    from
        attendance_outbox oe1_0 
    where
        oe1_0.status in (?, ?) 
        and oe1_0.retry_count<?
2026-09-16T00:53:49.701+02:00 DEBUG 13392 --- [shecancode-attendance-system] [   scheduling-1] org.hibernate.SQL                        : 
    select
        oe1_0.id,
        oe1_0.aggregate_id,
        oe1_0.created_at,
        oe1_0.event_type,
        oe1_0.payload,
        oe1_0.processed_at,
        oe1_0.retry_count,
        oe1_0.status,
        oe1_0.updated_at 
    from
        attendance_outbox oe1_0 
    where
        oe1_0.status in (?, ?) 
        and oe1_0.retry_count<?
Hibernate: 
    select
        oe1_0.id,
        oe1_0.aggregate_id,
        oe1_0.created_at,
        oe1_0.event_type,
        oe1_0.payload,
        oe1_0.processed_at,
        oe1_0.retry_count,
        oe1_0.status,
        oe1_0.updated_at 
    from
        attendance_outbox oe1_0 
    where
        oe1_0.status in (?, ?) 
        and oe1_0.retry_count<?
2026-09-16T00:53:54.745+02:00 DEBUG 13392 --- [shecancode-attendance-system] [   scheduling-1] org.hibernate.SQL                        : 
    select
        oe1_0.id,
        oe1_0.aggregate_id,
        oe1_0.created_at,
        oe1_0.event_type,
        oe1_0.payload,
        oe1_0.processed_at,
        oe1_0.retry_count,
        oe1_0.status,
        oe1_0.updated_at 
    from
        attendance_outbox oe1_0 
    where
        oe1_0.status in (?, ?) 
        and oe1_0.retry_count<?
Hibernate: 
    select
        oe1_0.id,
        oe1_0.aggregate_id,
        oe1_0.created_at,
        oe1_0.event_type,
        oe1_0.payload,
        oe1_0.processed_at,
        oe1_0.retry_count,
        oe1_0.status,
        oe1_0.updated_at 
    from
        attendance_outbox oe1_0 
    where
        oe1_0.status in (?, ?) 
        and oe1_0.retry_count<?
2026-09-16T00:53:59.771+02:00 DEBUG 13392 --- [shecancode-attendance-system] [   scheduling-1] org.hibernate.SQL                        : 
    select
        oe1_0.id,
        oe1_0.aggregate_id,
        oe1_0.created_at,
        oe1_0.event_type,
        oe1_0.payload,
        oe1_0.processed_at,
        oe1_0.retry_count,
        oe1_0.status,
        oe1_0.updated_at 
    from
        attendance_outbox oe1_0 
    where
        oe1_0.status in (?, ?) 
        and oe1_0.retry_count<?
Hibernate: 
    select
        oe1_0.id,
        oe1_0.aggregate_id,
        oe1_0.created_at,
        oe1_0.event_type,
        oe1_0.payload,
        oe1_0.processed_at,
        oe1_0.retry_count,
        oe1_0.status,
        oe1_0.updated_at 
    from
        attendance_outbox oe1_0 
    where
        oe1_0.status in (?, ?) 
        and oe1_0.retry_count<?
2026-09-16T00:54:04.794+02:00 DEBUG 13392 --- [shecancode-attendance-system] [   scheduling-1] org.hibernate.SQL                        : 
    select
        oe1_0.id,
        oe1_0.aggregate_id,
        oe1_0.created_at,
        oe1_0.event_type,
        oe1_0.payload,
        oe1_0.processed_at,
        oe1_0.retry_count,
        oe1_0.status,
        oe1_0.updated_at 
    from
        attendance_outbox oe1_0 
    where
        oe1_0.status in (?, ?) 
        and oe1_0.retry_count<?
Hibernate: 
    select
        oe1_0.id,
        oe1_0.aggregate_id,
        oe1_0.created_at,
        oe1_0.event_type,
        oe1_0.payload,
        oe1_0.processed_at,
        oe1_0.retry_count,
        oe1_0.status,
        oe1_0.updated_at 
    from
        attendance_outbox oe1_0 
    where
        oe1_0.status in (?, ?) 
        and oe1_0.retry_count<?
2026-09-16T00:54:09.819+02:00 DEBUG 13392 --- [shecancode-attendance-system] [   scheduling-1] org.hibernate.SQL                        : 
    select
        oe1_0.id,
        oe1_0.aggregate_id,
        oe1_0.created_at,
        oe1_0.event_type,
        oe1_0.payload,
        oe1_0.processed_at,
        oe1_0.retry_count,
        oe1_0.status,
        oe1_0.updated_at 
    from
        attendance_outbox oe1_0 
    where
        oe1_0.status in (?, ?) 
        and oe1_0.retry_count<?
Hibernate: 
    select
        oe1_0.id,
        oe1_0.aggregate_id,
        oe1_0.created_at,
        oe1_0.event_type,
        oe1_0.payload,
        oe1_0.processed_at,
        oe1_0.retry_count,
        oe1_0.status,
        oe1_0.updated_at 
    from
        attendance_outbox oe1_0 
    where
        oe1_0.status in (?, ?) 
        and oe1_0.retry_count<?
2026-09-16T00:54:14.846+02:00 DEBUG 13392 --- [shecancode-attendance-system] [   scheduling-1] org.hibernate.SQL                        : 
    select
        oe1_0.id,
        oe1_0.aggregate_id,
        oe1_0.created_at,
        oe1_0.event_type,
        oe1_0.payload,
        oe1_0.processed_at,
        oe1_0.retry_count,
        oe1_0.status,
        oe1_0.updated_at 
    from
        attendance_outbox oe1_0 
    where
        oe1_0.status in (?, ?) 
        and oe1_0.retry_count<?
Hibernate: 
    select
        oe1_0.id,
        oe1_0.aggregate_id,
        oe1_0.created_at,
        oe1_0.event_type,
        oe1_0.payload,
        oe1_0.processed_at,
        oe1_0.retry_count,
        oe1_0.status,
        oe1_0.updated_at 
    from
        attendance_outbox oe1_0 
    where
        oe1_0.status in (?, ?) 
        and oe1_0.retry_count<?
2026-09-16T00:54:19.870+02:00 DEBUG 13392 --- [shecancode-attendance-system] [   scheduling-1] org.hibernate.SQL                        : 
    select
        oe1_0.id,
        oe1_0.aggregate_id,
        oe1_0.created_at,
        oe1_0.event_type,
        oe1_0.payload,
        oe1_0.processed_at,
        oe1_0.retry_count,
        oe1_0.status,
        oe1_0.updated_at 
    from
        attendance_outbox oe1_0 
    where
        oe1_0.status in (?, ?) 
        and oe1_0.retry_count<?
Hibernate: 
    select
        oe1_0.id,
        oe1_0.aggregate_id,
        oe1_0.created_at,
        oe1_0.event_type,
        oe1_0.payload,
        oe1_0.processed_at,
        oe1_0.retry_count,
        oe1_0.status,
        oe1_0.updated_at 
    from
        attendance_outbox oe1_0 
    where
        oe1_0.status in (?, ?) 
        and oe1_0.retry_count<?
2026-09-16T00:54:24.881+02:00 DEBUG 13392 --- [shecancode-attendance-system] [   scheduling-1] org.hibernate.SQL                        : 
    select
        oe1_0.id,
        oe1_0.aggregate_id,
        oe1_0.created_at,
        oe1_0.event_type,
        oe1_0.payload,
        oe1_0.processed_at,
        oe1_0.retry_count,
        oe1_0.status,
        oe1_0.updated_at 
    from
        attendance_outbox oe1_0 
    where
        oe1_0.status in (?, ?) 
        and oe1_0.retry_count<?
Hibernate: 
    select
        oe1_0.id,
        oe1_0.aggregate_id,
        oe1_0.created_at,
        oe1_0.event_type,
        oe1_0.payload,
        oe1_0.processed_at,
        oe1_0.retry_count,
        oe1_0.status,
        oe1_0.updated_at 
    from
        attendance_outbox oe1_0 
    where
        oe1_0.status in (?, ?) 
        and oe1_0.retry_count<?
2026-09-16T00:54:29.899+02:00 DEBUG 13392 --- [shecancode-attendance-system] [   scheduling-1] org.hibernate.SQL                        : 
    select
        oe1_0.id,
        oe1_0.aggregate_id,
        oe1_0.created_at,
        oe1_0.event_type,
        oe1_0.payload,
        oe1_0.processed_at,
        oe1_0.retry_count,
        oe1_0.status,
        oe1_0.updated_at 
    from
        attendance_outbox oe1_0 
    where
        oe1_0.status in (?, ?) 
        and oe1_0.retry_count<?
Hibernate: 
    select
        oe1_0.id,
        oe1_0.aggregate_id,
        oe1_0.created_at,
        oe1_0.event_type,
        oe1_0.payload,
        oe1_0.processed_at,
        oe1_0.retry_count,
        oe1_0.status,
        oe1_0.updated_at 
    from
        attendance_outbox oe1_0 
    where
        oe1_0.status in (?, ?) 
        and oe1_0.retry_count<?
2026-09-16T00:54:34.913+02:00 DEBUG 13392 --- [shecancode-attendance-system] [   scheduling-1] org.hibernate.SQL                        : 
    select
        oe1_0.id,
        oe1_0.aggregate_id,
        oe1_0.created_at,
        oe1_0.event_type,
        oe1_0.payload,
        oe1_0.processed_at,
        oe1_0.retry_count,
        oe1_0.status,
        oe1_0.updated_at 
    from
        attendance_outbox oe1_0 
    where
        oe1_0.status in (?, ?) 
        and oe1_0.retry_count<?
Hibernate: 
    select
        oe1_0.id,
        oe1_0.aggregate_id,
        oe1_0.created_at,
        oe1_0.event_type,
        oe1_0.payload,
        oe1_0.processed_at,
        oe1_0.retry_count,
        oe1_0.status,
        oe1_0.updated_at 
    from
        attendance_outbox oe1_0 
    where
        oe1_0.status in (?, ?) 
        and oe1_0.retry_count<?
2026-09-16T00:54:39.931+02:00 DEBUG 13392 --- [shecancode-attendance-system] [   scheduling-1] org.hibernate.SQL                        : 
    select
        oe1_0.id,
        oe1_0.aggregate_id,
        oe1_0.created_at,
        oe1_0.event_type,
        oe1_0.payload,
        oe1_0.processed_at,
        oe1_0.retry_count,
        oe1_0.status,
        oe1_0.updated_at 
    from
        attendance_outbox oe1_0 
    where
        oe1_0.status in (?, ?) 
        and oe1_0.retry_count<?
Hibernate: 
    select
        oe1_0.id,
        oe1_0.aggregate_id,
        oe1_0.created_at,
        oe1_0.event_type,
        oe1_0.payload,
        oe1_0.processed_at,
        oe1_0.retry_count,
        oe1_0.status,
        oe1_0.updated_at 
    from
        attendance_outbox oe1_0 
    where
        oe1_0.status in (?, ?) 
        and oe1_0.retry_count<?
2026-09-16T00:54:44.954+02:00 DEBUG 13392 --- [shecancode-attendance-system] [   scheduling-1] org.hibernate.SQL                        : 
    select
        oe1_0.id,
        oe1_0.aggregate_id,
        oe1_0.created_at,
        oe1_0.event_type,
        oe1_0.payload,
        oe1_0.processed_at,
        oe1_0.retry_count,
        oe1_0.status,
        oe1_0.updated_at 
    from
        attendance_outbox oe1_0 
    where
        oe1_0.status in (?, ?) 
        and oe1_0.retry_count<?
Hibernate: 
    select
        oe1_0.id,
        oe1_0.aggregate_id,
        oe1_0.created_at,
        oe1_0.event_type,
        oe1_0.payload,
        oe1_0.processed_at,
        oe1_0.retry_count,
        oe1_0.status,
        oe1_0.updated_at 
    from
        attendance_outbox oe1_0 
    where
        oe1_0.status in (?, ?) 
        and oe1_0.retry_count<?
2026-09-16T00:54:49.979+02:00 DEBUG 13392 --- [shecancode-attendance-system] [   scheduling-1] org.hibernate.SQL                        : 
    select
        oe1_0.id,
        oe1_0.aggregate_id,
        oe1_0.created_at,
        oe1_0.event_type,
        oe1_0.payload,
        oe1_0.processed_at,
        oe1_0.retry_count,
        oe1_0.status,
        oe1_0.updated_at 
    from
        attendance_outbox oe1_0 
    where
        oe1_0.status in (?, ?) 
        and oe1_0.retry_count<?
Hibernate: 
    select
        oe1_0.id,
        oe1_0.aggregate_id,
        oe1_0.created_at,
        oe1_0.event_type,
        oe1_0.payload,
        oe1_0.processed_at,
        oe1_0.retry_count,
        oe1_0.status,
        oe1_0.updated_at 
    from
        attendance_outbox oe1_0 
    where
        oe1_0.status in (?, ?) 
        and oe1_0.retry_count<?
2026-09-16T00:54:54.999+02:00 DEBUG 13392 --- [shecancode-attendance-system] [   scheduling-1] org.hibernate.SQL                        : 
    select
        oe1_0.id,
        oe1_0.aggregate_id,
        oe1_0.created_at,
        oe1_0.event_type,
        oe1_0.payload,
        oe1_0.processed_at,
        oe1_0.retry_count,
        oe1_0.status,
        oe1_0.updated_at 
    from
        attendance_outbox oe1_0 
    where
        oe1_0.status in (?, ?) 
        and oe1_0.retry_count<?
Hibernate: 
    select
        oe1_0.id,
        oe1_0.aggregate_id,
        oe1_0.created_at,
        oe1_0.event_type,
        oe1_0.payload,
        oe1_0.processed_at,
        oe1_0.retry_count,
        oe1_0.status,
        oe1_0.updated_at 
    from
        attendance_outbox oe1_0 
    where
        oe1_0.status in (?, ?) 
        and oe1_0.retry_count<?
2026-09-16T00:55:00.056+02:00 DEBUG 13392 --- [shecancode-attendance-system] [   scheduling-1] org.hibernate.SQL                        : 
    select
        oe1_0.id,
        oe1_0.aggregate_id,
        oe1_0.created_at,
        oe1_0.event_type,
        oe1_0.payload,
        oe1_0.processed_at,
        oe1_0.retry_count,
        oe1_0.status,
        oe1_0.updated_at 
    from
        attendance_outbox oe1_0 
    where
        oe1_0.status in (?, ?) 
        and oe1_0.retry_count<?
Hibernate: 
    select
        oe1_0.id,
        oe1_0.aggregate_id,
        oe1_0.created_at,
        oe1_0.event_type,
        oe1_0.payload,
        oe1_0.processed_at,
        oe1_0.retry_count,
        oe1_0.status,
        oe1_0.updated_at 
    from
        attendance_outbox oe1_0 
    where
        oe1_0.status in (?, ?) 
        and oe1_0.retry_count<?
2026-09-16T00:55:05.094+02:00 DEBUG 13392 --- [shecancode-attendance-system] [   scheduling-1] org.hibernate.SQL                        : 
    select
        oe1_0.id,
        oe1_0.aggregate_id,
        oe1_0.created_at,
        oe1_0.event_type,
        oe1_0.payload,
        oe1_0.processed_at,
        oe1_0.retry_count,
        oe1_0.status,
        oe1_0.updated_at 
    from
        attendance_outbox oe1_0 
    where
        oe1_0.status in (?, ?) 
        and oe1_0.retry_count<?
Hibernate: 
    select
        oe1_0.id,
        oe1_0.aggregate_id,
        oe1_0.created_at,
        oe1_0.event_type,
        oe1_0.payload,
        oe1_0.processed_at,
        oe1_0.retry_count,
        oe1_0.status,
        oe1_0.updated_at 
    from
        attendance_outbox oe1_0 
    where
        oe1_0.status in (?, ?) 
        and oe1_0.retry_count<?
2026-09-16T00:55:10.119+02:00 DEBUG 13392 --- [shecancode-attendance-system] [   scheduling-1] org.hibernate.SQL                        : 
    select
        oe1_0.id,
        oe1_0.aggregate_id,
        oe1_0.created_at,
        oe1_0.event_type,
        oe1_0.payload,
        oe1_0.processed_at,
        oe1_0.retry_count,
        oe1_0.status,
        oe1_0.updated_at 
    from
        attendance_outbox oe1_0 
    where
        oe1_0.status in (?, ?) 
        and oe1_0.retry_count<?
Hibernate: 
    select
        oe1_0.id,
        oe1_0.aggregate_id,
        oe1_0.created_at,
        oe1_0.event_type,
        oe1_0.payload,
        oe1_0.processed_at,
        oe1_0.retry_count,
        oe1_0.status,
        oe1_0.updated_at 
    from
        attendance_outbox oe1_0 
    where
        oe1_0.status in (?, ?) 
        and oe1_0.retry_count<?
2026-09-16T00:55:15.143+02:00 DEBUG 13392 --- [shecancode-attendance-system] [   scheduling-1] org.hibernate.SQL                        : 
    select
        oe1_0.id,
        oe1_0.aggregate_id,
        oe1_0.created_at,
        oe1_0.event_type,
        oe1_0.payload,
        oe1_0.processed_at,
        oe1_0.retry_count,
        oe1_0.status,
        oe1_0.updated_at 
    from
        attendance_outbox oe1_0 
    where
        oe1_0.status in (?, ?) 
        and oe1_0.retry_count<?
Hibernate: 
    select
        oe1_0.id,
        oe1_0.aggregate_id,
        oe1_0.created_at,
        oe1_0.event_type,
        oe1_0.payload,
        oe1_0.processed_at,
        oe1_0.retry_count,
        oe1_0.status,
        oe1_0.updated_at 
    from
        attendance_outbox oe1_0 
    where
        oe1_0.status in (?, ?) 
        and oe1_0.retry_count<?
2026-09-16T00:55:20.176+02:00 DEBUG 13392 --- [shecancode-attendance-system] [   scheduling-1] org.hibernate.SQL                        : 
    select
        oe1_0.id,
        oe1_0.aggregate_id,
        oe1_0.created_at,
        oe1_0.event_type,
        oe1_0.payload,
        oe1_0.processed_at,
        oe1_0.retry_count,
        oe1_0.status,
        oe1_0.updated_at 
    from
        attendance_outbox oe1_0 
    where
        oe1_0.status in (?, ?) 
        and oe1_0.retry_count<?
Hibernate: 
    select
        oe1_0.id,
        oe1_0.aggregate_id,
        oe1_0.created_at,
        oe1_0.event_type,
        oe1_0.payload,
        oe1_0.processed_at,
        oe1_0.retry_count,
        oe1_0.status,
        oe1_0.updated_at 
    from
        attendance_outbox oe1_0 
    where
        oe1_0.status in (?, ?) 
        and oe1_0.retry_count<?
2026-09-16T00:55:25.196+02:00 DEBUG 13392 --- [shecancode-attendance-system] [   scheduling-1] org.hibernate.SQL                        : 
    select
        oe1_0.id,
        oe1_0.aggregate_id,
        oe1_0.created_at,
        oe1_0.event_type,
        oe1_0.payload,
        oe1_0.processed_at,
        oe1_0.retry_count,
        oe1_0.status,
        oe1_0.updated_at 
    from
        attendance_outbox oe1_0 
    where
        oe1_0.status in (?, ?) 
        and oe1_0.retry_count<?
Hibernate: 
    select
        oe1_0.id,
        oe1_0.aggregate_id,
        oe1_0.created_at,
        oe1_0.event_type,
        oe1_0.payload,
        oe1_0.processed_at,
        oe1_0.retry_count,
        oe1_0.status,
        oe1_0.updated_at 
    from
        attendance_outbox oe1_0 
    where
        oe1_0.status in (?, ?) 
        and oe1_0.retry_count<?
2026-09-16T00:55:30.218+02:00 DEBUG 13392 --- [shecancode-attendance-system] [   scheduling-1] org.hibernate.SQL                        : 
    select
        oe1_0.id,
        oe1_0.aggregate_id,
        oe1_0.created_at,
        oe1_0.event_type,
        oe1_0.payload,
        oe1_0.processed_at,
        oe1_0.retry_count,
        oe1_0.status,
        oe1_0.updated_at 
    from
        attendance_outbox oe1_0 
    where
        oe1_0.status in (?, ?) 
        and oe1_0.retry_count<?
Hibernate: 
    select
        oe1_0.id,
        oe1_0.aggregate_id,
        oe1_0.created_at,
        oe1_0.event_type,
        oe1_0.payload,
        oe1_0.processed_at,
        oe1_0.retry_count,
        oe1_0.status,
        oe1_0.updated_at 
    from
        attendance_outbox oe1_0 
    where
        oe1_0.status in (?, ?) 
        and oe1_0.retry_count<?
2026-09-16T00:55:35.240+02:00 DEBUG 13392 --- [shecancode-attendance-system] [   scheduling-1] org.hibernate.SQL                        : 
    select
        oe1_0.id,
        oe1_0.aggregate_id,
        oe1_0.created_at,
        oe1_0.event_type,
        oe1_0.payload,
        oe1_0.processed_at,
        oe1_0.retry_count,
        oe1_0.status,
        oe1_0.updated_at 
    from
        attendance_outbox oe1_0 
    where
        oe1_0.status in (?, ?) 
        and oe1_0.retry_count<?
Hibernate: 
    select
        oe1_0.id,
        oe1_0.aggregate_id,
        oe1_0.created_at,
        oe1_0.event_type,
        oe1_0.payload,
        oe1_0.processed_at,
        oe1_0.retry_count,
        oe1_0.status,
        oe1_0.updated_at 
    from
        attendance_outbox oe1_0 
    where
        oe1_0.status in (?, ?) 
        and oe1_0.retry_count<?
2026-09-16T00:55:40.250+02:00 DEBUG 13392 --- [shecancode-attendance-system] [   scheduling-1] org.hibernate.SQL                        : 
    select
        oe1_0.id,
        oe1_0.aggregate_id,
        oe1_0.created_at,
        oe1_0.event_type,
        oe1_0.payload,
        oe1_0.processed_at,
        oe1_0.retry_count,
        oe1_0.status,
        oe1_0.updated_at 
    from
        attendance_outbox oe1_0 
    where
        oe1_0.status in (?, ?) 
        and oe1_0.retry_count<?
Hibernate: 
    select
        oe1_0.id,
        oe1_0.aggregate_id,
        oe1_0.created_at,
        oe1_0.event_type,
        oe1_0.payload,
        oe1_0.processed_at,
        oe1_0.retry_count,
        oe1_0.status,
        oe1_0.updated_at 
    from
        attendance_outbox oe1_0 
    where
        oe1_0.status in (?, ?) 
        and oe1_0.retry_count<?
2026-09-16T00:55:45.268+02:00 DEBUG 13392 --- [shecancode-attendance-system] [   scheduling-1] org.hibernate.SQL                        : 
    select
        oe1_0.id,
        oe1_0.aggregate_id,
        oe1_0.created_at,
        oe1_0.event_type,
        oe1_0.payload,
        oe1_0.processed_at,
        oe1_0.retry_count,
        oe1_0.status,
        oe1_0.updated_at 
    from
        attendance_outbox oe1_0 
    where
        oe1_0.status in (?, ?) 
        and oe1_0.retry_count<?
Hibernate: 
    select
        oe1_0.id,
        oe1_0.aggregate_id,
        oe1_0.created_at,
        oe1_0.event_type,
        oe1_0.payload,
        oe1_0.processed_at,
        oe1_0.retry_count,
        oe1_0.status,
        oe1_0.updated_at 
    from
        attendance_outbox oe1_0 
    where
        oe1_0.status in (?, ?) 
        and oe1_0.retry_count<?
2026-09-16T00:55:50.282+02:00 DEBUG 13392 --- [shecancode-attendance-system] [   scheduling-1] org.hibernate.SQL                        : 
    select
        oe1_0.id,
        oe1_0.aggregate_id,
        oe1_0.created_at,
        oe1_0.event_type,
        oe1_0.payload,
        oe1_0.processed_at,
        oe1_0.retry_count,
        oe1_0.status,
        oe1_0.updated_at 
    from
        attendance_outbox oe1_0 
    where
        oe1_0.status in (?, ?) 
        and oe1_0.retry_count<?
Hibernate: 
    select
        oe1_0.id,
        oe1_0.aggregate_id,
        oe1_0.created_at,
        oe1_0.event_type,
        oe1_0.payload,
        oe1_0.processed_at,
        oe1_0.retry_count,
        oe1_0.status,
        oe1_0.updated_at 
    from
        attendance_outbox oe1_0 
    where
        oe1_0.status in (?, ?) 
        and oe1_0.retry_count<?
2026-09-16T00:55:55.314+02:00 DEBUG 13392 --- [shecancode-attendance-system] [   scheduling-1] org.hibernate.SQL                        : 
    select
        oe1_0.id,
        oe1_0.aggregate_id,
        oe1_0.created_at,
        oe1_0.event_type,
        oe1_0.payload,
        oe1_0.processed_at,
        oe1_0.retry_count,
        oe1_0.status,
        oe1_0.updated_at 
    from
        attendance_outbox oe1_0 
    where
        oe1_0.status in (?, ?) 
        and oe1_0.retry_count<?
Hibernate: 
    select
        oe1_0.id,
        oe1_0.aggregate_id,
        oe1_0.created_at,
        oe1_0.event_type,
        oe1_0.payload,
        oe1_0.processed_at,
        oe1_0.retry_count,
        oe1_0.status,
        oe1_0.updated_at 
    from
        attendance_outbox oe1_0 
    where
        oe1_0.status in (?, ?) 
        and oe1_0.retry_count<?
2026-09-16T00:56:00.340+02:00 DEBUG 13392 --- [shecancode-attendance-system] [   scheduling-1] org.hibernate.SQL                        : 
    select
        oe1_0.id,
        oe1_0.aggregate_id,
        oe1_0.created_at,
        oe1_0.event_type,
        oe1_0.payload,
        oe1_0.processed_at,
        oe1_0.retry_count,
        oe1_0.status,
        oe1_0.updated_at 
    from
        attendance_outbox oe1_0 
    where
        oe1_0.status in (?, ?) 
        and oe1_0.retry_count<?
Hibernate: 
    select
        oe1_0.id,
        oe1_0.aggregate_id,
        oe1_0.created_at,
        oe1_0.event_type,
        oe1_0.payload,
        oe1_0.processed_at,
        oe1_0.retry_count,
        oe1_0.status,
        oe1_0.updated_at 
    from
        attendance_outbox oe1_0 
    where
        oe1_0.status in (?, ?) 
        and oe1_0.retry_count<?
2026-09-16T00:56:05.375+02:00 DEBUG 13392 --- [shecancode-attendance-system] [   scheduling-1] org.hibernate.SQL                        : 
    select
        oe1_0.id,
        oe1_0.aggregate_id,
        oe1_0.created_at,
        oe1_0.event_type,
        oe1_0.payload,
        oe1_0.processed_at,
        oe1_0.retry_count,
        oe1_0.status,
        oe1_0.updated_at 
    from
        attendance_outbox oe1_0 
    where
        oe1_0.status in (?, ?) 
        and oe1_0.retry_count<?
Hibernate: 
    select
        oe1_0.id,
        oe1_0.aggregate_id,
        oe1_0.created_at,
        oe1_0.event_type,
        oe1_0.payload,
        oe1_0.processed_at,
        oe1_0.retry_count,
        oe1_0.status,
        oe1_0.updated_at 
    from
        attendance_outbox oe1_0 
    where
        oe1_0.status in (?, ?) 
        and oe1_0.retry_count<?
2026-09-16T00:56:10.395+02:00 DEBUG 13392 --- [shecancode-attendance-system] [   scheduling-1] org.hibernate.SQL                        : 
    select
        oe1_0.id,
        oe1_0.aggregate_id,
        oe1_0.created_at,
        oe1_0.event_type,
        oe1_0.payload,
        oe1_0.processed_at,
        oe1_0.retry_count,
        oe1_0.status,
        oe1_0.updated_at 
    from
        attendance_outbox oe1_0 
    where
        oe1_0.status in (?, ?) 
        and oe1_0.retry_count<?
Hibernate: 
    select
        oe1_0.id,
        oe1_0.aggregate_id,
        oe1_0.created_at,
        oe1_0.event_type,
        oe1_0.payload,
        oe1_0.processed_at,
        oe1_0.retry_count,
        oe1_0.status,
        oe1_0.updated_at 
    from
        attendance_outbox oe1_0 
    where
        oe1_0.status in (?, ?) 
        and oe1_0.retry_count<?
2026-09-16T00:56:15.415+02:00 DEBUG 13392 --- [shecancode-attendance-system] [   scheduling-1] org.hibernate.SQL                        : 
    select
        oe1_0.id,
        oe1_0.aggregate_id,
        oe1_0.created_at,
        oe1_0.event_type,
        oe1_0.payload,
        oe1_0.processed_at,
        oe1_0.retry_count,
        oe1_0.status,
        oe1_0.updated_at 
    from
        attendance_outbox oe1_0 
    where
        oe1_0.status in (?, ?) 
        and oe1_0.retry_count<?
Hibernate: 
    select
        oe1_0.id,
        oe1_0.aggregate_id,
        oe1_0.created_at,
        oe1_0.event_type,
        oe1_0.payload,
        oe1_0.processed_at,
        oe1_0.retry_count,
        oe1_0.status,
        oe1_0.updated_at 
    from
        attendance_outbox oe1_0 
    where
        oe1_0.status in (?, ?) 
        and oe1_0.retry_count<?
2026-09-16T00:56:20.436+02:00 DEBUG 13392 --- [shecancode-attendance-system] [   scheduling-1] org.hibernate.SQL                        : 
    select
        oe1_0.id,
        oe1_0.aggregate_id,
        oe1_0.created_at,
        oe1_0.event_type,
        oe1_0.payload,
        oe1_0.processed_at,
        oe1_0.retry_count,
        oe1_0.status,
        oe1_0.updated_at 
    from
        attendance_outbox oe1_0 
    where
        oe1_0.status in (?, ?) 
        and oe1_0.retry_count<?
Hibernate: 
    select
        oe1_0.id,
        oe1_0.aggregate_id,
        oe1_0.created_at,
        oe1_0.event_type,
        oe1_0.payload,
        oe1_0.processed_at,
        oe1_0.retry_count,
        oe1_0.status,
        oe1_0.updated_at 
    from
        attendance_outbox oe1_0 
    where
        oe1_0.status in (?, ?) 
        and oe1_0.retry_count<?
2026-09-16T00:56:25.457+02:00 DEBUG 13392 --- [shecancode-attendance-system] [   scheduling-1] org.hibernate.SQL                        : 
    select
        oe1_0.id,
        oe1_0.aggregate_id,
        oe1_0.created_at,
        oe1_0.event_type,
        oe1_0.payload,
        oe1_0.processed_at,
        oe1_0.retry_count,
        oe1_0.status,
        oe1_0.updated_at 
    from
        attendance_outbox oe1_0 
    where
        oe1_0.status in (?, ?) 
        and oe1_0.retry_count<?
Hibernate: 
    select
        oe1_0.id,
        oe1_0.aggregate_id,
        oe1_0.created_at,
        oe1_0.event_type,
        oe1_0.payload,
        oe1_0.processed_at,
        oe1_0.retry_count,
        oe1_0.status,
        oe1_0.updated_at 
    from
        attendance_outbox oe1_0 
    where
        oe1_0.status in (?, ?) 
        and oe1_0.retry_count<?
2026-09-16T00:56:30.478+02:00 DEBUG 13392 --- [shecancode-attendance-system] [   scheduling-1] org.hibernate.SQL                        : 
    select
        oe1_0.id,
        oe1_0.aggregate_id,
        oe1_0.created_at,
        oe1_0.event_type,
        oe1_0.payload,
        oe1_0.processed_at,
        oe1_0.retry_count,
        oe1_0.status,
        oe1_0.updated_at 
    from
        attendance_outbox oe1_0 
    where
        oe1_0.status in (?, ?) 
        and oe1_0.retry_count<?
Hibernate: 
    select
        oe1_0.id,
        oe1_0.aggregate_id,
        oe1_0.created_at,
        oe1_0.event_type,
        oe1_0.payload,
        oe1_0.processed_at,
        oe1_0.retry_count,
        oe1_0.status,
        oe1_0.updated_at 
    from
        attendance_outbox oe1_0 
    where
        oe1_0.status in (?, ?) 
        and oe1_0.retry_count<?
2026-09-16T00:56:35.496+02:00 DEBUG 13392 --- [shecancode-attendance-system] [   scheduling-1] org.hibernate.SQL                        : 
    select
        oe1_0.id,
        oe1_0.aggregate_id,
        oe1_0.created_at,
        oe1_0.event_type,
        oe1_0.payload,
        oe1_0.processed_at,
        oe1_0.retry_count,
        oe1_0.status,
        oe1_0.updated_at 
    from
        attendance_outbox oe1_0 
    where
        oe1_0.status in (?, ?) 
        and oe1_0.retry_count<?
Hibernate: 
    select
        oe1_0.id,
        oe1_0.aggregate_id,
        oe1_0.created_at,
        oe1_0.event_type,
        oe1_0.payload,
        oe1_0.processed_at,
        oe1_0.retry_count,
        oe1_0.status,
        oe1_0.updated_at 
    from
        attendance_outbox oe1_0 
    where
        oe1_0.status in (?, ?) 
        and oe1_0.retry_count<?
2026-09-16T00:56:40.511+02:00 DEBUG 13392 --- [shecancode-attendance-system] [   scheduling-1] org.hibernate.SQL                        : 
    select
        oe1_0.id,
        oe1_0.aggregate_id,
        oe1_0.created_at,
        oe1_0.event_type,
        oe1_0.payload,
        oe1_0.processed_at,
        oe1_0.retry_count,
        oe1_0.status,
        oe1_0.updated_at 
    from
        attendance_outbox oe1_0 
    where
        oe1_0.status in (?, ?) 
        and oe1_0.retry_count<?
Hibernate: 
    select
        oe1_0.id,
        oe1_0.aggregate_id,
        oe1_0.created_at,
        oe1_0.event_type,
        oe1_0.payload,
        oe1_0.processed_at,
        oe1_0.retry_count,
        oe1_0.status,
        oe1_0.updated_at 
    from
        attendance_outbox oe1_0 
    where
        oe1_0.status in (?, ?) 
        and oe1_0.retry_count<?
2026-09-16T00:56:45.530+02:00 DEBUG 13392 --- [shecancode-attendance-system] [   scheduling-1] org.hibernate.SQL                        : 
    select
        oe1_0.id,
        oe1_0.aggregate_id,
        oe1_0.created_at,
        oe1_0.event_type,
        oe1_0.payload,
        oe1_0.processed_at,
        oe1_0.retry_count,
        oe1_0.status,
        oe1_0.updated_at 
    from
        attendance_outbox oe1_0 
    where
        oe1_0.status in (?, ?) 
        and oe1_0.retry_count<?
Hibernate: 
    select
        oe1_0.id,
        oe1_0.aggregate_id,
        oe1_0.created_at,
        oe1_0.event_type,
        oe1_0.payload,
        oe1_0.processed_at,
        oe1_0.retry_count,
        oe1_0.status,
        oe1_0.updated_at 
    from
        attendance_outbox oe1_0 
    where
        oe1_0.status in (?, ?) 
        and oe1_0.retry_count<?
2026-09-16T00:56:50.560+02:00 DEBUG 13392 --- [shecancode-attendance-system] [   scheduling-1] org.hibernate.SQL                        : 
    select
        oe1_0.id,
        oe1_0.aggregate_id,
        oe1_0.created_at,
        oe1_0.event_type,
        oe1_0.payload,
        oe1_0.processed_at,
        oe1_0.retry_count,
        oe1_0.status,
        oe1_0.updated_at 
    from
        attendance_outbox oe1_0 
    where
        oe1_0.status in (?, ?) 
        and oe1_0.retry_count<?
Hibernate: 
    select
        oe1_0.id,
        oe1_0.aggregate_id,
        oe1_0.created_at,
        oe1_0.event_type,
        oe1_0.payload,
        oe1_0.processed_at,
        oe1_0.retry_count,
        oe1_0.status,
        oe1_0.updated_at 
    from
        attendance_outbox oe1_0 
    where
        oe1_0.status in (?, ?) 
        and oe1_0.retry_count<?
2026-09-16T00:56:55.589+02:00 DEBUG 13392 --- [shecancode-attendance-system] [   scheduling-1] org.hibernate.SQL                        : 
    select
        oe1_0.id,
        oe1_0.aggregate_id,
        oe1_0.created_at,
        oe1_0.event_type,
        oe1_0.payload,
        oe1_0.processed_at,
        oe1_0.retry_count,
        oe1_0.status,
        oe1_0.updated_at 
    from
        attendance_outbox oe1_0 
    where
        oe1_0.status in (?, ?) 
        and oe1_0.retry_count<?
Hibernate: 
    select
        oe1_0.id,
        oe1_0.aggregate_id,
        oe1_0.created_at,
        oe1_0.event_type,
        oe1_0.payload,
        oe1_0.processed_at,
        oe1_0.retry_count,
        oe1_0.status,
        oe1_0.updated_at 
    from
        attendance_outbox oe1_0 
    where
        oe1_0.status in (?, ?) 
        and oe1_0.retry_count<?
2026-09-16T00:57:00.621+02:00 DEBUG 13392 --- [shecancode-attendance-system] [   scheduling-1] org.hibernate.SQL                        : 
    select
        oe1_0.id,
        oe1_0.aggregate_id,
        oe1_0.created_at,
        oe1_0.event_type,
        oe1_0.payload,
        oe1_0.processed_at,
        oe1_0.retry_count,
        oe1_0.status,
        oe1_0.updated_at 
    from
        attendance_outbox oe1_0 
    where
        oe1_0.status in (?, ?) 
        and oe1_0.retry_count<?
Hibernate: 
    select
        oe1_0.id,
        oe1_0.aggregate_id,
        oe1_0.created_at,
        oe1_0.event_type,
        oe1_0.payload,
        oe1_0.processed_at,
        oe1_0.retry_count,
        oe1_0.status,
        oe1_0.updated_at 
    from
        attendance_outbox oe1_0 
    where
        oe1_0.status in (?, ?) 
        and oe1_0.retry_count<?
2026-09-16T00:57:05.643+02:00 DEBUG 13392 --- [shecancode-attendance-system] [   scheduling-1] org.hibernate.SQL                        : 
    select
        oe1_0.id,
        oe1_0.aggregate_id,
        oe1_0.created_at,
        oe1_0.event_type,
        oe1_0.payload,
        oe1_0.processed_at,
        oe1_0.retry_count,
        oe1_0.status,
        oe1_0.updated_at 
    from
        attendance_outbox oe1_0 
    where
        oe1_0.status in (?, ?) 
        and oe1_0.retry_count<?
Hibernate: 
    select
        oe1_0.id,
        oe1_0.aggregate_id,
        oe1_0.created_at,
        oe1_0.event_type,
        oe1_0.payload,
        oe1_0.processed_at,
        oe1_0.retry_count,
        oe1_0.status,
        oe1_0.updated_at 
    from
        attendance_outbox oe1_0 
    where
        oe1_0.status in (?, ?) 
        and oe1_0.retry_count<?
2026-09-16T00:57:10.665+02:00 DEBUG 13392 --- [shecancode-attendance-system] [   scheduling-1] org.hibernate.SQL                        : 
    select
        oe1_0.id,
        oe1_0.aggregate_id,
        oe1_0.created_at,
        oe1_0.event_type,
        oe1_0.payload,
        oe1_0.processed_at,
        oe1_0.retry_count,
        oe1_0.status,
        oe1_0.updated_at 
    from
        attendance_outbox oe1_0 
    where
        oe1_0.status in (?, ?) 
        and oe1_0.retry_count<?
Hibernate: 
    select
        oe1_0.id,
        oe1_0.aggregate_id,
        oe1_0.created_at,
        oe1_0.event_type,
        oe1_0.payload,
        oe1_0.processed_at,
        oe1_0.retry_count,
        oe1_0.status,
        oe1_0.updated_at 
    from
        attendance_outbox oe1_0 
    where
        oe1_0.status in (?, ?) 
        and oe1_0.retry_count<?
2026-09-16T00:57:15.682+02:00 DEBUG 13392 --- [shecancode-attendance-system] [   scheduling-1] org.hibernate.SQL                        : 
    select
        oe1_0.id,
        oe1_0.aggregate_id,
        oe1_0.created_at,
        oe1_0.event_type,
        oe1_0.payload,
        oe1_0.processed_at,
        oe1_0.retry_count,
        oe1_0.status,
        oe1_0.updated_at 
    from
        attendance_outbox oe1_0 
    where
        oe1_0.status in (?, ?) 
        and oe1_0.retry_count<?
Hibernate: 
    select
        oe1_0.id,
        oe1_0.aggregate_id,
        oe1_0.created_at,
        oe1_0.event_type,
        oe1_0.payload,
        oe1_0.processed_at,
        oe1_0.retry_count,
        oe1_0.status,
        oe1_0.updated_at 
    from
        attendance_outbox oe1_0 
    where
        oe1_0.status in (?, ?) 
        and oe1_0.retry_count<?
2026-09-16T00:57:20.706+02:00 DEBUG 13392 --- [shecancode-attendance-system] [   scheduling-1] org.hibernate.SQL                        : 
    select
        oe1_0.id,
        oe1_0.aggregate_id,
        oe1_0.created_at,
        oe1_0.event_type,
        oe1_0.payload,
        oe1_0.processed_at,
        oe1_0.retry_count,
        oe1_0.status,
        oe1_0.updated_at 
    from
        attendance_outbox oe1_0 
    where
        oe1_0.status in (?, ?) 
        and oe1_0.retry_count<?
Hibernate: 
    select
        oe1_0.id,
        oe1_0.aggregate_id,
        oe1_0.created_at,
        oe1_0.event_type,
        oe1_0.payload,
        oe1_0.processed_at,
        oe1_0.retry_count,
        oe1_0.status,
        oe1_0.updated_at 
    from
        attendance_outbox oe1_0 
    where
        oe1_0.status in (?, ?) 
        and oe1_0.retry_count<?
2026-09-16T00:57:25.721+02:00 DEBUG 13392 --- [shecancode-attendance-system] [   scheduling-1] org.hibernate.SQL                        : 
    select
        oe1_0.id,
        oe1_0.aggregate_id,
        oe1_0.created_at,
        oe1_0.event_type,
        oe1_0.payload,
        oe1_0.processed_at,
        oe1_0.retry_count,
        oe1_0.status,
        oe1_0.updated_at 
    from
        attendance_outbox oe1_0 
    where
        oe1_0.status in (?, ?) 
        and oe1_0.retry_count<?
Hibernate: 
    select
        oe1_0.id,
        oe1_0.aggregate_id,
        oe1_0.created_at,
        oe1_0.event_type,
        oe1_0.payload,
        oe1_0.processed_at,
        oe1_0.retry_count,
        oe1_0.status,
        oe1_0.updated_at 
    from
        attendance_outbox oe1_0 
    where
        oe1_0.status in (?, ?) 
        and oe1_0.retry_count<?
2026-09-16T00:57:30.737+02:00 DEBUG 13392 --- [shecancode-attendance-system] [   scheduling-1] org.hibernate.SQL                        : 
    select
        oe1_0.id,
        oe1_0.aggregate_id,
        oe1_0.created_at,
        oe1_0.event_type,
        oe1_0.payload,
        oe1_0.processed_at,
        oe1_0.retry_count,
        oe1_0.status,
        oe1_0.updated_at 
    from
        attendance_outbox oe1_0 
    where
        oe1_0.status in (?, ?) 
        and oe1_0.retry_count<?
Hibernate: 
    select
        oe1_0.id,
        oe1_0.aggregate_id,
        oe1_0.created_at,
        oe1_0.event_type,
        oe1_0.payload,
        oe1_0.processed_at,
        oe1_0.retry_count,
        oe1_0.status,
        oe1_0.updated_at 
    from
        attendance_outbox oe1_0 
    where
        oe1_0.status in (?, ?) 
        and oe1_0.retry_count<?
2026-09-16T00:57:35.756+02:00 DEBUG 13392 --- [shecancode-attendance-system] [   scheduling-1] org.hibernate.SQL                        : 
    select
        oe1_0.id,
        oe1_0.aggregate_id,
        oe1_0.created_at,
        oe1_0.event_type,
        oe1_0.payload,
        oe1_0.processed_at,
        oe1_0.retry_count,
        oe1_0.status,
        oe1_0.updated_at 
    from
        attendance_outbox oe1_0 
    where
        oe1_0.status in (?, ?) 
        and oe1_0.retry_count<?
Hibernate: 
    select
        oe1_0.id,
        oe1_0.aggregate_id,
        oe1_0.created_at,
        oe1_0.event_type,
        oe1_0.payload,
        oe1_0.processed_at,
        oe1_0.retry_count,
        oe1_0.status,
        oe1_0.updated_at 
    from
        attendance_outbox oe1_0 
    where
        oe1_0.status in (?, ?) 
        and oe1_0.retry_count<?
2026-09-16T00:57:40.774+02:00 DEBUG 13392 --- [shecancode-attendance-system] [   scheduling-1] org.hibernate.SQL                        : 
    select
        oe1_0.id,
        oe1_0.aggregate_id,
        oe1_0.created_at,
        oe1_0.event_type,
        oe1_0.payload,
        oe1_0.processed_at,
        oe1_0.retry_count,
        oe1_0.status,
        oe1_0.updated_at 
    from
        attendance_outbox oe1_0 
    where
        oe1_0.status in (?, ?) 
        and oe1_0.retry_count<?
Hibernate: 
    select
        oe1_0.id,
        oe1_0.aggregate_id,
        oe1_0.created_at,
        oe1_0.event_type,
        oe1_0.payload,
        oe1_0.processed_at,
        oe1_0.retry_count,
        oe1_0.status,
        oe1_0.updated_at 
    from
        attendance_outbox oe1_0 
    where
        oe1_0.status in (?, ?) 
        and oe1_0.retry_count<?
2026-09-16T00:57:45.799+02:00 DEBUG 13392 --- [shecancode-attendance-system] [   scheduling-1] org.hibernate.SQL                        : 
    select
        oe1_0.id,
        oe1_0.aggregate_id,
        oe1_0.created_at,
        oe1_0.event_type,
        oe1_0.payload,
        oe1_0.processed_at,
        oe1_0.retry_count,
        oe1_0.status,
        oe1_0.updated_at 
    from
        attendance_outbox oe1_0 
    where
        oe1_0.status in (?, ?) 
        and oe1_0.retry_count<?
Hibernate: 
    select
        oe1_0.id,
        oe1_0.aggregate_id,
        oe1_0.created_at,
        oe1_0.event_type,
        oe1_0.payload,
        oe1_0.processed_at,
        oe1_0.retry_count,
        oe1_0.status,
        oe1_0.updated_at 
    from
        attendance_outbox oe1_0 
    where
        oe1_0.status in (?, ?) 
        and oe1_0.retry_count<?
2026-09-16T00:57:50.818+02:00 DEBUG 13392 --- [shecancode-attendance-system] [   scheduling-1] org.hibernate.SQL                        : 
    select
        oe1_0.id,
        oe1_0.aggregate_id,
        oe1_0.created_at,
        oe1_0.event_type,
        oe1_0.payload,
        oe1_0.processed_at,
        oe1_0.retry_count,
        oe1_0.status,
        oe1_0.updated_at 
    from
        attendance_outbox oe1_0 
    where
        oe1_0.status in (?, ?) 
        and oe1_0.retry_count<?
Hibernate: 
    select
        oe1_0.id,
        oe1_0.aggregate_id,
        oe1_0.created_at,
        oe1_0.event_type,
        oe1_0.payload,
        oe1_0.processed_at,
        oe1_0.retry_count,
        oe1_0.status,
        oe1_0.updated_at 
    from
        attendance_outbox oe1_0 
    where
        oe1_0.status in (?, ?) 
        and oe1_0.retry_count<?
2026-09-16T00:57:55.837+02:00 DEBUG 13392 --- [shecancode-attendance-system] [   scheduling-1] org.hibernate.SQL                        : 
    select
        oe1_0.id,
        oe1_0.aggregate_id,
        oe1_0.created_at,
        oe1_0.event_type,
        oe1_0.payload,
        oe1_0.processed_at,
        oe1_0.retry_count,
        oe1_0.status,
        oe1_0.updated_at 
    from
        attendance_outbox oe1_0 
    where
        oe1_0.status in (?, ?) 
        and oe1_0.retry_count<?
Hibernate: 
    select
        oe1_0.id,
        oe1_0.aggregate_id,
        oe1_0.created_at,
        oe1_0.event_type,
        oe1_0.payload,
        oe1_0.processed_at,
        oe1_0.retry_count,
        oe1_0.status,
        oe1_0.updated_at 
    from
        attendance_outbox oe1_0 
    where
        oe1_0.status in (?, ?) 
        and oe1_0.retry_count<?
2026-09-16T00:58:00.852+02:00 DEBUG 13392 --- [shecancode-attendance-system] [   scheduling-1] org.hibernate.SQL                        : 
    select
        oe1_0.id,
        oe1_0.aggregate_id,
        oe1_0.created_at,
        oe1_0.event_type,
        oe1_0.payload,
        oe1_0.processed_at,
        oe1_0.retry_count,
        oe1_0.status,
        oe1_0.updated_at 
    from
        attendance_outbox oe1_0 
    where
        oe1_0.status in (?, ?) 
        and oe1_0.retry_count<?
Hibernate: 
    select
        oe1_0.id,
        oe1_0.aggregate_id,
        oe1_0.created_at,
        oe1_0.event_type,
        oe1_0.payload,
        oe1_0.processed_at,
        oe1_0.retry_count,
        oe1_0.status,
        oe1_0.updated_at 
    from
        attendance_outbox oe1_0 
    where
        oe1_0.status in (?, ?) 
        and oe1_0.retry_count<?
2026-09-16T00:58:05.871+02:00 DEBUG 13392 --- [shecancode-attendance-system] [   scheduling-1] org.hibernate.SQL                        : 
    select
        oe1_0.id,
        oe1_0.aggregate_id,
        oe1_0.created_at,
        oe1_0.event_type,
        oe1_0.payload,
        oe1_0.processed_at,
        oe1_0.retry_count,
        oe1_0.status,
        oe1_0.updated_at 
    from
        attendance_outbox oe1_0 
    where
        oe1_0.status in (?, ?) 
        and oe1_0.retry_count<?
Hibernate: 
    select
        oe1_0.id,
        oe1_0.aggregate_id,
        oe1_0.created_at,
        oe1_0.event_type,
        oe1_0.payload,
        oe1_0.processed_at,
        oe1_0.retry_count,
        oe1_0.status,
        oe1_0.updated_at 
    from
        attendance_outbox oe1_0 
    where
        oe1_0.status in (?, ?) 
        and oe1_0.retry_count<?
2026-09-16T00:58:10.884+02:00 DEBUG 13392 --- [shecancode-attendance-system] [   scheduling-1] org.hibernate.SQL                        : 
    select
        oe1_0.id,
        oe1_0.aggregate_id,
        oe1_0.created_at,
        oe1_0.event_type,
        oe1_0.payload,
        oe1_0.processed_at,
        oe1_0.retry_count,
        oe1_0.status,
        oe1_0.updated_at 
    from
        attendance_outbox oe1_0 
    where
        oe1_0.status in (?, ?) 
        and oe1_0.retry_count<?
Hibernate: 
    select
        oe1_0.id,
        oe1_0.aggregate_id,
        oe1_0.created_at,
        oe1_0.event_type,
        oe1_0.payload,
        oe1_0.processed_at,
        oe1_0.retry_count,
        oe1_0.status,
        oe1_0.updated_at 
    from
        attendance_outbox oe1_0 
    where
        oe1_0.status in (?, ?) 
        and oe1_0.retry_count<?
2026-09-16T00:58:15.908+02:00 DEBUG 13392 --- [shecancode-attendance-system] [   scheduling-1] org.hibernate.SQL                        : 
    select
        oe1_0.id,
        oe1_0.aggregate_id,
        oe1_0.created_at,
        oe1_0.event_type,
        oe1_0.payload,
        oe1_0.processed_at,
        oe1_0.retry_count,
        oe1_0.status,
        oe1_0.updated_at 
    from
        attendance_outbox oe1_0 
    where
        oe1_0.status in (?, ?) 
        and oe1_0.retry_count<?
Hibernate: 
    select
        oe1_0.id,
        oe1_0.aggregate_id,
        oe1_0.created_at,
        oe1_0.event_type,
        oe1_0.payload,
        oe1_0.processed_at,
        oe1_0.retry_count,
        oe1_0.status,
        oe1_0.updated_at 
    from
        attendance_outbox oe1_0 
    where
        oe1_0.status in (?, ?) 
        and oe1_0.retry_count<?
2026-09-16T00:58:20.929+02:00 DEBUG 13392 --- [shecancode-attendance-system] [   scheduling-1] org.hibernate.SQL                        : 
    select
        oe1_0.id,
        oe1_0.aggregate_id,
        oe1_0.created_at,
        oe1_0.event_type,
        oe1_0.payload,
        oe1_0.processed_at,
        oe1_0.retry_count,
        oe1_0.status,
        oe1_0.updated_at 
    from
        attendance_outbox oe1_0 
    where
        oe1_0.status in (?, ?) 
        and oe1_0.retry_count<?
Hibernate: 
    select
        oe1_0.id,
        oe1_0.aggregate_id,
        oe1_0.created_at,
        oe1_0.event_type,
        oe1_0.payload,
        oe1_0.processed_at,
        oe1_0.retry_count,
        oe1_0.status,
        oe1_0.updated_at 
    from
        attendance_outbox oe1_0 
    where
        oe1_0.status in (?, ?) 
        and oe1_0.retry_count<?
2026-09-16T00:58:25.954+02:00 DEBUG 13392 --- [shecancode-attendance-system] [   scheduling-1] org.hibernate.SQL                        : 
    select
        oe1_0.id,
        oe1_0.aggregate_id,
        oe1_0.created_at,
        oe1_0.event_type,
        oe1_0.payload,
        oe1_0.processed_at,
        oe1_0.retry_count,
        oe1_0.status,
        oe1_0.updated_at 
    from
        attendance_outbox oe1_0 
    where
        oe1_0.status in (?, ?) 
        and oe1_0.retry_count<?
Hibernate: 
    select
        oe1_0.id,
        oe1_0.aggregate_id,
        oe1_0.created_at,
        oe1_0.event_type,
        oe1_0.payload,
        oe1_0.processed_at,
        oe1_0.retry_count,
        oe1_0.status,
        oe1_0.updated_at 
    from
        attendance_outbox oe1_0 
    where
        oe1_0.status in (?, ?) 
        and oe1_0.retry_count<?
2026-09-16T00:58:30.970+02:00 DEBUG 13392 --- [shecancode-attendance-system] [   scheduling-1] org.hibernate.SQL                        : 
    select
        oe1_0.id,
        oe1_0.aggregate_id,
        oe1_0.created_at,
        oe1_0.event_type,
        oe1_0.payload,
        oe1_0.processed_at,
        oe1_0.retry_count,
        oe1_0.status,
        oe1_0.updated_at 
    from
        attendance_outbox oe1_0 
    where
        oe1_0.status in (?, ?) 
        and oe1_0.retry_count<?
Hibernate: 
    select
        oe1_0.id,
        oe1_0.aggregate_id,
        oe1_0.created_at,
        oe1_0.event_type,
        oe1_0.payload,
        oe1_0.processed_at,
        oe1_0.retry_count,
        oe1_0.status,
        oe1_0.updated_at 
    from
        attendance_outbox oe1_0 
    where
        oe1_0.status in (?, ?) 
        and oe1_0.retry_count<?
2026-09-16T00:58:35.989+02:00 DEBUG 13392 --- [shecancode-attendance-system] [   scheduling-1] org.hibernate.SQL                        : 
    select
        oe1_0.id,
        oe1_0.aggregate_id,
        oe1_0.created_at,
        oe1_0.event_type,
        oe1_0.payload,
        oe1_0.processed_at,
        oe1_0.retry_count,
        oe1_0.status,
        oe1_0.updated_at 
    from
        attendance_outbox oe1_0 
    where
        oe1_0.status in (?, ?) 
        and oe1_0.retry_count<?
Hibernate: 
    select
        oe1_0.id,
        oe1_0.aggregate_id,
        oe1_0.created_at,
        oe1_0.event_type,
        oe1_0.payload,
        oe1_0.processed_at,
        oe1_0.retry_count,
        oe1_0.status,
        oe1_0.updated_at 
    from
        attendance_outbox oe1_0 
    where
        oe1_0.status in (?, ?) 
        and oe1_0.retry_count<?
2026-09-16T00:58:41.010+02:00 DEBUG 13392 --- [shecancode-attendance-system] [   scheduling-1] org.hibernate.SQL                        : 
    select
        oe1_0.id,
        oe1_0.aggregate_id,
        oe1_0.created_at,
        oe1_0.event_type,
        oe1_0.payload,
        oe1_0.processed_at,
        oe1_0.retry_count,
        oe1_0.status,
        oe1_0.updated_at 
    from
        attendance_outbox oe1_0 
    where
        oe1_0.status in (?, ?) 
        and oe1_0.retry_count<?
Hibernate: 
    select
        oe1_0.id,
        oe1_0.aggregate_id,
        oe1_0.created_at,
        oe1_0.event_type,
        oe1_0.payload,
        oe1_0.processed_at,
        oe1_0.retry_count,
        oe1_0.status,
        oe1_0.updated_at 
    from
        attendance_outbox oe1_0 
    where
        oe1_0.status in (?, ?) 
        and oe1_0.retry_count<?
2026-09-16T00:58:46.028+02:00 DEBUG 13392 --- [shecancode-attendance-system] [   scheduling-1] org.hibernate.SQL                        : 
    select
        oe1_0.id,
        oe1_0.aggregate_id,
        oe1_0.created_at,
        oe1_0.event_type,
        oe1_0.payload,
        oe1_0.processed_at,
        oe1_0.retry_count,
        oe1_0.status,
        oe1_0.updated_at 
    from
        attendance_outbox oe1_0 
    where
        oe1_0.status in (?, ?) 
        and oe1_0.retry_count<?
Hibernate: 
    select
        oe1_0.id,
        oe1_0.aggregate_id,
        oe1_0.created_at,
        oe1_0.event_type,
        oe1_0.payload,
        oe1_0.processed_at,
        oe1_0.retry_count,
        oe1_0.status,
        oe1_0.updated_at 
    from
        attendance_outbox oe1_0 
    where
        oe1_0.status in (?, ?) 
        and oe1_0.retry_count<?
2026-09-16T00:58:51.049+02:00 DEBUG 13392 --- [shecancode-attendance-system] [   scheduling-1] org.hibernate.SQL                        : 
    select
        oe1_0.id,
        oe1_0.aggregate_id,
        oe1_0.created_at,
        oe1_0.event_type,
        oe1_0.payload,
        oe1_0.processed_at,
        oe1_0.retry_count,
        oe1_0.status,
        oe1_0.updated_at 
    from
        attendance_outbox oe1_0 
    where
        oe1_0.status in (?, ?) 
        and oe1_0.retry_count<?
Hibernate: 
    select
        oe1_0.id,
        oe1_0.aggregate_id,
        oe1_0.created_at,
        oe1_0.event_type,
        oe1_0.payload,
        oe1_0.processed_at,
        oe1_0.retry_count,
        oe1_0.status,
        oe1_0.updated_at 
    from
        attendance_outbox oe1_0 
    where
        oe1_0.status in (?, ?) 
        and oe1_0.retry_count<?
2026-09-16T00:58:56.074+02:00 DEBUG 13392 --- [shecancode-attendance-system] [   scheduling-1] org.hibernate.SQL                        : 
    select
        oe1_0.id,
        oe1_0.aggregate_id,
        oe1_0.created_at,
        oe1_0.event_type,
        oe1_0.payload,
        oe1_0.processed_at,
        oe1_0.retry_count,
        oe1_0.status,
        oe1_0.updated_at 
    from
        attendance_outbox oe1_0 
    where
        oe1_0.status in (?, ?) 
        and oe1_0.retry_count<?
Hibernate: 
    select
        oe1_0.id,
        oe1_0.aggregate_id,
        oe1_0.created_at,
        oe1_0.event_type,
        oe1_0.payload,
        oe1_0.processed_at,
        oe1_0.retry_count,
        oe1_0.status,
        oe1_0.updated_at 
    from
        attendance_outbox oe1_0 
    where
        oe1_0.status in (?, ?) 
        and oe1_0.retry_count<?
2026-09-16T00:59:01.108+02:00 DEBUG 13392 --- [shecancode-attendance-system] [   scheduling-1] org.hibernate.SQL                        : 
    select
        oe1_0.id,
        oe1_0.aggregate_id,
        oe1_0.created_at,
        oe1_0.event_type,
        oe1_0.payload,
        oe1_0.processed_at,
        oe1_0.retry_count,
        oe1_0.status,
        oe1_0.updated_at 
    from
        attendance_outbox oe1_0 
    where
        oe1_0.status in (?, ?) 
        and oe1_0.retry_count<?
Hibernate: 
    select
        oe1_0.id,
        oe1_0.aggregate_id,
        oe1_0.created_at,
        oe1_0.event_type,
        oe1_0.payload,
        oe1_0.processed_at,
        oe1_0.retry_count,
        oe1_0.status,
        oe1_0.updated_at 
    from
        attendance_outbox oe1_0 
    where
        oe1_0.status in (?, ?) 
        and oe1_0.retry_count<?
2026-09-16T00:59:06.139+02:00 DEBUG 13392 --- [shecancode-attendance-system] [   scheduling-1] org.hibernate.SQL                        : 
    select
        oe1_0.id,
        oe1_0.aggregate_id,
        oe1_0.created_at,
        oe1_0.event_type,
        oe1_0.payload,
        oe1_0.processed_at,
        oe1_0.retry_count,
        oe1_0.status,
        oe1_0.updated_at 
    from
        attendance_outbox oe1_0 
    where
        oe1_0.status in (?, ?) 
        and oe1_0.retry_count<?
Hibernate: 
    select
        oe1_0.id,
        oe1_0.aggregate_id,
        oe1_0.created_at,
        oe1_0.event_type,
        oe1_0.payload,
        oe1_0.processed_at,
        oe1_0.retry_count,
        oe1_0.status,
        oe1_0.updated_at 
    from
        attendance_outbox oe1_0 
    where
        oe1_0.status in (?, ?) 
        and oe1_0.retry_count<?
2026-09-16T00:59:11.157+02:00 DEBUG 13392 --- [shecancode-attendance-system] [   scheduling-1] org.hibernate.SQL                        : 
    select
        oe1_0.id,
        oe1_0.aggregate_id,
        oe1_0.created_at,
        oe1_0.event_type,
        oe1_0.payload,
        oe1_0.processed_at,
        oe1_0.retry_count,
        oe1_0.status,
        oe1_0.updated_at 
    from
        attendance_outbox oe1_0 
    where
        oe1_0.status in (?, ?) 
        and oe1_0.retry_count<?
Hibernate: 
    select
        oe1_0.id,
        oe1_0.aggregate_id,
        oe1_0.created_at,
        oe1_0.event_type,
        oe1_0.payload,
        oe1_0.processed_at,
        oe1_0.retry_count,
        oe1_0.status,
        oe1_0.updated_at 
    from
        attendance_outbox oe1_0 
    where
        oe1_0.status in (?, ?) 
        and oe1_0.retry_count<?
2026-09-16T00:59:16.182+02:00 DEBUG 13392 --- [shecancode-attendance-system] [   scheduling-1] org.hibernate.SQL                        : 
    select
        oe1_0.id,
        oe1_0.aggregate_id,
        oe1_0.created_at,
        oe1_0.event_type,
        oe1_0.payload,
        oe1_0.processed_at,
        oe1_0.retry_count,
        oe1_0.status,
        oe1_0.updated_at 
    from
        attendance_outbox oe1_0 
    where
        oe1_0.status in (?, ?) 
        and oe1_0.retry_count<?
Hibernate: 
    select
        oe1_0.id,
        oe1_0.aggregate_id,
        oe1_0.created_at,
        oe1_0.event_type,
        oe1_0.payload,
        oe1_0.processed_at,
        oe1_0.retry_count,
        oe1_0.status,
        oe1_0.updated_at 
    from
        attendance_outbox oe1_0 
    where
        oe1_0.status in (?, ?) 
        and oe1_0.retry_count<?
2026-09-16T00:59:21.199+02:00 DEBUG 13392 --- [shecancode-attendance-system] [   scheduling-1] org.hibernate.SQL                        : 
    select
        oe1_0.id,
        oe1_0.aggregate_id,
        oe1_0.created_at,
        oe1_0.event_type,
        oe1_0.payload,
        oe1_0.processed_at,
        oe1_0.retry_count,
        oe1_0.status,
        oe1_0.updated_at 
    from
        attendance_outbox oe1_0 
    where
        oe1_0.status in (?, ?) 
        and oe1_0.retry_count<?
Hibernate: 
    select
        oe1_0.id,
        oe1_0.aggregate_id,
        oe1_0.created_at,
        oe1_0.event_type,
        oe1_0.payload,
        oe1_0.processed_at,
        oe1_0.retry_count,
        oe1_0.status,
        oe1_0.updated_at 
    from
        attendance_outbox oe1_0 
    where
        oe1_0.status in (?, ?) 
        and oe1_0.retry_count<?
2026-09-16T00:59:26.215+02:00 DEBUG 13392 --- [shecancode-attendance-system] [   scheduling-1] org.hibernate.SQL                        : 
    select
        oe1_0.id,
        oe1_0.aggregate_id,
        oe1_0.created_at,
        oe1_0.event_type,
        oe1_0.payload,
        oe1_0.processed_at,
        oe1_0.retry_count,
        oe1_0.status,
        oe1_0.updated_at 
    from
        attendance_outbox oe1_0 
    where
        oe1_0.status in (?, ?) 
        and oe1_0.retry_count<?
Hibernate: 
    select
        oe1_0.id,
        oe1_0.aggregate_id,
        oe1_0.created_at,
        oe1_0.event_type,
        oe1_0.payload,
        oe1_0.processed_at,
        oe1_0.retry_count,
        oe1_0.status,
        oe1_0.updated_at 
    from
        attendance_outbox oe1_0 
    where
        oe1_0.status in (?, ?) 
        and oe1_0.retry_count<?
2026-09-16T00:59:31.238+02:00 DEBUG 13392 --- [shecancode-attendance-system] [   scheduling-1] org.hibernate.SQL                        : 
    select
        oe1_0.id,
        oe1_0.aggregate_id,
        oe1_0.created_at,
        oe1_0.event_type,
        oe1_0.payload,
        oe1_0.processed_at,
        oe1_0.retry_count,
        oe1_0.status,
        oe1_0.updated_at 
    from
        attendance_outbox oe1_0 
    where
        oe1_0.status in (?, ?) 
        and oe1_0.retry_count<?
Hibernate: 
    select
        oe1_0.id,
        oe1_0.aggregate_id,
        oe1_0.created_at,
        oe1_0.event_type,
        oe1_0.payload,
        oe1_0.processed_at,
        oe1_0.retry_count,
        oe1_0.status,
        oe1_0.updated_at 
    from
        attendance_outbox oe1_0 
    where
        oe1_0.status in (?, ?) 
        and oe1_0.retry_count<?
2026-09-16T00:59:36.259+02:00 DEBUG 13392 --- [shecancode-attendance-system] [   scheduling-1] org.hibernate.SQL                        : 
    select
        oe1_0.id,
        oe1_0.aggregate_id,
        oe1_0.created_at,
        oe1_0.event_type,
        oe1_0.payload,
        oe1_0.processed_at,
        oe1_0.retry_count,
        oe1_0.status,
        oe1_0.updated_at 
    from
        attendance_outbox oe1_0 
    where
        oe1_0.status in (?, ?) 
        and oe1_0.retry_count<?
Hibernate: 
    select
        oe1_0.id,
        oe1_0.aggregate_id,
        oe1_0.created_at,
        oe1_0.event_type,
        oe1_0.payload,
        oe1_0.processed_at,
        oe1_0.retry_count,
        oe1_0.status,
        oe1_0.updated_at 
    from
        attendance_outbox oe1_0 
    where
        oe1_0.status in (?, ?) 
        and oe1_0.retry_count<?
2026-09-16T00:59:41.285+02:00 DEBUG 13392 --- [shecancode-attendance-system] [   scheduling-1] org.hibernate.SQL                        : 
    select
        oe1_0.id,
        oe1_0.aggregate_id,
        oe1_0.created_at,
        oe1_0.event_type,
        oe1_0.payload,
        oe1_0.processed_at,
        oe1_0.retry_count,
        oe1_0.status,
        oe1_0.updated_at 
    from
        attendance_outbox oe1_0 
    where
        oe1_0.status in (?, ?) 
        and oe1_0.retry_count<?
Hibernate: 
    select
        oe1_0.id,
        oe1_0.aggregate_id,
        oe1_0.created_at,
        oe1_0.event_type,
        oe1_0.payload,
        oe1_0.processed_at,
        oe1_0.retry_count,
        oe1_0.status,
        oe1_0.updated_at 
    from
        attendance_outbox oe1_0 
    where
        oe1_0.status in (?, ?) 
        and oe1_0.retry_count<?
2026-09-16T00:59:46.305+02:00 DEBUG 13392 --- [shecancode-attendance-system] [   scheduling-1] org.hibernate.SQL                        : 
    select
        oe1_0.id,
        oe1_0.aggregate_id,
        oe1_0.created_at,
        oe1_0.event_type,
        oe1_0.payload,
        oe1_0.processed_at,
        oe1_0.retry_count,
        oe1_0.status,
        oe1_0.updated_at 
    from
        attendance_outbox oe1_0 
    where
        oe1_0.status in (?, ?) 
        and oe1_0.retry_count<?
Hibernate: 
    select
        oe1_0.id,
        oe1_0.aggregate_id,
        oe1_0.created_at,
        oe1_0.event_type,
        oe1_0.payload,
        oe1_0.processed_at,
        oe1_0.retry_count,
        oe1_0.status,
        oe1_0.updated_at 
    from
        attendance_outbox oe1_0 
    where
        oe1_0.status in (?, ?) 
        and oe1_0.retry_count<?
2026-09-16T00:59:51.323+02:00 DEBUG 13392 --- [shecancode-attendance-system] [   scheduling-1] org.hibernate.SQL                        : 
    select
        oe1_0.id,
        oe1_0.aggregate_id,
        oe1_0.created_at,
        oe1_0.event_type,
        oe1_0.payload,
        oe1_0.processed_at,
        oe1_0.retry_count,
        oe1_0.status,
        oe1_0.updated_at 
    from
        attendance_outbox oe1_0 
    where
        oe1_0.status in (?, ?) 
        and oe1_0.retry_count<?
Hibernate: 
    select
        oe1_0.id,
        oe1_0.aggregate_id,
        oe1_0.created_at,
        oe1_0.event_type,
        oe1_0.payload,
        oe1_0.processed_at,
        oe1_0.retry_count,
        oe1_0.status,
        oe1_0.updated_at 
    from
        attendance_outbox oe1_0 
    where
        oe1_0.status in (?, ?) 
        and oe1_0.retry_count<?
2026-09-16T00:59:56.343+02:00 DEBUG 13392 --- [shecancode-attendance-system] [   scheduling-1] org.hibernate.SQL                        : 
    select
        oe1_0.id,
        oe1_0.aggregate_id,
        oe1_0.created_at,
        oe1_0.event_type,
        oe1_0.payload,
        oe1_0.processed_at,
        oe1_0.retry_count,
        oe1_0.status,
        oe1_0.updated_at 
    from
        attendance_outbox oe1_0 
    where
        oe1_0.status in (?, ?) 
        and oe1_0.retry_count<?
Hibernate: 
    select
        oe1_0.id,
        oe1_0.aggregate_id,
        oe1_0.created_at,
        oe1_0.event_type,
        oe1_0.payload,
        oe1_0.processed_at,
        oe1_0.retry_count,
        oe1_0.status,
        oe1_0.updated_at 
    from
        attendance_outbox oe1_0 
    where
        oe1_0.status in (?, ?) 
        and oe1_0.retry_count<?
2026-09-16T01:00:01.360+02:00 DEBUG 13392 --- [shecancode-attendance-system] [   scheduling-1] org.hibernate.SQL                        : 
    select
        oe1_0.id,
        oe1_0.aggregate_id,
        oe1_0.created_at,
        oe1_0.event_type,
        oe1_0.payload,
        oe1_0.processed_at,
        oe1_0.retry_count,
        oe1_0.status,
        oe1_0.updated_at 
    from
        attendance_outbox oe1_0 
    where
        oe1_0.status in (?, ?) 
        and oe1_0.retry_count<?
Hibernate: 
    select
        oe1_0.id,
        oe1_0.aggregate_id,
        oe1_0.created_at,
        oe1_0.event_type,
        oe1_0.payload,
        oe1_0.processed_at,
        oe1_0.retry_count,
        oe1_0.status,
        oe1_0.updated_at 
    from
        attendance_outbox oe1_0 
    where
        oe1_0.status in (?, ?) 
        and oe1_0.retry_count<?
2026-09-16T01:00:06.371+02:00 DEBUG 13392 --- [shecancode-attendance-system] [   scheduling-1] org.hibernate.SQL                        : 
    select
        oe1_0.id,
        oe1_0.aggregate_id,
        oe1_0.created_at,
        oe1_0.event_type,
        oe1_0.payload,
        oe1_0.processed_at,
        oe1_0.retry_count,
        oe1_0.status,
        oe1_0.updated_at 
    from
        attendance_outbox oe1_0 
    where
        oe1_0.status in (?, ?) 
        and oe1_0.retry_count<?
Hibernate: 
    select
        oe1_0.id,
        oe1_0.aggregate_id,
        oe1_0.created_at,
        oe1_0.event_type,
        oe1_0.payload,
        oe1_0.processed_at,
        oe1_0.retry_count,
        oe1_0.status,
        oe1_0.updated_at 
    from
        attendance_outbox oe1_0 
    where
        oe1_0.status in (?, ?) 
        and oe1_0.retry_count<?
2026-09-16T01:00:11.384+02:00 DEBUG 13392 --- [shecancode-attendance-system] [   scheduling-1] org.hibernate.SQL                        : 
    select
        oe1_0.id,
        oe1_0.aggregate_id,
        oe1_0.created_at,
        oe1_0.event_type,
        oe1_0.payload,
        oe1_0.processed_at,
        oe1_0.retry_count,
        oe1_0.status,
        oe1_0.updated_at 
    from
        attendance_outbox oe1_0 
    where
        oe1_0.status in (?, ?) 
        and oe1_0.retry_count<?
Hibernate: 
    select
        oe1_0.id,
        oe1_0.aggregate_id,
        oe1_0.created_at,
        oe1_0.event_type,
        oe1_0.payload,
        oe1_0.processed_at,
        oe1_0.retry_count,
        oe1_0.status,
        oe1_0.updated_at 
    from
        attendance_outbox oe1_0 
    where
        oe1_0.status in (?, ?) 
        and oe1_0.retry_count<?
2026-09-16T01:00:16.401+02:00 DEBUG 13392 --- [shecancode-attendance-system] [   scheduling-1] org.hibernate.SQL                        : 
    select
        oe1_0.id,
        oe1_0.aggregate_id,
        oe1_0.created_at,
        oe1_0.event_type,
        oe1_0.payload,
        oe1_0.processed_at,
        oe1_0.retry_count,
        oe1_0.status,
        oe1_0.updated_at 
    from
        attendance_outbox oe1_0 
    where
        oe1_0.status in (?, ?) 
        and oe1_0.retry_count<?
Hibernate: 
    select
        oe1_0.id,
        oe1_0.aggregate_id,
        oe1_0.created_at,
        oe1_0.event_type,
        oe1_0.payload,
        oe1_0.processed_at,
        oe1_0.retry_count,
        oe1_0.status,
        oe1_0.updated_at 
    from
        attendance_outbox oe1_0 
    where
        oe1_0.status in (?, ?) 
        and oe1_0.retry_count<?
2026-09-16T01:00:21.414+02:00 DEBUG 13392 --- [shecancode-attendance-system] [   scheduling-1] org.hibernate.SQL                        : 
    select
        oe1_0.id,
        oe1_0.aggregate_id,
        oe1_0.created_at,
        oe1_0.event_type,
        oe1_0.payload,
        oe1_0.processed_at,
        oe1_0.retry_count,
        oe1_0.status,
        oe1_0.updated_at 
    from
        attendance_outbox oe1_0 
    where
        oe1_0.status in (?, ?) 
        and oe1_0.retry_count<?
Hibernate: 
    select
        oe1_0.id,
        oe1_0.aggregate_id,
        oe1_0.created_at,
        oe1_0.event_type,
        oe1_0.payload,
        oe1_0.processed_at,
        oe1_0.retry_count,
        oe1_0.status,
        oe1_0.updated_at 
    from
        attendance_outbox oe1_0 
    where
        oe1_0.status in (?, ?) 
        and oe1_0.retry_count<?
2026-09-16T01:00:26.424+02:00 DEBUG 13392 --- [shecancode-attendance-system] [   scheduling-1] org.hibernate.SQL                        : 
    select
        oe1_0.id,
        oe1_0.aggregate_id,
        oe1_0.created_at,
        oe1_0.event_type,
        oe1_0.payload,
        oe1_0.processed_at,
        oe1_0.retry_count,
        oe1_0.status,
        oe1_0.updated_at 
    from
        attendance_outbox oe1_0 
    where
        oe1_0.status in (?, ?) 
        and oe1_0.retry_count<?
Hibernate: 
    select
        oe1_0.id,
        oe1_0.aggregate_id,
        oe1_0.created_at,
        oe1_0.event_type,
        oe1_0.payload,
        oe1_0.processed_at,
        oe1_0.retry_count,
        oe1_0.status,
        oe1_0.updated_at 
    from
        attendance_outbox oe1_0 
    where
        oe1_0.status in (?, ?) 
        and oe1_0.retry_count<?
2026-09-16T01:00:31.453+02:00 DEBUG 13392 --- [shecancode-attendance-system] [   scheduling-1] org.hibernate.SQL                        : 
    select
        oe1_0.id,
        oe1_0.aggregate_id,
        oe1_0.created_at,
        oe1_0.event_type,
        oe1_0.payload,
        oe1_0.processed_at,
        oe1_0.retry_count,
        oe1_0.status,
        oe1_0.updated_at 
    from
        attendance_outbox oe1_0 
    where
        oe1_0.status in (?, ?) 
        and oe1_0.retry_count<?
Hibernate: 
    select
        oe1_0.id,
        oe1_0.aggregate_id,
        oe1_0.created_at,
        oe1_0.event_type,
        oe1_0.payload,
        oe1_0.processed_at,
        oe1_0.retry_count,
        oe1_0.status,
        oe1_0.updated_at 
    from
        attendance_outbox oe1_0 
    where
        oe1_0.status in (?, ?) 
        and oe1_0.retry_count<?
2026-09-16T01:00:36.472+02:00 DEBUG 13392 --- [shecancode-attendance-system] [   scheduling-1] org.hibernate.SQL                        : 
    select
        oe1_0.id,
        oe1_0.aggregate_id,
        oe1_0.created_at,
        oe1_0.event_type,
        oe1_0.payload,
        oe1_0.processed_at,
        oe1_0.retry_count,
        oe1_0.status,
        oe1_0.updated_at 
    from
        attendance_outbox oe1_0 
    where
        oe1_0.status in (?, ?) 
        and oe1_0.retry_count<?
Hibernate: 
    select
        oe1_0.id,
        oe1_0.aggregate_id,
        oe1_0.created_at,
        oe1_0.event_type,
        oe1_0.payload,
        oe1_0.processed_at,
        oe1_0.retry_count,
        oe1_0.status,
        oe1_0.updated_at 
    from
        attendance_outbox oe1_0 
    where
        oe1_0.status in (?, ?) 
        and oe1_0.retry_count<?
2026-09-16T01:00:41.488+02:00 DEBUG 13392 --- [shecancode-attendance-system] [   scheduling-1] org.hibernate.SQL                        : 
    select
        oe1_0.id,
        oe1_0.aggregate_id,
        oe1_0.created_at,
        oe1_0.event_type,
        oe1_0.payload,
        oe1_0.processed_at,
        oe1_0.retry_count,
        oe1_0.status,
        oe1_0.updated_at 
    from
        attendance_outbox oe1_0 
    where
        oe1_0.status in (?, ?) 
        and oe1_0.retry_count<?
Hibernate: 
    select
        oe1_0.id,
        oe1_0.aggregate_id,
        oe1_0.created_at,
        oe1_0.event_type,
        oe1_0.payload,
        oe1_0.processed_at,
        oe1_0.retry_count,
        oe1_0.status,
        oe1_0.updated_at 
    from
        attendance_outbox oe1_0 
    where
        oe1_0.status in (?, ?) 
        and oe1_0.retry_count<?
2026-09-16T01:00:46.519+02:00 DEBUG 13392 --- [shecancode-attendance-system] [   scheduling-1] org.hibernate.SQL                        : 
    select
        oe1_0.id,
        oe1_0.aggregate_id,
        oe1_0.created_at,
        oe1_0.event_type,
        oe1_0.payload,
        oe1_0.processed_at,
        oe1_0.retry_count,
        oe1_0.status,
        oe1_0.updated_at 
    from
        attendance_outbox oe1_0 
    where
        oe1_0.status in (?, ?) 
        and oe1_0.retry_count<?
Hibernate: 
    select
        oe1_0.id,
        oe1_0.aggregate_id,
        oe1_0.created_at,
        oe1_0.event_type,
        oe1_0.payload,
        oe1_0.processed_at,
        oe1_0.retry_count,
        oe1_0.status,
        oe1_0.updated_at 
    from
        attendance_outbox oe1_0 
    where
        oe1_0.status in (?, ?) 
        and oe1_0.retry_count<?
2026-09-16T01:00:51.538+02:00 DEBUG 13392 --- [shecancode-attendance-system] [   scheduling-1] org.hibernate.SQL                        : 
    select
        oe1_0.id,
        oe1_0.aggregate_id,
        oe1_0.created_at,
        oe1_0.event_type,
        oe1_0.payload,
        oe1_0.processed_at,
        oe1_0.retry_count,
        oe1_0.status,
        oe1_0.updated_at 
    from
        attendance_outbox oe1_0 
    where
        oe1_0.status in (?, ?) 
        and oe1_0.retry_count<?
Hibernate: 
    select
        oe1_0.id,
        oe1_0.aggregate_id,
        oe1_0.created_at,
        oe1_0.event_type,
        oe1_0.payload,
        oe1_0.processed_at,
        oe1_0.retry_count,
        oe1_0.status,
        oe1_0.updated_at 
    from
        attendance_outbox oe1_0 
    where
        oe1_0.status in (?, ?) 
        and oe1_0.retry_count<?
2026-09-16T01:00:56.559+02:00 DEBUG 13392 --- [shecancode-attendance-system] [   scheduling-1] org.hibernate.SQL                        : 
    select
        oe1_0.id,
        oe1_0.aggregate_id,
        oe1_0.created_at,
        oe1_0.event_type,
        oe1_0.payload,
        oe1_0.processed_at,
        oe1_0.retry_count,
        oe1_0.status,
        oe1_0.updated_at 
    from
        attendance_outbox oe1_0 
    where
        oe1_0.status in (?, ?) 
        and oe1_0.retry_count<?
Hibernate: 
    select
        oe1_0.id,
        oe1_0.aggregate_id,
        oe1_0.created_at,
        oe1_0.event_type,
        oe1_0.payload,
        oe1_0.processed_at,
        oe1_0.retry_count,
        oe1_0.status,
        oe1_0.updated_at 
    from
        attendance_outbox oe1_0 
    where
        oe1_0.status in (?, ?) 
        and oe1_0.retry_count<?
2026-09-16T01:01:01.589+02:00 DEBUG 13392 --- [shecancode-attendance-system] [   scheduling-1] org.hibernate.SQL                        : 
    select
        oe1_0.id,
        oe1_0.aggregate_id,
        oe1_0.created_at,
        oe1_0.event_type,
        oe1_0.payload,
        oe1_0.processed_at,
        oe1_0.retry_count,
        oe1_0.status,
        oe1_0.updated_at 
    from
        attendance_outbox oe1_0 
    where
        oe1_0.status in (?, ?) 
        and oe1_0.retry_count<?
Hibernate: 
    select
        oe1_0.id,
        oe1_0.aggregate_id,
        oe1_0.created_at,
        oe1_0.event_type,
        oe1_0.payload,
        oe1_0.processed_at,
        oe1_0.retry_count,
        oe1_0.status,
        oe1_0.updated_at 
    from
        attendance_outbox oe1_0 
    where
        oe1_0.status in (?, ?) 
        and oe1_0.retry_count<?
2026-09-16T01:01:06.616+02:00 DEBUG 13392 --- [shecancode-attendance-system] [   scheduling-1] org.hibernate.SQL                        : 
    select
        oe1_0.id,
        oe1_0.aggregate_id,
        oe1_0.created_at,
        oe1_0.event_type,
        oe1_0.payload,
        oe1_0.processed_at,
        oe1_0.retry_count,
        oe1_0.status,
        oe1_0.updated_at 
    from
        attendance_outbox oe1_0 
    where
        oe1_0.status in (?, ?) 
        and oe1_0.retry_count<?
Hibernate: 
    select
        oe1_0.id,
        oe1_0.aggregate_id,
        oe1_0.created_at,
        oe1_0.event_type,
        oe1_0.payload,
        oe1_0.processed_at,
        oe1_0.retry_count,
        oe1_0.status,
        oe1_0.updated_at 
    from
        attendance_outbox oe1_0 
    where
        oe1_0.status in (?, ?) 
        and oe1_0.retry_count<?
2026-09-16T01:01:11.636+02:00 DEBUG 13392 --- [shecancode-attendance-system] [   scheduling-1] org.hibernate.SQL                        : 
    select
        oe1_0.id,
        oe1_0.aggregate_id,
        oe1_0.created_at,
        oe1_0.event_type,
        oe1_0.payload,
        oe1_0.processed_at,
        oe1_0.retry_count,
        oe1_0.status,
        oe1_0.updated_at 
    from
        attendance_outbox oe1_0 
    where
        oe1_0.status in (?, ?) 
        and oe1_0.retry_count<?
Hibernate: 
    select
        oe1_0.id,
        oe1_0.aggregate_id,
        oe1_0.created_at,
        oe1_0.event_type,
        oe1_0.payload,
        oe1_0.processed_at,
        oe1_0.retry_count,
        oe1_0.status,
        oe1_0.updated_at 
    from
        attendance_outbox oe1_0 
    where
        oe1_0.status in (?, ?) 
        and oe1_0.retry_count<?
2026-09-16T01:01:16.651+02:00 DEBUG 13392 --- [shecancode-attendance-system] [   scheduling-1] org.hibernate.SQL                        : 
    select
        oe1_0.id,
        oe1_0.aggregate_id,
        oe1_0.created_at,
        oe1_0.event_type,
        oe1_0.payload,
        oe1_0.processed_at,
        oe1_0.retry_count,
        oe1_0.status,
        oe1_0.updated_at 
    from
        attendance_outbox oe1_0 
    where
        oe1_0.status in (?, ?) 
        and oe1_0.retry_count<?
Hibernate: 
    select
        oe1_0.id,
        oe1_0.aggregate_id,
        oe1_0.created_at,
        oe1_0.event_type,
        oe1_0.payload,
        oe1_0.processed_at,
        oe1_0.retry_count,
        oe1_0.status,
        oe1_0.updated_at 
    from
        attendance_outbox oe1_0 
    where
        oe1_0.status in (?, ?) 
        and oe1_0.retry_count<?
2026-09-16T01:01:21.666+02:00 DEBUG 13392 --- [shecancode-attendance-system] [   scheduling-1] org.hibernate.SQL                        : 
    select
        oe1_0.id,
        oe1_0.aggregate_id,
        oe1_0.created_at,
        oe1_0.event_type,
        oe1_0.payload,
        oe1_0.processed_at,
        oe1_0.retry_count,
        oe1_0.status,
        oe1_0.updated_at 
    from
        attendance_outbox oe1_0 
    where
        oe1_0.status in (?, ?) 
        and oe1_0.retry_count<?
Hibernate: 
    select
        oe1_0.id,
        oe1_0.aggregate_id,
        oe1_0.created_at,
        oe1_0.event_type,
        oe1_0.payload,
        oe1_0.processed_at,
        oe1_0.retry_count,
        oe1_0.status,
        oe1_0.updated_at 
    from
        attendance_outbox oe1_0 
    where
        oe1_0.status in (?, ?) 
        and oe1_0.retry_count<?
2026-09-16T01:01:26.687+02:00 DEBUG 13392 --- [shecancode-attendance-system] [   scheduling-1] org.hibernate.SQL                        : 
    select
        oe1_0.id,
        oe1_0.aggregate_id,
        oe1_0.created_at,
        oe1_0.event_type,
        oe1_0.payload,
        oe1_0.processed_at,
        oe1_0.retry_count,
        oe1_0.status,
        oe1_0.updated_at 
    from
        attendance_outbox oe1_0 
    where
        oe1_0.status in (?, ?) 
        and oe1_0.retry_count<?
Hibernate: 
    select
        oe1_0.id,
        oe1_0.aggregate_id,
        oe1_0.created_at,
        oe1_0.event_type,
        oe1_0.payload,
        oe1_0.processed_at,
        oe1_0.retry_count,
        oe1_0.status,
        oe1_0.updated_at 
    from
        attendance_outbox oe1_0 
    where
        oe1_0.status in (?, ?) 
        and oe1_0.retry_count<?
2026-09-16T01:01:31.715+02:00 DEBUG 13392 --- [shecancode-attendance-system] [   scheduling-1] org.hibernate.SQL                        : 
    select
        oe1_0.id,
        oe1_0.aggregate_id,
        oe1_0.created_at,
        oe1_0.event_type,
        oe1_0.payload,
        oe1_0.processed_at,
        oe1_0.retry_count,
        oe1_0.status,
        oe1_0.updated_at 
    from
        attendance_outbox oe1_0 
    where
        oe1_0.status in (?, ?) 
        and oe1_0.retry_count<?
Hibernate: 
    select
        oe1_0.id,
        oe1_0.aggregate_id,
        oe1_0.created_at,
        oe1_0.event_type,
        oe1_0.payload,
        oe1_0.processed_at,
        oe1_0.retry_count,
        oe1_0.status,
        oe1_0.updated_at 
    from
        attendance_outbox oe1_0 
    where
        oe1_0.status in (?, ?) 
        and oe1_0.retry_count<?
2026-09-16T01:01:36.743+02:00 DEBUG 13392 --- [shecancode-attendance-system] [   scheduling-1] org.hibernate.SQL                        : 
    select
        oe1_0.id,
        oe1_0.aggregate_id,
        oe1_0.created_at,
        oe1_0.event_type,
        oe1_0.payload,
        oe1_0.processed_at,
        oe1_0.retry_count,
        oe1_0.status,
        oe1_0.updated_at 
    from
        attendance_outbox oe1_0 
    where
        oe1_0.status in (?, ?) 
        and oe1_0.retry_count<?
Hibernate: 
    select
        oe1_0.id,
        oe1_0.aggregate_id,
        oe1_0.created_at,
        oe1_0.event_type,
        oe1_0.payload,
        oe1_0.processed_at,
        oe1_0.retry_count,
        oe1_0.status,
        oe1_0.updated_at 
    from
        attendance_outbox oe1_0 
    where
        oe1_0.status in (?, ?) 
        and oe1_0.retry_count<?
2026-09-16T01:01:41.768+02:00 DEBUG 13392 --- [shecancode-attendance-system] [   scheduling-1] org.hibernate.SQL                        : 
    select
        oe1_0.id,
        oe1_0.aggregate_id,
        oe1_0.created_at,
        oe1_0.event_type,
        oe1_0.payload,
        oe1_0.processed_at,
        oe1_0.retry_count,
        oe1_0.status,
        oe1_0.updated_at 
    from
        attendance_outbox oe1_0 
    where
        oe1_0.status in (?, ?) 
        and oe1_0.retry_count<?
Hibernate: 
    select
        oe1_0.id,
        oe1_0.aggregate_id,
        oe1_0.created_at,
        oe1_0.event_type,
        oe1_0.payload,
        oe1_0.processed_at,
        oe1_0.retry_count,
        oe1_0.status,
        oe1_0.updated_at 
    from
        attendance_outbox oe1_0 
    where
        oe1_0.status in (?, ?) 
        and oe1_0.retry_count<?
2026-09-16T01:01:46.786+02:00 DEBUG 13392 --- [shecancode-attendance-system] [   scheduling-1] org.hibernate.SQL                        : 
    select
        oe1_0.id,
        oe1_0.aggregate_id,
        oe1_0.created_at,
        oe1_0.event_type,
        oe1_0.payload,
        oe1_0.processed_at,
        oe1_0.retry_count,
        oe1_0.status,
        oe1_0.updated_at 
    from
        attendance_outbox oe1_0 
    where
        oe1_0.status in (?, ?) 
        and oe1_0.retry_count<?
Hibernate: 
    select
        oe1_0.id,
        oe1_0.aggregate_id,
        oe1_0.created_at,
        oe1_0.event_type,
        oe1_0.payload,
        oe1_0.processed_at,
        oe1_0.retry_count,
        oe1_0.status,
        oe1_0.updated_at 
    from
        attendance_outbox oe1_0 
    where
        oe1_0.status in (?, ?) 
        and oe1_0.retry_count<?
2026-09-16T01:01:51.800+02:00 DEBUG 13392 --- [shecancode-attendance-system] [   scheduling-1] org.hibernate.SQL                        : 
    select
        oe1_0.id,
        oe1_0.aggregate_id,
        oe1_0.created_at,
        oe1_0.event_type,
        oe1_0.payload,
        oe1_0.processed_at,
        oe1_0.retry_count,
        oe1_0.status,
        oe1_0.updated_at 
    from
        attendance_outbox oe1_0 
    where
        oe1_0.status in (?, ?) 
        and oe1_0.retry_count<?
Hibernate: 
    select
        oe1_0.id,
        oe1_0.aggregate_id,
        oe1_0.created_at,
        oe1_0.event_type,
        oe1_0.payload,
        oe1_0.processed_at,
        oe1_0.retry_count,
        oe1_0.status,
        oe1_0.updated_at 
    from
        attendance_outbox oe1_0 
    where
        oe1_0.status in (?, ?) 
        and oe1_0.retry_count<?
2026-09-16T01:01:56.817+02:00 DEBUG 13392 --- [shecancode-attendance-system] [   scheduling-1] org.hibernate.SQL                        : 
    select
        oe1_0.id,
        oe1_0.aggregate_id,
        oe1_0.created_at,
        oe1_0.event_type,
        oe1_0.payload,
        oe1_0.processed_at,
        oe1_0.retry_count,
        oe1_0.status,
        oe1_0.updated_at 
    from
        attendance_outbox oe1_0 
    where
        oe1_0.status in (?, ?) 
        and oe1_0.retry_count<?
Hibernate: 
    select
        oe1_0.id,
        oe1_0.aggregate_id,
        oe1_0.created_at,
        oe1_0.event_type,
        oe1_0.payload,
        oe1_0.processed_at,
        oe1_0.retry_count,
        oe1_0.status,
        oe1_0.updated_at 
    from
        attendance_outbox oe1_0 
    where
        oe1_0.status in (?, ?) 
        and oe1_0.retry_count<?
2026-09-16T01:02:01.842+02:00 DEBUG 13392 --- [shecancode-attendance-system] [   scheduling-1] org.hibernate.SQL                        : 
    select
        oe1_0.id,
        oe1_0.aggregate_id,
        oe1_0.created_at,
        oe1_0.event_type,
        oe1_0.payload,
        oe1_0.processed_at,
        oe1_0.retry_count,
        oe1_0.status,
        oe1_0.updated_at 
    from
        attendance_outbox oe1_0 
    where
        oe1_0.status in (?, ?) 
        and oe1_0.retry_count<?
Hibernate: 
    select
        oe1_0.id,
        oe1_0.aggregate_id,
        oe1_0.created_at,
        oe1_0.event_type,
        oe1_0.payload,
        oe1_0.processed_at,
        oe1_0.retry_count,
        oe1_0.status,
        oe1_0.updated_at 
    from
        attendance_outbox oe1_0 
    where
        oe1_0.status in (?, ?) 
        and oe1_0.retry_count<?
2026-09-16T01:02:06.867+02:00 DEBUG 13392 --- [shecancode-attendance-system] [   scheduling-1] org.hibernate.SQL                        : 
    select
        oe1_0.id,
        oe1_0.aggregate_id,
        oe1_0.created_at,
        oe1_0.event_type,
        oe1_0.payload,
        oe1_0.processed_at,
        oe1_0.retry_count,
        oe1_0.status,
        oe1_0.updated_at 
    from
        attendance_outbox oe1_0 
    where
        oe1_0.status in (?, ?) 
        and oe1_0.retry_count<?
Hibernate: 
    select
        oe1_0.id,
        oe1_0.aggregate_id,
        oe1_0.created_at,
        oe1_0.event_type,
        oe1_0.payload,
        oe1_0.processed_at,
        oe1_0.retry_count,
        oe1_0.status,
        oe1_0.updated_at 
    from
        attendance_outbox oe1_0 
    where
        oe1_0.status in (?, ?) 
        and oe1_0.retry_count<?
2026-09-16T01:02:11.881+02:00 DEBUG 13392 --- [shecancode-attendance-system] [   scheduling-1] org.hibernate.SQL                        : 
    select
        oe1_0.id,
        oe1_0.aggregate_id,
        oe1_0.created_at,
        oe1_0.event_type,
        oe1_0.payload,
        oe1_0.processed_at,
        oe1_0.retry_count,
        oe1_0.status,
        oe1_0.updated_at 
    from
        attendance_outbox oe1_0 
    where
        oe1_0.status in (?, ?) 
        and oe1_0.retry_count<?
Hibernate: 
    select
        oe1_0.id,
        oe1_0.aggregate_id,
        oe1_0.created_at,
        oe1_0.event_type,
        oe1_0.payload,
        oe1_0.processed_at,
        oe1_0.retry_count,
        oe1_0.status,
        oe1_0.updated_at 
    from
        attendance_outbox oe1_0 
    where
        oe1_0.status in (?, ?) 
        and oe1_0.retry_count<?
2026-09-16T01:02:16.895+02:00 DEBUG 13392 --- [shecancode-attendance-system] [   scheduling-1] org.hibernate.SQL                        : 
    select
        oe1_0.id,
        oe1_0.aggregate_id,
        oe1_0.created_at,
        oe1_0.event_type,
        oe1_0.payload,
        oe1_0.processed_at,
        oe1_0.retry_count,
        oe1_0.status,
        oe1_0.updated_at 
    from
        attendance_outbox oe1_0 
    where
        oe1_0.status in (?, ?) 
        and oe1_0.retry_count<?
Hibernate: 
    select
        oe1_0.id,
        oe1_0.aggregate_id,
        oe1_0.created_at,
        oe1_0.event_type,
        oe1_0.payload,
        oe1_0.processed_at,
        oe1_0.retry_count,
        oe1_0.status,
        oe1_0.updated_at 
    from
        attendance_outbox oe1_0 
    where
        oe1_0.status in (?, ?) 
        and oe1_0.retry_count<?
2026-09-16T01:02:21.907+02:00 DEBUG 13392 --- [shecancode-attendance-system] [   scheduling-1] org.hibernate.SQL                        : 
    select
        oe1_0.id,
        oe1_0.aggregate_id,
        oe1_0.created_at,
        oe1_0.event_type,
        oe1_0.payload,
        oe1_0.processed_at,
        oe1_0.retry_count,
        oe1_0.status,
        oe1_0.updated_at 
    from
        attendance_outbox oe1_0 
    where
        oe1_0.status in (?, ?) 
        and oe1_0.retry_count<?
Hibernate: 
    select
        oe1_0.id,
        oe1_0.aggregate_id,
        oe1_0.created_at,
        oe1_0.event_type,
        oe1_0.payload,
        oe1_0.processed_at,
        oe1_0.retry_count,
        oe1_0.status,
        oe1_0.updated_at 
    from
        attendance_outbox oe1_0 
    where
        oe1_0.status in (?, ?) 
        and oe1_0.retry_count<?
2026-09-16T01:02:26.934+02:00 DEBUG 13392 --- [shecancode-attendance-system] [   scheduling-1] org.hibernate.SQL                        : 
    select
        oe1_0.id,
        oe1_0.aggregate_id,
        oe1_0.created_at,
        oe1_0.event_type,
        oe1_0.payload,
        oe1_0.processed_at,
        oe1_0.retry_count,
        oe1_0.status,
        oe1_0.updated_at 
    from
        attendance_outbox oe1_0 
    where
        oe1_0.status in (?, ?) 
        and oe1_0.retry_count<?
Hibernate: 
    select
        oe1_0.id,
        oe1_0.aggregate_id,
        oe1_0.created_at,
        oe1_0.event_type,
        oe1_0.payload,
        oe1_0.processed_at,
        oe1_0.retry_count,
        oe1_0.status,
        oe1_0.updated_at 
    from
        attendance_outbox oe1_0 
    where
        oe1_0.status in (?, ?) 
        and oe1_0.retry_count<?
2026-09-16T01:02:31.948+02:00 DEBUG 13392 --- [shecancode-attendance-system] [   scheduling-1] org.hibernate.SQL                        : 
    select
        oe1_0.id,
        oe1_0.aggregate_id,
        oe1_0.created_at,
        oe1_0.event_type,
        oe1_0.payload,
        oe1_0.processed_at,
        oe1_0.retry_count,
        oe1_0.status,
        oe1_0.updated_at 
    from
        attendance_outbox oe1_0 
    where
        oe1_0.status in (?, ?) 
        and oe1_0.retry_count<?
Hibernate: 
    select
        oe1_0.id,
        oe1_0.aggregate_id,
        oe1_0.created_at,
        oe1_0.event_type,
        oe1_0.payload,
        oe1_0.processed_at,
        oe1_0.retry_count,
        oe1_0.status,
        oe1_0.updated_at 
    from
        attendance_outbox oe1_0 
    where
        oe1_0.status in (?, ?) 
        and oe1_0.retry_count<?
2026-09-16T01:02:36.971+02:00 DEBUG 13392 --- [shecancode-attendance-system] [   scheduling-1] org.hibernate.SQL                        : 
    select
        oe1_0.id,
        oe1_0.aggregate_id,
        oe1_0.created_at,
        oe1_0.event_type,
        oe1_0.payload,
        oe1_0.processed_at,
        oe1_0.retry_count,
        oe1_0.status,
        oe1_0.updated_at 
    from
        attendance_outbox oe1_0 
    where
        oe1_0.status in (?, ?) 
        and oe1_0.retry_count<?
Hibernate: 
    select
        oe1_0.id,
        oe1_0.aggregate_id,
        oe1_0.created_at,
        oe1_0.event_type,
        oe1_0.payload,
        oe1_0.processed_at,
        oe1_0.retry_count,
        oe1_0.status,
        oe1_0.updated_at 
    from
        attendance_outbox oe1_0 
    where
        oe1_0.status in (?, ?) 
        and oe1_0.retry_count<?
2026-09-16T01:02:41.990+02:00 DEBUG 13392 --- [shecancode-attendance-system] [   scheduling-1] org.hibernate.SQL                        : 
    select
        oe1_0.id,
        oe1_0.aggregate_id,
        oe1_0.created_at,
        oe1_0.event_type,
        oe1_0.payload,
        oe1_0.processed_at,
        oe1_0.retry_count,
        oe1_0.status,
        oe1_0.updated_at 
    from
        attendance_outbox oe1_0 
    where
        oe1_0.status in (?, ?) 
        and oe1_0.retry_count<?
Hibernate: 
    select
        oe1_0.id,
        oe1_0.aggregate_id,
        oe1_0.created_at,
        oe1_0.event_type,
        oe1_0.payload,
        oe1_0.processed_at,
        oe1_0.retry_count,
        oe1_0.status,
        oe1_0.updated_at 
    from
        attendance_outbox oe1_0 
    where
        oe1_0.status in (?, ?) 
        and oe1_0.retry_count<?
2026-09-16T01:02:47.003+02:00 DEBUG 13392 --- [shecancode-attendance-system] [   scheduling-1] org.hibernate.SQL                        : 
    select
        oe1_0.id,
        oe1_0.aggregate_id,
        oe1_0.created_at,
        oe1_0.event_type,
        oe1_0.payload,
        oe1_0.processed_at,
        oe1_0.retry_count,
        oe1_0.status,
        oe1_0.updated_at 
    from
        attendance_outbox oe1_0 
    where
        oe1_0.status in (?, ?) 
        and oe1_0.retry_count<?
Hibernate: 
    select
        oe1_0.id,
        oe1_0.aggregate_id,
        oe1_0.created_at,
        oe1_0.event_type,
        oe1_0.payload,
        oe1_0.processed_at,
        oe1_0.retry_count,
        oe1_0.status,
        oe1_0.updated_at 
    from
        attendance_outbox oe1_0 
    where
        oe1_0.status in (?, ?) 
        and oe1_0.retry_count<?
2026-09-16T01:02:52.021+02:00 DEBUG 13392 --- [shecancode-attendance-system] [   scheduling-1] org.hibernate.SQL                        : 
    select
        oe1_0.id,
        oe1_0.aggregate_id,
        oe1_0.created_at,
        oe1_0.event_type,
        oe1_0.payload,
        oe1_0.processed_at,
        oe1_0.retry_count,
        oe1_0.status,
        oe1_0.updated_at 
    from
        attendance_outbox oe1_0 
    where
        oe1_0.status in (?, ?) 
        and oe1_0.retry_count<?
Hibernate: 
    select
        oe1_0.id,
        oe1_0.aggregate_id,
        oe1_0.created_at,
        oe1_0.event_type,
        oe1_0.payload,
        oe1_0.processed_at,
        oe1_0.retry_count,
        oe1_0.status,
        oe1_0.updated_at 
    from
        attendance_outbox oe1_0 
    where
        oe1_0.status in (?, ?) 
        and oe1_0.retry_count<?
2026-09-16T01:02:57.049+02:00 DEBUG 13392 --- [shecancode-attendance-system] [   scheduling-1] org.hibernate.SQL                        : 
    select
        oe1_0.id,
        oe1_0.aggregate_id,
        oe1_0.created_at,
        oe1_0.event_type,
        oe1_0.payload,
        oe1_0.processed_at,
        oe1_0.retry_count,
        oe1_0.status,
        oe1_0.updated_at 
    from
        attendance_outbox oe1_0 
    where
        oe1_0.status in (?, ?) 
        and oe1_0.retry_count<?
Hibernate: 
    select
        oe1_0.id,
        oe1_0.aggregate_id,
        oe1_0.created_at,
        oe1_0.event_type,
        oe1_0.payload,
        oe1_0.processed_at,
        oe1_0.retry_count,
        oe1_0.status,
        oe1_0.updated_at 
    from
        attendance_outbox oe1_0 
    where
        oe1_0.status in (?, ?) 
        and oe1_0.retry_count<?
2026-09-16T01:03:02.067+02:00 DEBUG 13392 --- [shecancode-attendance-system] [   scheduling-1] org.hibernate.SQL                        : 
    select
        oe1_0.id,
        oe1_0.aggregate_id,
        oe1_0.created_at,
        oe1_0.event_type,
        oe1_0.payload,
        oe1_0.processed_at,
        oe1_0.retry_count,
        oe1_0.status,
        oe1_0.updated_at 
    from
        attendance_outbox oe1_0 
    where
        oe1_0.status in (?, ?) 
        and oe1_0.retry_count<?
Hibernate: 
    select
        oe1_0.id,
        oe1_0.aggregate_id,
        oe1_0.created_at,
        oe1_0.event_type,
        oe1_0.payload,
        oe1_0.processed_at,
        oe1_0.retry_count,
        oe1_0.status,
        oe1_0.updated_at 
    from
        attendance_outbox oe1_0 
    where
        oe1_0.status in (?, ?) 
        and oe1_0.retry_count<?
2026-09-16T01:03:07.083+02:00 DEBUG 13392 --- [shecancode-attendance-system] [   scheduling-1] org.hibernate.SQL                        : 
    select
        oe1_0.id,
        oe1_0.aggregate_id,
        oe1_0.created_at,
        oe1_0.event_type,
        oe1_0.payload,
        oe1_0.processed_at,
        oe1_0.retry_count,
        oe1_0.status,
        oe1_0.updated_at 
    from
        attendance_outbox oe1_0 
    where
        oe1_0.status in (?, ?) 
        and oe1_0.retry_count<?
Hibernate: 
    select
        oe1_0.id,
        oe1_0.aggregate_id,
        oe1_0.created_at,
        oe1_0.event_type,
        oe1_0.payload,
        oe1_0.processed_at,
        oe1_0.retry_count,
        oe1_0.status,
        oe1_0.updated_at 
    from
        attendance_outbox oe1_0 
    where
        oe1_0.status in (?, ?) 
        and oe1_0.retry_count<?
2026-09-16T01:03:12.103+02:00 DEBUG 13392 --- [shecancode-attendance-system] [   scheduling-1] org.hibernate.SQL                        : 
    select
        oe1_0.id,
        oe1_0.aggregate_id,
        oe1_0.created_at,
        oe1_0.event_type,
        oe1_0.payload,
        oe1_0.processed_at,
        oe1_0.retry_count,
        oe1_0.status,
        oe1_0.updated_at 
    from
        attendance_outbox oe1_0 
    where
        oe1_0.status in (?, ?) 
        and oe1_0.retry_count<?
Hibernate: 
    select
        oe1_0.id,
        oe1_0.aggregate_id,
        oe1_0.created_at,
        oe1_0.event_type,
        oe1_0.payload,
        oe1_0.processed_at,
        oe1_0.retry_count,
        oe1_0.status,
        oe1_0.updated_at 
    from
        attendance_outbox oe1_0 
    where
        oe1_0.status in (?, ?) 
        and oe1_0.retry_count<?
2026-09-16T01:03:17.124+02:00 DEBUG 13392 --- [shecancode-attendance-system] [   scheduling-1] org.hibernate.SQL                        : 
    select
        oe1_0.id,
        oe1_0.aggregate_id,
        oe1_0.created_at,
        oe1_0.event_type,
        oe1_0.payload,
        oe1_0.processed_at,
        oe1_0.retry_count,
        oe1_0.status,
        oe1_0.updated_at 
    from
        attendance_outbox oe1_0 
    where
        oe1_0.status in (?, ?) 
        and oe1_0.retry_count<?
Hibernate: 
    select
        oe1_0.id,
        oe1_0.aggregate_id,
        oe1_0.created_at,
        oe1_0.event_type,
        oe1_0.payload,
        oe1_0.processed_at,
        oe1_0.retry_count,
        oe1_0.status,
        oe1_0.updated_at 
    from
        attendance_outbox oe1_0 
    where
        oe1_0.status in (?, ?) 
        and oe1_0.retry_count<?
2026-09-16T01:03:22.147+02:00 DEBUG 13392 --- [shecancode-attendance-system] [   scheduling-1] org.hibernate.SQL                        : 
    select
        oe1_0.id,
        oe1_0.aggregate_id,
        oe1_0.created_at,
        oe1_0.event_type,
        oe1_0.payload,
        oe1_0.processed_at,
        oe1_0.retry_count,
        oe1_0.status,
        oe1_0.updated_at 
    from
        attendance_outbox oe1_0 
    where
        oe1_0.status in (?, ?) 
        and oe1_0.retry_count<?
Hibernate: 
    select
        oe1_0.id,
        oe1_0.aggregate_id,
        oe1_0.created_at,
        oe1_0.event_type,
        oe1_0.payload,
        oe1_0.processed_at,
        oe1_0.retry_count,
        oe1_0.status,
        oe1_0.updated_at 
    from
        attendance_outbox oe1_0 
    where
        oe1_0.status in (?, ?) 
        and oe1_0.retry_count<?
2026-09-16T01:03:27.159+02:00 DEBUG 13392 --- [shecancode-attendance-system] [   scheduling-1] org.hibernate.SQL                        : 
    select
        oe1_0.id,
        oe1_0.aggregate_id,
        oe1_0.created_at,
        oe1_0.event_type,
        oe1_0.payload,
        oe1_0.processed_at,
        oe1_0.retry_count,
        oe1_0.status,
        oe1_0.updated_at 
    from
        attendance_outbox oe1_0 
    where
        oe1_0.status in (?, ?) 
        and oe1_0.retry_count<?
Hibernate: 
    select
        oe1_0.id,
        oe1_0.aggregate_id,
        oe1_0.created_at,
        oe1_0.event_type,
        oe1_0.payload,
        oe1_0.processed_at,
        oe1_0.retry_count,
        oe1_0.status,
        oe1_0.updated_at 
    from
        attendance_outbox oe1_0 
    where
        oe1_0.status in (?, ?) 
        and oe1_0.retry_count<?
2026-09-16T01:03:32.181+02:00 DEBUG 13392 --- [shecancode-attendance-system] [   scheduling-1] org.hibernate.SQL                        : 
    select
        oe1_0.id,
        oe1_0.aggregate_id,
        oe1_0.created_at,
        oe1_0.event_type,
        oe1_0.payload,
        oe1_0.processed_at,
        oe1_0.retry_count,
        oe1_0.status,
        oe1_0.updated_at 
    from
        attendance_outbox oe1_0 
    where
        oe1_0.status in (?, ?) 
        and oe1_0.retry_count<?
Hibernate: 
    select
        oe1_0.id,
        oe1_0.aggregate_id,
        oe1_0.created_at,
        oe1_0.event_type,
        oe1_0.payload,
        oe1_0.processed_at,
        oe1_0.retry_count,
        oe1_0.status,
        oe1_0.updated_at 
    from
        attendance_outbox oe1_0 
    where
        oe1_0.status in (?, ?) 
        and oe1_0.retry_count<?
2026-09-16T01:03:37.198+02:00 DEBUG 13392 --- [shecancode-attendance-system] [   scheduling-1] org.hibernate.SQL                        : 
    select
        oe1_0.id,
        oe1_0.aggregate_id,
        oe1_0.created_at,
        oe1_0.event_type,
        oe1_0.payload,
        oe1_0.processed_at,
        oe1_0.retry_count,
        oe1_0.status,
        oe1_0.updated_at 
    from
        attendance_outbox oe1_0 
    where
        oe1_0.status in (?, ?) 
        and oe1_0.retry_count<?
Hibernate: 
    select
        oe1_0.id,
        oe1_0.aggregate_id,
        oe1_0.created_at,
        oe1_0.event_type,
        oe1_0.payload,
        oe1_0.processed_at,
        oe1_0.retry_count,
        oe1_0.status,
        oe1_0.updated_at 
    from
        attendance_outbox oe1_0 
    where
        oe1_0.status in (?, ?) 
        and oe1_0.retry_count<?
2026-09-16T01:03:42.212+02:00 DEBUG 13392 --- [shecancode-attendance-system] [   scheduling-1] org.hibernate.SQL                        : 
    select
        oe1_0.id,
        oe1_0.aggregate_id,
        oe1_0.created_at,
        oe1_0.event_type,
        oe1_0.payload,
        oe1_0.processed_at,
        oe1_0.retry_count,
        oe1_0.status,
        oe1_0.updated_at 
    from
        attendance_outbox oe1_0 
    where
        oe1_0.status in (?, ?) 
        and oe1_0.retry_count<?
Hibernate: 
    select
        oe1_0.id,
        oe1_0.aggregate_id,
        oe1_0.created_at,
        oe1_0.event_type,
        oe1_0.payload,
        oe1_0.processed_at,
        oe1_0.retry_count,
        oe1_0.status,
        oe1_0.updated_at 
    from
        attendance_outbox oe1_0 
    where
        oe1_0.status in (?, ?) 
        and oe1_0.retry_count<?
2026-09-16T01:03:47.231+02:00 DEBUG 13392 --- [shecancode-attendance-system] [   scheduling-1] org.hibernate.SQL                        : 
    select
        oe1_0.id,
        oe1_0.aggregate_id,
        oe1_0.created_at,
        oe1_0.event_type,
        oe1_0.payload,
        oe1_0.processed_at,
        oe1_0.retry_count,
        oe1_0.status,
        oe1_0.updated_at 
    from
        attendance_outbox oe1_0 
    where
        oe1_0.status in (?, ?) 
        and oe1_0.retry_count<?
Hibernate: 
    select
        oe1_0.id,
        oe1_0.aggregate_id,
        oe1_0.created_at,
        oe1_0.event_type,
        oe1_0.payload,
        oe1_0.processed_at,
        oe1_0.retry_count,
        oe1_0.status,
        oe1_0.updated_at 
    from
        attendance_outbox oe1_0 
    where
        oe1_0.status in (?, ?) 
        and oe1_0.retry_count<?
2026-09-16T01:03:52.248+02:00 DEBUG 13392 --- [shecancode-attendance-system] [   scheduling-1] org.hibernate.SQL                        : 
    select
        oe1_0.id,
        oe1_0.aggregate_id,
        oe1_0.created_at,
        oe1_0.event_type,
        oe1_0.payload,
        oe1_0.processed_at,
        oe1_0.retry_count,
        oe1_0.status,
        oe1_0.updated_at 
    from
        attendance_outbox oe1_0 
    where
        oe1_0.status in (?, ?) 
        and oe1_0.retry_count<?
Hibernate: 
    select
        oe1_0.id,
        oe1_0.aggregate_id,
        oe1_0.created_at,
        oe1_0.event_type,
        oe1_0.payload,
        oe1_0.processed_at,
        oe1_0.retry_count,
        oe1_0.status,
        oe1_0.updated_at 
    from
        attendance_outbox oe1_0 
    where
        oe1_0.status in (?, ?) 
        and oe1_0.retry_count<?
2026-09-16T01:03:57.265+02:00 DEBUG 13392 --- [shecancode-attendance-system] [   scheduling-1] org.hibernate.SQL                        : 
    select
        oe1_0.id,
        oe1_0.aggregate_id,
        oe1_0.created_at,
        oe1_0.event_type,
        oe1_0.payload,
        oe1_0.processed_at,
        oe1_0.retry_count,
        oe1_0.status,
        oe1_0.updated_at 
    from
        attendance_outbox oe1_0 
    where
        oe1_0.status in (?, ?) 
        and oe1_0.retry_count<?
Hibernate: 
    select
        oe1_0.id,
        oe1_0.aggregate_id,
        oe1_0.created_at,
        oe1_0.event_type,
        oe1_0.payload,
        oe1_0.processed_at,
        oe1_0.retry_count,
        oe1_0.status,
        oe1_0.updated_at 
    from
        attendance_outbox oe1_0 
    where
        oe1_0.status in (?, ?) 
        and oe1_0.retry_count<?
2026-09-16T01:04:02.287+02:00 DEBUG 13392 --- [shecancode-attendance-system] [   scheduling-1] org.hibernate.SQL                        : 
    select
        oe1_0.id,
        oe1_0.aggregate_id,
        oe1_0.created_at,
        oe1_0.event_type,
        oe1_0.payload,
        oe1_0.processed_at,
        oe1_0.retry_count,
        oe1_0.status,
        oe1_0.updated_at 
    from
        attendance_outbox oe1_0 
    where
        oe1_0.status in (?, ?) 
        and oe1_0.retry_count<?
Hibernate: 
    select
        oe1_0.id,
        oe1_0.aggregate_id,
        oe1_0.created_at,
        oe1_0.event_type,
        oe1_0.payload,
        oe1_0.processed_at,
        oe1_0.retry_count,
        oe1_0.status,
        oe1_0.updated_at 
    from
        attendance_outbox oe1_0 
    where
        oe1_0.status in (?, ?) 
        and oe1_0.retry_count<?
2026-09-16T01:04:07.306+02:00 DEBUG 13392 --- [shecancode-attendance-system] [   scheduling-1] org.hibernate.SQL                        : 
    select
        oe1_0.id,
        oe1_0.aggregate_id,
        oe1_0.created_at,
        oe1_0.event_type,
        oe1_0.payload,
        oe1_0.processed_at,
        oe1_0.retry_count,
        oe1_0.status,
        oe1_0.updated_at 
    from
        attendance_outbox oe1_0 
    where
        oe1_0.status in (?, ?) 
        and oe1_0.retry_count<?
Hibernate: 
    select
        oe1_0.id,
        oe1_0.aggregate_id,
        oe1_0.created_at,
        oe1_0.event_type,
        oe1_0.payload,
        oe1_0.processed_at,
        oe1_0.retry_count,
        oe1_0.status,
        oe1_0.updated_at 
    from
        attendance_outbox oe1_0 
    where
        oe1_0.status in (?, ?) 
        and oe1_0.retry_count<?
2026-09-16T01:04:12.321+02:00 DEBUG 13392 --- [shecancode-attendance-system] [   scheduling-1] org.hibernate.SQL                        : 
    select
        oe1_0.id,
        oe1_0.aggregate_id,
        oe1_0.created_at,
        oe1_0.event_type,
        oe1_0.payload,
        oe1_0.processed_at,
        oe1_0.retry_count,
        oe1_0.status,
        oe1_0.updated_at 
    from
        attendance_outbox oe1_0 
    where
        oe1_0.status in (?, ?) 
        and oe1_0.retry_count<?
Hibernate: 
    select
        oe1_0.id,
        oe1_0.aggregate_id,
        oe1_0.created_at,
        oe1_0.event_type,
        oe1_0.payload,
        oe1_0.processed_at,
        oe1_0.retry_count,
        oe1_0.status,
        oe1_0.updated_at 
    from
        attendance_outbox oe1_0 
    where
        oe1_0.status in (?, ?) 
        and oe1_0.retry_count<?
2026-09-16T01:04:17.337+02:00 DEBUG 13392 --- [shecancode-attendance-system] [   scheduling-1] org.hibernate.SQL                        : 
    select
        oe1_0.id,
        oe1_0.aggregate_id,
        oe1_0.created_at,
        oe1_0.event_type,
        oe1_0.payload,
        oe1_0.processed_at,
        oe1_0.retry_count,
        oe1_0.status,
        oe1_0.updated_at 
    from
        attendance_outbox oe1_0 
    where
        oe1_0.status in (?, ?) 
        and oe1_0.retry_count<?
Hibernate: 
    select
        oe1_0.id,
        oe1_0.aggregate_id,
        oe1_0.created_at,
        oe1_0.event_type,
        oe1_0.payload,
        oe1_0.processed_at,
        oe1_0.retry_count,
        oe1_0.status,
        oe1_0.updated_at 
    from
        attendance_outbox oe1_0 
    where
        oe1_0.status in (?, ?) 
        and oe1_0.retry_count<?
2026-09-16T01:04:22.362+02:00 DEBUG 13392 --- [shecancode-attendance-system] [   scheduling-1] org.hibernate.SQL                        : 
    select
        oe1_0.id,
        oe1_0.aggregate_id,
        oe1_0.created_at,
        oe1_0.event_type,
        oe1_0.payload,
        oe1_0.processed_at,
        oe1_0.retry_count,
        oe1_0.status,
        oe1_0.updated_at 
    from
        attendance_outbox oe1_0 
    where
        oe1_0.status in (?, ?) 
        and oe1_0.retry_count<?
Hibernate: 
    select
        oe1_0.id,
        oe1_0.aggregate_id,
        oe1_0.created_at,
        oe1_0.event_type,
        oe1_0.payload,
        oe1_0.processed_at,
        oe1_0.retry_count,
        oe1_0.status,
        oe1_0.updated_at 
    from
        attendance_outbox oe1_0 
    where
        oe1_0.status in (?, ?) 
        and oe1_0.retry_count<?
2026-09-16T01:04:27.376+02:00 DEBUG 13392 --- [shecancode-attendance-system] [   scheduling-1] org.hibernate.SQL                        : 
    select
        oe1_0.id,
        oe1_0.aggregate_id,
        oe1_0.created_at,
        oe1_0.event_type,
        oe1_0.payload,
        oe1_0.processed_at,
        oe1_0.retry_count,
        oe1_0.status,
        oe1_0.updated_at 
    from
        attendance_outbox oe1_0 
    where
        oe1_0.status in (?, ?) 
        and oe1_0.retry_count<?
Hibernate: 
    select
        oe1_0.id,
        oe1_0.aggregate_id,
        oe1_0.created_at,
        oe1_0.event_type,
        oe1_0.payload,
        oe1_0.processed_at,
        oe1_0.retry_count,
        oe1_0.status,
        oe1_0.updated_at 
    from
        attendance_outbox oe1_0 
    where
        oe1_0.status in (?, ?) 
        and oe1_0.retry_count<?
2026-09-16T01:04:32.396+02:00 DEBUG 13392 --- [shecancode-attendance-system] [   scheduling-1] org.hibernate.SQL                        : 
    select
        oe1_0.id,
        oe1_0.aggregate_id,
        oe1_0.created_at,
        oe1_0.event_type,
        oe1_0.payload,
        oe1_0.processed_at,
        oe1_0.retry_count,
        oe1_0.status,
        oe1_0.updated_at 
    from
        attendance_outbox oe1_0 
    where
        oe1_0.status in (?, ?) 
        and oe1_0.retry_count<?
Hibernate: 
    select
        oe1_0.id,
        oe1_0.aggregate_id,
        oe1_0.created_at,
        oe1_0.event_type,
        oe1_0.payload,
        oe1_0.processed_at,
        oe1_0.retry_count,
        oe1_0.status,
        oe1_0.updated_at 
    from
        attendance_outbox oe1_0 
    where
        oe1_0.status in (?, ?) 
        and oe1_0.retry_count<?
2026-09-16T01:04:37.415+02:00 DEBUG 13392 --- [shecancode-attendance-system] [   scheduling-1] org.hibernate.SQL                        : 
    select
        oe1_0.id,
        oe1_0.aggregate_id,
        oe1_0.created_at,
        oe1_0.event_type,
        oe1_0.payload,
        oe1_0.processed_at,
        oe1_0.retry_count,
        oe1_0.status,
        oe1_0.updated_at 
    from
        attendance_outbox oe1_0 
    where
        oe1_0.status in (?, ?) 
        and oe1_0.retry_count<?
Hibernate: 
    select
        oe1_0.id,
        oe1_0.aggregate_id,
        oe1_0.created_at,
        oe1_0.event_type,
        oe1_0.payload,
        oe1_0.processed_at,
        oe1_0.retry_count,
        oe1_0.status,
        oe1_0.updated_at 
    from
        attendance_outbox oe1_0 
    where
        oe1_0.status in (?, ?) 
        and oe1_0.retry_count<?
2026-09-16T01:04:42.449+02:00 DEBUG 13392 --- [shecancode-attendance-system] [   scheduling-1] org.hibernate.SQL                        : 
    select
        oe1_0.id,
        oe1_0.aggregate_id,
        oe1_0.created_at,
        oe1_0.event_type,
        oe1_0.payload,
        oe1_0.processed_at,
        oe1_0.retry_count,
        oe1_0.status,
        oe1_0.updated_at 
    from
        attendance_outbox oe1_0 
    where
        oe1_0.status in (?, ?) 
        and oe1_0.retry_count<?
Hibernate: 
    select
        oe1_0.id,
        oe1_0.aggregate_id,
        oe1_0.created_at,
        oe1_0.event_type,
        oe1_0.payload,
        oe1_0.processed_at,
        oe1_0.retry_count,
        oe1_0.status,
        oe1_0.updated_at 
    from
        attendance_outbox oe1_0 
    where
        oe1_0.status in (?, ?) 
        and oe1_0.retry_count<?
2026-09-16T01:04:47.481+02:00 DEBUG 13392 --- [shecancode-attendance-system] [   scheduling-1] org.hibernate.SQL                        : 
    select
        oe1_0.id,
        oe1_0.aggregate_id,
        oe1_0.created_at,
        oe1_0.event_type,
        oe1_0.payload,
        oe1_0.processed_at,
        oe1_0.retry_count,
        oe1_0.status,
        oe1_0.updated_at 
    from
        attendance_outbox oe1_0 
    where
        oe1_0.status in (?, ?) 
        and oe1_0.retry_count<?
Hibernate: 
    select
        oe1_0.id,
        oe1_0.aggregate_id,
        oe1_0.created_at,
        oe1_0.event_type,
        oe1_0.payload,
        oe1_0.processed_at,
        oe1_0.retry_count,
        oe1_0.status,
        oe1_0.updated_at 
    from
        attendance_outbox oe1_0 
    where
        oe1_0.status in (?, ?) 
        and oe1_0.retry_count<?
2026-09-16T01:04:52.509+02:00 DEBUG 13392 --- [shecancode-attendance-system] [   scheduling-1] org.hibernate.SQL                        : 
    select
        oe1_0.id,
        oe1_0.aggregate_id,
        oe1_0.created_at,
        oe1_0.event_type,
        oe1_0.payload,
        oe1_0.processed_at,
        oe1_0.retry_count,
        oe1_0.status,
        oe1_0.updated_at 
    from
        attendance_outbox oe1_0 
    where
        oe1_0.status in (?, ?) 
        and oe1_0.retry_count<?
Hibernate: 
    select
        oe1_0.id,
        oe1_0.aggregate_id,
        oe1_0.created_at,
        oe1_0.event_type,
        oe1_0.payload,
        oe1_0.processed_at,
        oe1_0.retry_count,
        oe1_0.status,
        oe1_0.updated_at 
    from
        attendance_outbox oe1_0 
    where
        oe1_0.status in (?, ?) 
        and oe1_0.retry_count<?
2026-09-16T01:04:57.528+02:00 DEBUG 13392 --- [shecancode-attendance-system] [   scheduling-1] org.hibernate.SQL                        : 
    select
        oe1_0.id,
        oe1_0.aggregate_id,
        oe1_0.created_at,
        oe1_0.event_type,
        oe1_0.payload,
        oe1_0.processed_at,
        oe1_0.retry_count,
        oe1_0.status,
        oe1_0.updated_at 
    from
        attendance_outbox oe1_0 
    where
        oe1_0.status in (?, ?) 
        and oe1_0.retry_count<?
Hibernate: 
    select
        oe1_0.id,
        oe1_0.aggregate_id,
        oe1_0.created_at,
        oe1_0.event_type,
        oe1_0.payload,
        oe1_0.processed_at,
        oe1_0.retry_count,
        oe1_0.status,
        oe1_0.updated_at 
    from
        attendance_outbox oe1_0 
    where
        oe1_0.status in (?, ?) 
        and oe1_0.retry_count<?
2026-09-16T01:05:02.553+02:00 DEBUG 13392 --- [shecancode-attendance-system] [   scheduling-1] org.hibernate.SQL                        : 
    select
        oe1_0.id,
        oe1_0.aggregate_id,
        oe1_0.created_at,
        oe1_0.event_type,
        oe1_0.payload,
        oe1_0.processed_at,
        oe1_0.retry_count,
        oe1_0.status,
        oe1_0.updated_at 
    from
        attendance_outbox oe1_0 
    where
        oe1_0.status in (?, ?) 
        and oe1_0.retry_count<?
Hibernate: 
    select
        oe1_0.id,
        oe1_0.aggregate_id,
        oe1_0.created_at,
        oe1_0.event_type,
        oe1_0.payload,
        oe1_0.processed_at,
        oe1_0.retry_count,
        oe1_0.status,
        oe1_0.updated_at 
    from
        attendance_outbox oe1_0 
    where
        oe1_0.status in (?, ?) 
        and oe1_0.retry_count<?
2026-09-16T01:05:07.579+02:00 DEBUG 13392 --- [shecancode-attendance-system] [   scheduling-1] org.hibernate.SQL                        : 
    select
        oe1_0.id,
        oe1_0.aggregate_id,
        oe1_0.created_at,
        oe1_0.event_type,
        oe1_0.payload,
        oe1_0.processed_at,
        oe1_0.retry_count,
        oe1_0.status,
        oe1_0.updated_at 
    from
        attendance_outbox oe1_0 
    where
        oe1_0.status in (?, ?) 
        and oe1_0.retry_count<?
Hibernate: 
    select
        oe1_0.id,
        oe1_0.aggregate_id,
        oe1_0.created_at,
        oe1_0.event_type,
        oe1_0.payload,
        oe1_0.processed_at,
        oe1_0.retry_count,
        oe1_0.status,
        oe1_0.updated_at 
    from
        attendance_outbox oe1_0 
    where
        oe1_0.status in (?, ?) 
        and oe1_0.retry_count<?
2026-09-16T01:05:12.595+02:00 DEBUG 13392 --- [shecancode-attendance-system] [   scheduling-1] org.hibernate.SQL                        : 
    select
        oe1_0.id,
        oe1_0.aggregate_id,
        oe1_0.created_at,
        oe1_0.event_type,
        oe1_0.payload,
        oe1_0.processed_at,
        oe1_0.retry_count,
        oe1_0.status,
        oe1_0.updated_at 
    from
        attendance_outbox oe1_0 
    where
        oe1_0.status in (?, ?) 
        and oe1_0.retry_count<?
Hibernate: 
    select
        oe1_0.id,
        oe1_0.aggregate_id,
        oe1_0.created_at,
        oe1_0.event_type,
        oe1_0.payload,
        oe1_0.processed_at,
        oe1_0.retry_count,
        oe1_0.status,
        oe1_0.updated_at 
    from
        attendance_outbox oe1_0 
    where
        oe1_0.status in (?, ?) 
        and oe1_0.retry_count<?
2026-09-16T01:05:17.614+02:00 DEBUG 13392 --- [shecancode-attendance-system] [   scheduling-1] org.hibernate.SQL                        : 
    select
        oe1_0.id,
        oe1_0.aggregate_id,
        oe1_0.created_at,
        oe1_0.event_type,
        oe1_0.payload,
        oe1_0.processed_at,
        oe1_0.retry_count,
        oe1_0.status,
        oe1_0.updated_at 
    from
        attendance_outbox oe1_0 
    where
        oe1_0.status in (?, ?) 
        and oe1_0.retry_count<?
Hibernate: 
    select
        oe1_0.id,
        oe1_0.aggregate_id,
        oe1_0.created_at,
        oe1_0.event_type,
        oe1_0.payload,
        oe1_0.processed_at,
        oe1_0.retry_count,
        oe1_0.status,
        oe1_0.updated_at 
    from
        attendance_outbox oe1_0 
    where
        oe1_0.status in (?, ?) 
        and oe1_0.retry_count<?
2026-09-16T01:05:22.629+02:00 DEBUG 13392 --- [shecancode-attendance-system] [   scheduling-1] org.hibernate.SQL                        : 
    select
        oe1_0.id,
        oe1_0.aggregate_id,
        oe1_0.created_at,
        oe1_0.event_type,
        oe1_0.payload,
        oe1_0.processed_at,
        oe1_0.retry_count,
        oe1_0.status,
        oe1_0.updated_at 
    from
        attendance_outbox oe1_0 
    where
        oe1_0.status in (?, ?) 
        and oe1_0.retry_count<?
Hibernate: 
    select
        oe1_0.id,
        oe1_0.aggregate_id,
        oe1_0.created_at,
        oe1_0.event_type,
        oe1_0.payload,
        oe1_0.processed_at,
        oe1_0.retry_count,
        oe1_0.status,
        oe1_0.updated_at 
    from
        attendance_outbox oe1_0 
    where
        oe1_0.status in (?, ?) 
        and oe1_0.retry_count<?
2026-09-16T01:05:27.649+02:00 DEBUG 13392 --- [shecancode-attendance-system] [   scheduling-1] org.hibernate.SQL                        : 
    select
        oe1_0.id,
        oe1_0.aggregate_id,
        oe1_0.created_at,
        oe1_0.event_type,
        oe1_0.payload,
        oe1_0.processed_at,
        oe1_0.retry_count,
        oe1_0.status,
        oe1_0.updated_at 
    from
        attendance_outbox oe1_0 
    where
        oe1_0.status in (?, ?) 
        and oe1_0.retry_count<?
Hibernate: 
    select
        oe1_0.id,
        oe1_0.aggregate_id,
        oe1_0.created_at,
        oe1_0.event_type,
        oe1_0.payload,
        oe1_0.processed_at,
        oe1_0.retry_count,
        oe1_0.status,
        oe1_0.updated_at 
    from
        attendance_outbox oe1_0 
    where
        oe1_0.status in (?, ?) 
        and oe1_0.retry_count<?
2026-09-16T01:05:32.665+02:00 DEBUG 13392 --- [shecancode-attendance-system] [   scheduling-1] org.hibernate.SQL                        : 
    select
        oe1_0.id,
        oe1_0.aggregate_id,
        oe1_0.created_at,
        oe1_0.event_type,
        oe1_0.payload,
        oe1_0.processed_at,
        oe1_0.retry_count,
        oe1_0.status,
        oe1_0.updated_at 
    from
        attendance_outbox oe1_0 
    where
        oe1_0.status in (?, ?) 
        and oe1_0.retry_count<?
Hibernate: 
    select
        oe1_0.id,
        oe1_0.aggregate_id,
        oe1_0.created_at,
        oe1_0.event_type,
        oe1_0.payload,
        oe1_0.processed_at,
        oe1_0.retry_count,
        oe1_0.status,
        oe1_0.updated_at 
    from
        attendance_outbox oe1_0 
    where
        oe1_0.status in (?, ?) 
        and oe1_0.retry_count<?
2026-09-16T01:05:37.679+02:00 DEBUG 13392 --- [shecancode-attendance-system] [   scheduling-1] org.hibernate.SQL                        : 
    select
        oe1_0.id,
        oe1_0.aggregate_id,
        oe1_0.created_at,
        oe1_0.event_type,
        oe1_0.payload,
        oe1_0.processed_at,
        oe1_0.retry_count,
        oe1_0.status,
        oe1_0.updated_at 
    from
        attendance_outbox oe1_0 
    where
        oe1_0.status in (?, ?) 
        and oe1_0.retry_count<?
Hibernate: 
    select
        oe1_0.id,
        oe1_0.aggregate_id,
        oe1_0.created_at,
        oe1_0.event_type,
        oe1_0.payload,
        oe1_0.processed_at,
        oe1_0.retry_count,
        oe1_0.status,
        oe1_0.updated_at 
    from
        attendance_outbox oe1_0 
    where
        oe1_0.status in (?, ?) 
        and oe1_0.retry_count<?
2026-09-16T01:05:42.694+02:00 DEBUG 13392 --- [shecancode-attendance-system] [   scheduling-1] org.hibernate.SQL                        : 
    select
        oe1_0.id,
        oe1_0.aggregate_id,
        oe1_0.created_at,
        oe1_0.event_type,
        oe1_0.payload,
        oe1_0.processed_at,
        oe1_0.retry_count,
        oe1_0.status,
        oe1_0.updated_at 
    from
        attendance_outbox oe1_0 
    where
        oe1_0.status in (?, ?) 
        and oe1_0.retry_count<?
Hibernate: 
    select
        oe1_0.id,
        oe1_0.aggregate_id,
        oe1_0.created_at,
        oe1_0.event_type,
        oe1_0.payload,
        oe1_0.processed_at,
        oe1_0.retry_count,
        oe1_0.status,
        oe1_0.updated_at 
    from
        attendance_outbox oe1_0 
    where
        oe1_0.status in (?, ?) 
        and oe1_0.retry_count<?
2026-09-16T01:05:47.727+02:00 DEBUG 13392 --- [shecancode-attendance-system] [   scheduling-1] org.hibernate.SQL                        : 
    select
        oe1_0.id,
        oe1_0.aggregate_id,
        oe1_0.created_at,
        oe1_0.event_type,
        oe1_0.payload,
        oe1_0.processed_at,
        oe1_0.retry_count,
        oe1_0.status,
        oe1_0.updated_at 
    from
        attendance_outbox oe1_0 
    where
        oe1_0.status in (?, ?) 
        and oe1_0.retry_count<?
Hibernate: 
    select
        oe1_0.id,
        oe1_0.aggregate_id,
        oe1_0.created_at,
        oe1_0.event_type,
        oe1_0.payload,
        oe1_0.processed_at,
        oe1_0.retry_count,
        oe1_0.status,
        oe1_0.updated_at 
    from
        attendance_outbox oe1_0 
    where
        oe1_0.status in (?, ?) 
        and oe1_0.retry_count<?
2026-09-16T01:05:52.743+02:00 DEBUG 13392 --- [shecancode-attendance-system] [   scheduling-1] org.hibernate.SQL                        : 
    select
        oe1_0.id,
        oe1_0.aggregate_id,
        oe1_0.created_at,
        oe1_0.event_type,
        oe1_0.payload,
        oe1_0.processed_at,
        oe1_0.retry_count,
        oe1_0.status,
        oe1_0.updated_at 
    from
        attendance_outbox oe1_0 
    where
        oe1_0.status in (?, ?) 
        and oe1_0.retry_count<?
Hibernate: 
    select
        oe1_0.id,
        oe1_0.aggregate_id,
        oe1_0.created_at,
        oe1_0.event_type,
        oe1_0.payload,
        oe1_0.processed_at,
        oe1_0.retry_count,
        oe1_0.status,
        oe1_0.updated_at 
    from
        attendance_outbox oe1_0 
    where
        oe1_0.status in (?, ?) 
        and oe1_0.retry_count<?
2026-09-16T01:05:57.770+02:00 DEBUG 13392 --- [shecancode-attendance-system] [   scheduling-1] org.hibernate.SQL                        : 
    select
        oe1_0.id,
        oe1_0.aggregate_id,
        oe1_0.created_at,
        oe1_0.event_type,
        oe1_0.payload,
        oe1_0.processed_at,
        oe1_0.retry_count,
        oe1_0.status,
        oe1_0.updated_at 
    from
        attendance_outbox oe1_0 
    where
        oe1_0.status in (?, ?) 
        and oe1_0.retry_count<?
Hibernate: 
    select
        oe1_0.id,
        oe1_0.aggregate_id,
        oe1_0.created_at,
        oe1_0.event_type,
        oe1_0.payload,
        oe1_0.processed_at,
        oe1_0.retry_count,
        oe1_0.status,
        oe1_0.updated_at 
    from
        attendance_outbox oe1_0 
    where
        oe1_0.status in (?, ?) 
        and oe1_0.retry_count<?
2026-09-16T01:06:02.786+02:00 DEBUG 13392 --- [shecancode-attendance-system] [   scheduling-1] org.hibernate.SQL                        : 
    select
        oe1_0.id,
        oe1_0.aggregate_id,
        oe1_0.created_at,
        oe1_0.event_type,
        oe1_0.payload,
        oe1_0.processed_at,
        oe1_0.retry_count,
        oe1_0.status,
        oe1_0.updated_at 
    from
        attendance_outbox oe1_0 
    where
        oe1_0.status in (?, ?) 
        and oe1_0.retry_count<?
Hibernate: 
    select
        oe1_0.id,
        oe1_0.aggregate_id,
        oe1_0.created_at,
        oe1_0.event_type,
        oe1_0.payload,
        oe1_0.processed_at,
        oe1_0.retry_count,
        oe1_0.status,
        oe1_0.updated_at 
    from
        attendance_outbox oe1_0 
    where
        oe1_0.status in (?, ?) 
        and oe1_0.retry_count<?
2026-09-16T01:06:07.801+02:00 DEBUG 13392 --- [shecancode-attendance-system] [   scheduling-1] org.hibernate.SQL                        : 
    select
        oe1_0.id,
        oe1_0.aggregate_id,
        oe1_0.created_at,
        oe1_0.event_type,
        oe1_0.payload,
        oe1_0.processed_at,
        oe1_0.retry_count,
        oe1_0.status,
        oe1_0.updated_at 
    from
        attendance_outbox oe1_0 
    where
        oe1_0.status in (?, ?) 
        and oe1_0.retry_count<?
Hibernate: 
    select
        oe1_0.id,
        oe1_0.aggregate_id,
        oe1_0.created_at,
        oe1_0.event_type,
        oe1_0.payload,
        oe1_0.processed_at,
        oe1_0.retry_count,
        oe1_0.status,
        oe1_0.updated_at 
    from
        attendance_outbox oe1_0 
    where
        oe1_0.status in (?, ?) 
        and oe1_0.retry_count<?
2026-09-16T01:06:12.825+02:00 DEBUG 13392 --- [shecancode-attendance-system] [   scheduling-1] org.hibernate.SQL                        : 
    select
        oe1_0.id,
        oe1_0.aggregate_id,
        oe1_0.created_at,
        oe1_0.event_type,
        oe1_0.payload,
        oe1_0.processed_at,
        oe1_0.retry_count,
        oe1_0.status,
        oe1_0.updated_at 
    from
        attendance_outbox oe1_0 
    where
        oe1_0.status in (?, ?) 
        and oe1_0.retry_count<?
Hibernate: 
    select
        oe1_0.id,
        oe1_0.aggregate_id,
        oe1_0.created_at,
        oe1_0.event_type,
        oe1_0.payload,
        oe1_0.processed_at,
        oe1_0.retry_count,
        oe1_0.status,
        oe1_0.updated_at 
    from
        attendance_outbox oe1_0 
    where
        oe1_0.status in (?, ?) 
        and oe1_0.retry_count<?
2026-09-16T01:06:17.844+02:00 DEBUG 13392 --- [shecancode-attendance-system] [   scheduling-1] org.hibernate.SQL                        : 
    select
        oe1_0.id,
        oe1_0.aggregate_id,
        oe1_0.created_at,
        oe1_0.event_type,
        oe1_0.payload,
        oe1_0.processed_at,
        oe1_0.retry_count,
        oe1_0.status,
        oe1_0.updated_at 
    from
        attendance_outbox oe1_0 
    where
        oe1_0.status in (?, ?) 
        and oe1_0.retry_count<?
Hibernate: 
    select
        oe1_0.id,
        oe1_0.aggregate_id,
        oe1_0.created_at,
        oe1_0.event_type,
        oe1_0.payload,
        oe1_0.processed_at,
        oe1_0.retry_count,
        oe1_0.status,
        oe1_0.updated_at 
    from
        attendance_outbox oe1_0 
    where
        oe1_0.status in (?, ?) 
        and oe1_0.retry_count<?
2026-09-16T01:06:22.869+02:00 DEBUG 13392 --- [shecancode-attendance-system] [   scheduling-1] org.hibernate.SQL                        : 
    select
        oe1_0.id,
        oe1_0.aggregate_id,
        oe1_0.created_at,
        oe1_0.event_type,
        oe1_0.payload,
        oe1_0.processed_at,
        oe1_0.retry_count,
        oe1_0.status,
        oe1_0.updated_at 
    from
        attendance_outbox oe1_0 
    where
        oe1_0.status in (?, ?) 
        and oe1_0.retry_count<?
Hibernate: 
    select
        oe1_0.id,
        oe1_0.aggregate_id,
        oe1_0.created_at,
        oe1_0.event_type,
        oe1_0.payload,
        oe1_0.processed_at,
        oe1_0.retry_count,
        oe1_0.status,
        oe1_0.updated_at 
    from
        attendance_outbox oe1_0 
    where
        oe1_0.status in (?, ?) 
        and oe1_0.retry_count<?
2026-09-16T01:06:27.885+02:00 DEBUG 13392 --- [shecancode-attendance-system] [   scheduling-1] org.hibernate.SQL                        : 
    select
        oe1_0.id,
        oe1_0.aggregate_id,
        oe1_0.created_at,
        oe1_0.event_type,
        oe1_0.payload,
        oe1_0.processed_at,
        oe1_0.retry_count,
        oe1_0.status,
        oe1_0.updated_at 
    from
        attendance_outbox oe1_0 
    where
        oe1_0.status in (?, ?) 
        and oe1_0.retry_count<?
Hibernate: 
    select
        oe1_0.id,
        oe1_0.aggregate_id,
        oe1_0.created_at,
        oe1_0.event_type,
        oe1_0.payload,
        oe1_0.processed_at,
        oe1_0.retry_count,
        oe1_0.status,
        oe1_0.updated_at 
    from
        attendance_outbox oe1_0 
    where
        oe1_0.status in (?, ?) 
        and oe1_0.retry_count<?
2026-09-16T01:06:32.901+02:00 DEBUG 13392 --- [shecancode-attendance-system] [   scheduling-1] org.hibernate.SQL                        : 
    select
        oe1_0.id,
        oe1_0.aggregate_id,
        oe1_0.created_at,
        oe1_0.event_type,
        oe1_0.payload,
        oe1_0.processed_at,
        oe1_0.retry_count,
        oe1_0.status,
        oe1_0.updated_at 
    from
        attendance_outbox oe1_0 
    where
        oe1_0.status in (?, ?) 
        and oe1_0.retry_count<?
Hibernate: 
    select
        oe1_0.id,
        oe1_0.aggregate_id,
        oe1_0.created_at,
        oe1_0.event_type,
        oe1_0.payload,
        oe1_0.processed_at,
        oe1_0.retry_count,
        oe1_0.status,
        oe1_0.updated_at 
    from
        attendance_outbox oe1_0 
    where
        oe1_0.status in (?, ?) 
        and oe1_0.retry_count<?
2026-09-16T01:06:37.921+02:00 DEBUG 13392 --- [shecancode-attendance-system] [   scheduling-1] org.hibernate.SQL                        : 
    select
        oe1_0.id,
        oe1_0.aggregate_id,
        oe1_0.created_at,
        oe1_0.event_type,
        oe1_0.payload,
        oe1_0.processed_at,
        oe1_0.retry_count,
        oe1_0.status,
        oe1_0.updated_at 
    from
        attendance_outbox oe1_0 
    where
        oe1_0.status in (?, ?) 
        and oe1_0.retry_count<?
Hibernate: 
    select
        oe1_0.id,
        oe1_0.aggregate_id,
        oe1_0.created_at,
        oe1_0.event_type,
        oe1_0.payload,
        oe1_0.processed_at,
        oe1_0.retry_count,
        oe1_0.status,
        oe1_0.updated_at 
    from
        attendance_outbox oe1_0 
    where
        oe1_0.status in (?, ?) 
        and oe1_0.retry_count<?
2026-09-16T01:06:42.950+02:00 DEBUG 13392 --- [shecancode-attendance-system] [   scheduling-1] org.hibernate.SQL                        : 
    select
        oe1_0.id,
        oe1_0.aggregate_id,
        oe1_0.created_at,
        oe1_0.event_type,
        oe1_0.payload,
        oe1_0.processed_at,
        oe1_0.retry_count,
        oe1_0.status,
        oe1_0.updated_at 
    from
        attendance_outbox oe1_0 
    where
        oe1_0.status in (?, ?) 
        and oe1_0.retry_count<?
Hibernate: 
    select
        oe1_0.id,
        oe1_0.aggregate_id,
        oe1_0.created_at,
        oe1_0.event_type,
        oe1_0.payload,
        oe1_0.processed_at,
        oe1_0.retry_count,
        oe1_0.status,
        oe1_0.updated_at 
    from
        attendance_outbox oe1_0 
    where
        oe1_0.status in (?, ?) 
        and oe1_0.retry_count<?
2026-09-16T01:06:47.979+02:00 DEBUG 13392 --- [shecancode-attendance-system] [   scheduling-1] org.hibernate.SQL                        : 
    select
        oe1_0.id,
        oe1_0.aggregate_id,
        oe1_0.created_at,
        oe1_0.event_type,
        oe1_0.payload,
        oe1_0.processed_at,
        oe1_0.retry_count,
        oe1_0.status,
        oe1_0.updated_at 
    from
        attendance_outbox oe1_0 
    where
        oe1_0.status in (?, ?) 
        and oe1_0.retry_count<?
Hibernate: 
    select
        oe1_0.id,
        oe1_0.aggregate_id,
        oe1_0.created_at,
        oe1_0.event_type,
        oe1_0.payload,
        oe1_0.processed_at,
        oe1_0.retry_count,
        oe1_0.status,
        oe1_0.updated_at 
    from
        attendance_outbox oe1_0 
    where
        oe1_0.status in (?, ?) 
        and oe1_0.retry_count<?
2026-09-16T01:06:52.996+02:00 DEBUG 13392 --- [shecancode-attendance-system] [   scheduling-1] org.hibernate.SQL                        : 
    select
        oe1_0.id,
        oe1_0.aggregate_id,
        oe1_0.created_at,
        oe1_0.event_type,
        oe1_0.payload,
        oe1_0.processed_at,
        oe1_0.retry_count,
        oe1_0.status,
        oe1_0.updated_at 
    from
        attendance_outbox oe1_0 
    where
        oe1_0.status in (?, ?) 
        and oe1_0.retry_count<?
Hibernate: 
    select
        oe1_0.id,
        oe1_0.aggregate_id,
        oe1_0.created_at,
        oe1_0.event_type,
        oe1_0.payload,
        oe1_0.processed_at,
        oe1_0.retry_count,
        oe1_0.status,
        oe1_0.updated_at 
    from
        attendance_outbox oe1_0 
    where
        oe1_0.status in (?, ?) 
        and oe1_0.retry_count<?
2026-09-16T01:06:58.018+02:00 DEBUG 13392 --- [shecancode-attendance-system] [   scheduling-1] org.hibernate.SQL                        : 
    select
        oe1_0.id,
        oe1_0.aggregate_id,
        oe1_0.created_at,
        oe1_0.event_type,
        oe1_0.payload,
        oe1_0.processed_at,
        oe1_0.retry_count,
        oe1_0.status,
        oe1_0.updated_at 
    from
        attendance_outbox oe1_0 
    where
        oe1_0.status in (?, ?) 
        and oe1_0.retry_count<?
Hibernate: 
    select
        oe1_0.id,
        oe1_0.aggregate_id,
        oe1_0.created_at,
        oe1_0.event_type,
        oe1_0.payload,
        oe1_0.processed_at,
        oe1_0.retry_count,
        oe1_0.status,
        oe1_0.updated_at 
    from
        attendance_outbox oe1_0 
    where
        oe1_0.status in (?, ?) 
        and oe1_0.retry_count<?
2026-09-16T01:07:03.041+02:00 DEBUG 13392 --- [shecancode-attendance-system] [   scheduling-1] org.hibernate.SQL                        : 
    select
        oe1_0.id,
        oe1_0.aggregate_id,
        oe1_0.created_at,
        oe1_0.event_type,
        oe1_0.payload,
        oe1_0.processed_at,
        oe1_0.retry_count,
        oe1_0.status,
        oe1_0.updated_at 
    from
        attendance_outbox oe1_0 
    where
        oe1_0.status in (?, ?) 
        and oe1_0.retry_count<?
Hibernate: 
    select
        oe1_0.id,
        oe1_0.aggregate_id,
        oe1_0.created_at,
        oe1_0.event_type,
        oe1_0.payload,
        oe1_0.processed_at,
        oe1_0.retry_count,
        oe1_0.status,
        oe1_0.updated_at 
    from
        attendance_outbox oe1_0 
    where
        oe1_0.status in (?, ?) 
        and oe1_0.retry_count<?
2026-09-16T01:07:08.070+02:00 DEBUG 13392 --- [shecancode-attendance-system] [   scheduling-1] org.hibernate.SQL                        : 
    select
        oe1_0.id,
        oe1_0.aggregate_id,
        oe1_0.created_at,
        oe1_0.event_type,
        oe1_0.payload,
        oe1_0.processed_at,
        oe1_0.retry_count,
        oe1_0.status,
        oe1_0.updated_at 
    from
        attendance_outbox oe1_0 
    where
        oe1_0.status in (?, ?) 
        and oe1_0.retry_count<?
Hibernate: 
    select
        oe1_0.id,
        oe1_0.aggregate_id,
        oe1_0.created_at,
        oe1_0.event_type,
        oe1_0.payload,
        oe1_0.processed_at,
        oe1_0.retry_count,
        oe1_0.status,
        oe1_0.updated_at 
    from
        attendance_outbox oe1_0 
    where
        oe1_0.status in (?, ?) 
        and oe1_0.retry_count<?
2026-09-16T01:07:13.084+02:00 DEBUG 13392 --- [shecancode-attendance-system] [   scheduling-1] org.hibernate.SQL                        : 
    select
        oe1_0.id,
        oe1_0.aggregate_id,
        oe1_0.created_at,
        oe1_0.event_type,
        oe1_0.payload,
        oe1_0.processed_at,
        oe1_0.retry_count,
        oe1_0.status,
        oe1_0.updated_at 
    from
        attendance_outbox oe1_0 
    where
        oe1_0.status in (?, ?) 
        and oe1_0.retry_count<?
Hibernate: 
    select
        oe1_0.id,
        oe1_0.aggregate_id,
        oe1_0.created_at,
        oe1_0.event_type,
        oe1_0.payload,
        oe1_0.processed_at,
        oe1_0.retry_count,
        oe1_0.status,
        oe1_0.updated_at 
    from
        attendance_outbox oe1_0 
    where
        oe1_0.status in (?, ?) 
        and oe1_0.retry_count<?
2026-09-16T01:07:18.110+02:00 DEBUG 13392 --- [shecancode-attendance-system] [   scheduling-1] org.hibernate.SQL                        : 
    select
        oe1_0.id,
        oe1_0.aggregate_id,
        oe1_0.created_at,
        oe1_0.event_type,
        oe1_0.payload,
        oe1_0.processed_at,
        oe1_0.retry_count,
        oe1_0.status,
        oe1_0.updated_at 
    from
        attendance_outbox oe1_0 
    where
        oe1_0.status in (?, ?) 
        and oe1_0.retry_count<?
Hibernate: 
    select
        oe1_0.id,
        oe1_0.aggregate_id,
        oe1_0.created_at,
        oe1_0.event_type,
        oe1_0.payload,
        oe1_0.processed_at,
        oe1_0.retry_count,
        oe1_0.status,
        oe1_0.updated_at 
    from
        attendance_outbox oe1_0 
    where
        oe1_0.status in (?, ?) 
        and oe1_0.retry_count<?
2026-09-16T01:07:23.130+02:00 DEBUG 13392 --- [shecancode-attendance-system] [   scheduling-1] org.hibernate.SQL                        : 
    select
        oe1_0.id,
        oe1_0.aggregate_id,
        oe1_0.created_at,
        oe1_0.event_type,
        oe1_0.payload,
        oe1_0.processed_at,
        oe1_0.retry_count,
        oe1_0.status,
        oe1_0.updated_at 
    from
        attendance_outbox oe1_0 
    where
        oe1_0.status in (?, ?) 
        and oe1_0.retry_count<?
Hibernate: 
    select
        oe1_0.id,
        oe1_0.aggregate_id,
        oe1_0.created_at,
        oe1_0.event_type,
        oe1_0.payload,
        oe1_0.processed_at,
        oe1_0.retry_count,
        oe1_0.status,
        oe1_0.updated_at 
    from
        attendance_outbox oe1_0 
    where
        oe1_0.status in (?, ?) 
        and oe1_0.retry_count<?
2026-09-16T01:07:28.158+02:00 DEBUG 13392 --- [shecancode-attendance-system] [   scheduling-1] org.hibernate.SQL                        : 
    select
        oe1_0.id,
        oe1_0.aggregate_id,
        oe1_0.created_at,
        oe1_0.event_type,
        oe1_0.payload,
        oe1_0.processed_at,
        oe1_0.retry_count,
        oe1_0.status,
        oe1_0.updated_at 
    from
        attendance_outbox oe1_0 
    where
        oe1_0.status in (?, ?) 
        and oe1_0.retry_count<?
Hibernate: 
    select
        oe1_0.id,
        oe1_0.aggregate_id,
        oe1_0.created_at,
        oe1_0.event_type,
        oe1_0.payload,
        oe1_0.processed_at,
        oe1_0.retry_count,
        oe1_0.status,
        oe1_0.updated_at 
    from
        attendance_outbox oe1_0 
    where
        oe1_0.status in (?, ?) 
        and oe1_0.retry_count<?
2026-09-16T01:07:33.176+02:00 DEBUG 13392 --- [shecancode-attendance-system] [   scheduling-1] org.hibernate.SQL                        : 
    select
        oe1_0.id,
        oe1_0.aggregate_id,
        oe1_0.created_at,
        oe1_0.event_type,
        oe1_0.payload,
        oe1_0.processed_at,
        oe1_0.retry_count,
        oe1_0.status,
        oe1_0.updated_at 
    from
        attendance_outbox oe1_0 
    where
        oe1_0.status in (?, ?) 
        and oe1_0.retry_count<?
Hibernate: 
    select
        oe1_0.id,
        oe1_0.aggregate_id,
        oe1_0.created_at,
        oe1_0.event_type,
        oe1_0.payload,
        oe1_0.processed_at,
        oe1_0.retry_count,
        oe1_0.status,
        oe1_0.updated_at 
    from
        attendance_outbox oe1_0 
    where
        oe1_0.status in (?, ?) 
        and oe1_0.retry_count<?
2026-09-16T01:07:38.188+02:00 DEBUG 13392 --- [shecancode-attendance-system] [   scheduling-1] org.hibernate.SQL                        : 
    select
        oe1_0.id,
        oe1_0.aggregate_id,
        oe1_0.created_at,
        oe1_0.event_type,
        oe1_0.payload,
        oe1_0.processed_at,
        oe1_0.retry_count,
        oe1_0.status,
        oe1_0.updated_at 
    from
        attendance_outbox oe1_0 
    where
        oe1_0.status in (?, ?) 
        and oe1_0.retry_count<?
Hibernate: 
    select
        oe1_0.id,
        oe1_0.aggregate_id,
        oe1_0.created_at,
        oe1_0.event_type,
        oe1_0.payload,
        oe1_0.processed_at,
        oe1_0.retry_count,
        oe1_0.status,
        oe1_0.updated_at 
    from
        attendance_outbox oe1_0 
    where
        oe1_0.status in (?, ?) 
        and oe1_0.retry_count<?
2026-09-16T01:07:43.202+02:00 DEBUG 13392 --- [shecancode-attendance-system] [   scheduling-1] org.hibernate.SQL                        : 
    select
        oe1_0.id,
        oe1_0.aggregate_id,
        oe1_0.created_at,
        oe1_0.event_type,
        oe1_0.payload,
        oe1_0.processed_at,
        oe1_0.retry_count,
        oe1_0.status,
        oe1_0.updated_at 
    from
        attendance_outbox oe1_0 
    where
        oe1_0.status in (?, ?) 
        and oe1_0.retry_count<?
Hibernate: 
    select
        oe1_0.id,
        oe1_0.aggregate_id,
        oe1_0.created_at,
        oe1_0.event_type,
        oe1_0.payload,
        oe1_0.processed_at,
        oe1_0.retry_count,
        oe1_0.status,
        oe1_0.updated_at 
    from
        attendance_outbox oe1_0 
    where
        oe1_0.status in (?, ?) 
        and oe1_0.retry_count<?
2026-09-16T01:07:48.221+02:00 DEBUG 13392 --- [shecancode-attendance-system] [   scheduling-1] org.hibernate.SQL                        : 
    select
        oe1_0.id,
        oe1_0.aggregate_id,
        oe1_0.created_at,
        oe1_0.event_type,
        oe1_0.payload,
        oe1_0.processed_at,
        oe1_0.retry_count,
        oe1_0.status,
        oe1_0.updated_at 
    from
        attendance_outbox oe1_0 
    where
        oe1_0.status in (?, ?) 
        and oe1_0.retry_count<?
Hibernate: 
    select
        oe1_0.id,
        oe1_0.aggregate_id,
        oe1_0.created_at,
        oe1_0.event_type,
        oe1_0.payload,
        oe1_0.processed_at,
        oe1_0.retry_count,
        oe1_0.status,
        oe1_0.updated_at 
    from
        attendance_outbox oe1_0 
    where
        oe1_0.status in (?, ?) 
        and oe1_0.retry_count<?
2026-09-16T01:07:53.244+02:00 DEBUG 13392 --- [shecancode-attendance-system] [   scheduling-1] org.hibernate.SQL                        : 
    select
        oe1_0.id,
        oe1_0.aggregate_id,
        oe1_0.created_at,
        oe1_0.event_type,
        oe1_0.payload,
        oe1_0.processed_at,
        oe1_0.retry_count,
        oe1_0.status,
        oe1_0.updated_at 
    from
        attendance_outbox oe1_0 
    where
        oe1_0.status in (?, ?) 
        and oe1_0.retry_count<?
Hibernate: 
    select
        oe1_0.id,
        oe1_0.aggregate_id,
        oe1_0.created_at,
        oe1_0.event_type,
        oe1_0.payload,
        oe1_0.processed_at,
        oe1_0.retry_count,
        oe1_0.status,
        oe1_0.updated_at 
    from
        attendance_outbox oe1_0 
    where
        oe1_0.status in (?, ?) 
        and oe1_0.retry_count<?
2026-09-16T01:07:58.274+02:00 DEBUG 13392 --- [shecancode-attendance-system] [   scheduling-1] org.hibernate.SQL                        : 
    select
        oe1_0.id,
        oe1_0.aggregate_id,
        oe1_0.created_at,
        oe1_0.event_type,
        oe1_0.payload,
        oe1_0.processed_at,
        oe1_0.retry_count,
        oe1_0.status,
        oe1_0.updated_at 
    from
        attendance_outbox oe1_0 
    where
        oe1_0.status in (?, ?) 
        and oe1_0.retry_count<?
Hibernate: 
    select
        oe1_0.id,
        oe1_0.aggregate_id,
        oe1_0.created_at,
        oe1_0.event_type,
        oe1_0.payload,
        oe1_0.processed_at,
        oe1_0.retry_count,
        oe1_0.status,
        oe1_0.updated_at 
    from
        attendance_outbox oe1_0 
    where
        oe1_0.status in (?, ?) 
        and oe1_0.retry_count<?
2026-09-16T01:08:03.298+02:00 DEBUG 13392 --- [shecancode-attendance-system] [   scheduling-1] org.hibernate.SQL                        : 
    select
        oe1_0.id,
        oe1_0.aggregate_id,
        oe1_0.created_at,
        oe1_0.event_type,
        oe1_0.payload,
        oe1_0.processed_at,
        oe1_0.retry_count,
        oe1_0.status,
        oe1_0.updated_at 
    from
        attendance_outbox oe1_0 
    where
        oe1_0.status in (?, ?) 
        and oe1_0.retry_count<?
Hibernate: 
    select
        oe1_0.id,
        oe1_0.aggregate_id,
        oe1_0.created_at,
        oe1_0.event_type,
        oe1_0.payload,
        oe1_0.processed_at,
        oe1_0.retry_count,
        oe1_0.status,
        oe1_0.updated_at 
    from
        attendance_outbox oe1_0 
    where
        oe1_0.status in (?, ?) 
        and oe1_0.retry_count<?
2026-09-16T01:08:08.314+02:00 DEBUG 13392 --- [shecancode-attendance-system] [   scheduling-1] org.hibernate.SQL                        : 
    select
        oe1_0.id,
        oe1_0.aggregate_id,
        oe1_0.created_at,
        oe1_0.event_type,
        oe1_0.payload,
        oe1_0.processed_at,
        oe1_0.retry_count,
        oe1_0.status,
        oe1_0.updated_at 
    from
        attendance_outbox oe1_0 
    where
        oe1_0.status in (?, ?) 
        and oe1_0.retry_count<?
Hibernate: 
    select
        oe1_0.id,
        oe1_0.aggregate_id,
        oe1_0.created_at,
        oe1_0.event_type,
        oe1_0.payload,
        oe1_0.processed_at,
        oe1_0.retry_count,
        oe1_0.status,
        oe1_0.updated_at 
    from
        attendance_outbox oe1_0 
    where
        oe1_0.status in (?, ?) 
        and oe1_0.retry_count<?
2026-09-16T01:08:13.329+02:00 DEBUG 13392 --- [shecancode-attendance-system] [   scheduling-1] org.hibernate.SQL                        : 
    select
        oe1_0.id,
        oe1_0.aggregate_id,
        oe1_0.created_at,
        oe1_0.event_type,
        oe1_0.payload,
        oe1_0.processed_at,
        oe1_0.retry_count,
        oe1_0.status,
        oe1_0.updated_at 
    from
        attendance_outbox oe1_0 
    where
        oe1_0.status in (?, ?) 
        and oe1_0.retry_count<?
Hibernate: 
    select
        oe1_0.id,
        oe1_0.aggregate_id,
        oe1_0.created_at,
        oe1_0.event_type,
        oe1_0.payload,
        oe1_0.processed_at,
        oe1_0.retry_count,
        oe1_0.status,
        oe1_0.updated_at 
    from
        attendance_outbox oe1_0 
    where
        oe1_0.status in (?, ?) 
        and oe1_0.retry_count<?
2026-09-16T01:08:18.345+02:00 DEBUG 13392 --- [shecancode-attendance-system] [   scheduling-1] org.hibernate.SQL                        : 
    select
        oe1_0.id,
        oe1_0.aggregate_id,
        oe1_0.created_at,
        oe1_0.event_type,
        oe1_0.payload,
        oe1_0.processed_at,
        oe1_0.retry_count,
        oe1_0.status,
        oe1_0.updated_at 
    from
        attendance_outbox oe1_0 
    where
        oe1_0.status in (?, ?) 
        and oe1_0.retry_count<?
Hibernate: 
    select
        oe1_0.id,
        oe1_0.aggregate_id,
        oe1_0.created_at,
        oe1_0.event_type,
        oe1_0.payload,
        oe1_0.processed_at,
        oe1_0.retry_count,
        oe1_0.status,
        oe1_0.updated_at 
    from
        attendance_outbox oe1_0 
    where
        oe1_0.status in (?, ?) 
        and oe1_0.retry_count<?
2026-09-16T01:08:23.363+02:00 DEBUG 13392 --- [shecancode-attendance-system] [   scheduling-1] org.hibernate.SQL                        : 
    select
        oe1_0.id,
        oe1_0.aggregate_id,
        oe1_0.created_at,
        oe1_0.event_type,
        oe1_0.payload,
        oe1_0.processed_at,
        oe1_0.retry_count,
        oe1_0.status,
        oe1_0.updated_at 
    from
        attendance_outbox oe1_0 
    where
        oe1_0.status in (?, ?) 
        and oe1_0.retry_count<?
Hibernate: 
    select
        oe1_0.id,
        oe1_0.aggregate_id,
        oe1_0.created_at,
        oe1_0.event_type,
        oe1_0.payload,
        oe1_0.processed_at,
        oe1_0.retry_count,
        oe1_0.status,
        oe1_0.updated_at 
    from
        attendance_outbox oe1_0 
    where
        oe1_0.status in (?, ?) 
        and oe1_0.retry_count<?
2026-09-16T01:08:28.385+02:00 DEBUG 13392 --- [shecancode-attendance-system] [   scheduling-1] org.hibernate.SQL                        : 
    select
        oe1_0.id,
        oe1_0.aggregate_id,
        oe1_0.created_at,
        oe1_0.event_type,
        oe1_0.payload,
        oe1_0.processed_at,
        oe1_0.retry_count,
        oe1_0.status,
        oe1_0.updated_at 
    from
        attendance_outbox oe1_0 
    where
        oe1_0.status in (?, ?) 
        and oe1_0.retry_count<?
Hibernate: 
    select
        oe1_0.id,
        oe1_0.aggregate_id,
        oe1_0.created_at,
        oe1_0.event_type,
        oe1_0.payload,
        oe1_0.processed_at,
        oe1_0.retry_count,
        oe1_0.status,
        oe1_0.updated_at 
    from
        attendance_outbox oe1_0 
    where
        oe1_0.status in (?, ?) 
        and oe1_0.retry_count<?
2026-09-16T01:08:33.401+02:00 DEBUG 13392 --- [shecancode-attendance-system] [   scheduling-1] org.hibernate.SQL                        : 
    select
        oe1_0.id,
        oe1_0.aggregate_id,
        oe1_0.created_at,
        oe1_0.event_type,
        oe1_0.payload,
        oe1_0.processed_at,
        oe1_0.retry_count,
        oe1_0.status,
        oe1_0.updated_at 
    from
        attendance_outbox oe1_0 
    where
        oe1_0.status in (?, ?) 
        and oe1_0.retry_count<?
Hibernate: 
    select
        oe1_0.id,
        oe1_0.aggregate_id,
        oe1_0.created_at,
        oe1_0.event_type,
        oe1_0.payload,
        oe1_0.processed_at,
        oe1_0.retry_count,
        oe1_0.status,
        oe1_0.updated_at 
    from
        attendance_outbox oe1_0 
    where
        oe1_0.status in (?, ?) 
        and oe1_0.retry_count<?
2026-09-16T01:08:38.427+02:00 DEBUG 13392 --- [shecancode-attendance-system] [   scheduling-1] org.hibernate.SQL                        : 
    select
        oe1_0.id,
        oe1_0.aggregate_id,
        oe1_0.created_at,
        oe1_0.event_type,
        oe1_0.payload,
        oe1_0.processed_at,
        oe1_0.retry_count,
        oe1_0.status,
        oe1_0.updated_at 
    from
        attendance_outbox oe1_0 
    where
        oe1_0.status in (?, ?) 
        and oe1_0.retry_count<?
Hibernate: 
    select
        oe1_0.id,
        oe1_0.aggregate_id,
        oe1_0.created_at,
        oe1_0.event_type,
        oe1_0.payload,
        oe1_0.processed_at,
        oe1_0.retry_count,
        oe1_0.status,
        oe1_0.updated_at 
    from
        attendance_outbox oe1_0 
    where
        oe1_0.status in (?, ?) 
        and oe1_0.retry_count<?
2026-09-16T01:08:43.447+02:00 DEBUG 13392 --- [shecancode-attendance-system] [   scheduling-1] org.hibernate.SQL                        : 
    select
        oe1_0.id,
        oe1_0.aggregate_id,
        oe1_0.created_at,
        oe1_0.event_type,
        oe1_0.payload,
        oe1_0.processed_at,
        oe1_0.retry_count,
        oe1_0.status,
        oe1_0.updated_at 
    from
        attendance_outbox oe1_0 
    where
        oe1_0.status in (?, ?) 
        and oe1_0.retry_count<?
Hibernate: 
    select
        oe1_0.id,
        oe1_0.aggregate_id,
        oe1_0.created_at,
        oe1_0.event_type,
        oe1_0.payload,
        oe1_0.processed_at,
        oe1_0.retry_count,
        oe1_0.status,
        oe1_0.updated_at 
    from
        attendance_outbox oe1_0 
    where
        oe1_0.status in (?, ?) 
        and oe1_0.retry_count<?
2026-09-16T01:08:48.461+02:00 DEBUG 13392 --- [shecancode-attendance-system] [   scheduling-1] org.hibernate.SQL                        : 
    select
        oe1_0.id,
        oe1_0.aggregate_id,
        oe1_0.created_at,
        oe1_0.event_type,
        oe1_0.payload,
        oe1_0.processed_at,
        oe1_0.retry_count,
        oe1_0.status,
        oe1_0.updated_at 
    from
        attendance_outbox oe1_0 
    where
        oe1_0.status in (?, ?) 
        and oe1_0.retry_count<?
Hibernate: 
    select
        oe1_0.id,
        oe1_0.aggregate_id,
        oe1_0.created_at,
        oe1_0.event_type,
        oe1_0.payload,
        oe1_0.processed_at,
        oe1_0.retry_count,
        oe1_0.status,
        oe1_0.updated_at 
    from
        attendance_outbox oe1_0 
    where
        oe1_0.status in (?, ?) 
        and oe1_0.retry_count<?
2026-09-16T01:08:53.483+02:00 DEBUG 13392 --- [shecancode-attendance-system] [   scheduling-1] org.hibernate.SQL                        : 
    select
        oe1_0.id,
        oe1_0.aggregate_id,
        oe1_0.created_at,
        oe1_0.event_type,
        oe1_0.payload,
        oe1_0.processed_at,
        oe1_0.retry_count,
        oe1_0.status,
        oe1_0.updated_at 
    from
        attendance_outbox oe1_0 
    where
        oe1_0.status in (?, ?) 
        and oe1_0.retry_count<?
Hibernate: 
    select
        oe1_0.id,
        oe1_0.aggregate_id,
        oe1_0.created_at,
        oe1_0.event_type,
        oe1_0.payload,
        oe1_0.processed_at,
        oe1_0.retry_count,
        oe1_0.status,
        oe1_0.updated_at 
    from
        attendance_outbox oe1_0 
    where
        oe1_0.status in (?, ?) 
        and oe1_0.retry_count<?
2026-09-16T01:08:58.504+02:00 DEBUG 13392 --- [shecancode-attendance-system] [   scheduling-1] org.hibernate.SQL                        : 
    select
        oe1_0.id,
        oe1_0.aggregate_id,
        oe1_0.created_at,
        oe1_0.event_type,
        oe1_0.payload,
        oe1_0.processed_at,
        oe1_0.retry_count,
        oe1_0.status,
        oe1_0.updated_at 
    from
        attendance_outbox oe1_0 
    where
        oe1_0.status in (?, ?) 
        and oe1_0.retry_count<?
Hibernate: 
    select
        oe1_0.id,
        oe1_0.aggregate_id,
        oe1_0.created_at,
        oe1_0.event_type,
        oe1_0.payload,
        oe1_0.processed_at,
        oe1_0.retry_count,
        oe1_0.status,
        oe1_0.updated_at 
    from
        attendance_outbox oe1_0 
    where
        oe1_0.status in (?, ?) 
        and oe1_0.retry_count<?
2026-09-16T01:09:03.524+02:00 DEBUG 13392 --- [shecancode-attendance-system] [   scheduling-1] org.hibernate.SQL                        : 
    select
        oe1_0.id,
        oe1_0.aggregate_id,
        oe1_0.created_at,
        oe1_0.event_type,
        oe1_0.payload,
        oe1_0.processed_at,
        oe1_0.retry_count,
        oe1_0.status,
        oe1_0.updated_at 
    from
        attendance_outbox oe1_0 
    where
        oe1_0.status in (?, ?) 
        and oe1_0.retry_count<?
Hibernate: 
    select
        oe1_0.id,
        oe1_0.aggregate_id,
        oe1_0.created_at,
        oe1_0.event_type,
        oe1_0.payload,
        oe1_0.processed_at,
        oe1_0.retry_count,
        oe1_0.status,
        oe1_0.updated_at 
    from
        attendance_outbox oe1_0 
    where
        oe1_0.status in (?, ?) 
        and oe1_0.retry_count<?
2026-09-16T01:09:08.548+02:00 DEBUG 13392 --- [shecancode-attendance-system] [   scheduling-1] org.hibernate.SQL                        : 
    select
        oe1_0.id,
        oe1_0.aggregate_id,
        oe1_0.created_at,
        oe1_0.event_type,
        oe1_0.payload,
        oe1_0.processed_at,
        oe1_0.retry_count,
        oe1_0.status,
        oe1_0.updated_at 
    from
        attendance_outbox oe1_0 
    where
        oe1_0.status in (?, ?) 
        and oe1_0.retry_count<?
Hibernate: 
    select
        oe1_0.id,
        oe1_0.aggregate_id,
        oe1_0.created_at,
        oe1_0.event_type,
        oe1_0.payload,
        oe1_0.processed_at,
        oe1_0.retry_count,
        oe1_0.status,
        oe1_0.updated_at 
    from
        attendance_outbox oe1_0 
    where
        oe1_0.status in (?, ?) 
        and oe1_0.retry_count<?
2026-09-16T01:09:13.561+02:00 DEBUG 13392 --- [shecancode-attendance-system] [   scheduling-1] org.hibernate.SQL                        : 
    select
        oe1_0.id,
        oe1_0.aggregate_id,
        oe1_0.created_at,
        oe1_0.event_type,
        oe1_0.payload,
        oe1_0.processed_at,
        oe1_0.retry_count,
        oe1_0.status,
        oe1_0.updated_at 
    from
        attendance_outbox oe1_0 
    where
        oe1_0.status in (?, ?) 
        and oe1_0.retry_count<?
Hibernate: 
    select
        oe1_0.id,
        oe1_0.aggregate_id,
        oe1_0.created_at,
        oe1_0.event_type,
        oe1_0.payload,
        oe1_0.processed_at,
        oe1_0.retry_count,
        oe1_0.status,
        oe1_0.updated_at 
    from
        attendance_outbox oe1_0 
    where
        oe1_0.status in (?, ?) 
        and oe1_0.retry_count<?
2026-09-16T01:09:18.585+02:00 DEBUG 13392 --- [shecancode-attendance-system] [   scheduling-1] org.hibernate.SQL                        : 
    select
        oe1_0.id,
        oe1_0.aggregate_id,
        oe1_0.created_at,
        oe1_0.event_type,
        oe1_0.payload,
        oe1_0.processed_at,
        oe1_0.retry_count,
        oe1_0.status,
        oe1_0.updated_at 
    from
        attendance_outbox oe1_0 
    where
        oe1_0.status in (?, ?) 
        and oe1_0.retry_count<?
Hibernate: 
    select
        oe1_0.id,
        oe1_0.aggregate_id,
        oe1_0.created_at,
        oe1_0.event_type,
        oe1_0.payload,
        oe1_0.processed_at,
        oe1_0.retry_count,
        oe1_0.status,
        oe1_0.updated_at 
    from
        attendance_outbox oe1_0 
    where
        oe1_0.status in (?, ?) 
        and oe1_0.retry_count<?
2026-09-16T01:09:23.596+02:00 DEBUG 13392 --- [shecancode-attendance-system] [   scheduling-1] org.hibernate.SQL                        : 
    select
        oe1_0.id,
        oe1_0.aggregate_id,
        oe1_0.created_at,
        oe1_0.event_type,
        oe1_0.payload,
        oe1_0.processed_at,
        oe1_0.retry_count,
        oe1_0.status,
        oe1_0.updated_at 
    from
        attendance_outbox oe1_0 
    where
        oe1_0.status in (?, ?) 
        and oe1_0.retry_count<?
Hibernate: 
    select
        oe1_0.id,
        oe1_0.aggregate_id,
        oe1_0.created_at,
        oe1_0.event_type,
        oe1_0.payload,
        oe1_0.processed_at,
        oe1_0.retry_count,
        oe1_0.status,
        oe1_0.updated_at 
    from
        attendance_outbox oe1_0 
    where
        oe1_0.status in (?, ?) 
        and oe1_0.retry_count<?
2026-09-16T01:09:28.621+02:00 DEBUG 13392 --- [shecancode-attendance-system] [   scheduling-1] org.hibernate.SQL                        : 
    select
        oe1_0.id,
        oe1_0.aggregate_id,
        oe1_0.created_at,
        oe1_0.event_type,
        oe1_0.payload,
        oe1_0.processed_at,
        oe1_0.retry_count,
        oe1_0.status,
        oe1_0.updated_at 
    from
        attendance_outbox oe1_0 
    where
        oe1_0.status in (?, ?) 
        and oe1_0.retry_count<?
Hibernate: 
    select
        oe1_0.id,
        oe1_0.aggregate_id,
        oe1_0.created_at,
        oe1_0.event_type,
        oe1_0.payload,
        oe1_0.processed_at,
        oe1_0.retry_count,
        oe1_0.status,
        oe1_0.updated_at 
    from
        attendance_outbox oe1_0 
    where
        oe1_0.status in (?, ?) 
        and oe1_0.retry_count<?
2026-09-16T01:09:33.642+02:00 DEBUG 13392 --- [shecancode-attendance-system] [   scheduling-1] org.hibernate.SQL                        : 
    select
        oe1_0.id,
        oe1_0.aggregate_id,
        oe1_0.created_at,
        oe1_0.event_type,
        oe1_0.payload,
        oe1_0.processed_at,
        oe1_0.retry_count,
        oe1_0.status,
        oe1_0.updated_at 
    from
        attendance_outbox oe1_0 
    where
        oe1_0.status in (?, ?) 
        and oe1_0.retry_count<?
Hibernate: 
    select
        oe1_0.id,
        oe1_0.aggregate_id,
        oe1_0.created_at,
        oe1_0.event_type,
        oe1_0.payload,
        oe1_0.processed_at,
        oe1_0.retry_count,
        oe1_0.status,
        oe1_0.updated_at 
    from
        attendance_outbox oe1_0 
    where
        oe1_0.status in (?, ?) 
        and oe1_0.retry_count<?
2026-09-16T01:09:38.658+02:00 DEBUG 13392 --- [shecancode-attendance-system] [   scheduling-1] org.hibernate.SQL                        : 
    select
        oe1_0.id,
        oe1_0.aggregate_id,
        oe1_0.created_at,
        oe1_0.event_type,
        oe1_0.payload,
        oe1_0.processed_at,
        oe1_0.retry_count,
        oe1_0.status,
        oe1_0.updated_at 
    from
        attendance_outbox oe1_0 
    where
        oe1_0.status in (?, ?) 
        and oe1_0.retry_count<?
Hibernate: 
    select
        oe1_0.id,
        oe1_0.aggregate_id,
        oe1_0.created_at,
        oe1_0.event_type,
        oe1_0.payload,
        oe1_0.processed_at,
        oe1_0.retry_count,
        oe1_0.status,
        oe1_0.updated_at 
    from
        attendance_outbox oe1_0 
    where
        oe1_0.status in (?, ?) 
        and oe1_0.retry_count<?
2026-09-16T01:09:43.680+02:00 DEBUG 13392 --- [shecancode-attendance-system] [   scheduling-1] org.hibernate.SQL                        : 
    select
        oe1_0.id,
        oe1_0.aggregate_id,
        oe1_0.created_at,
        oe1_0.event_type,
        oe1_0.payload,
        oe1_0.processed_at,
        oe1_0.retry_count,
        oe1_0.status,
        oe1_0.updated_at 
    from
        attendance_outbox oe1_0 
    where
        oe1_0.status in (?, ?) 
        and oe1_0.retry_count<?
Hibernate: 
    select
        oe1_0.id,
        oe1_0.aggregate_id,
        oe1_0.created_at,
        oe1_0.event_type,
        oe1_0.payload,
        oe1_0.processed_at,
        oe1_0.retry_count,
        oe1_0.status,
        oe1_0.updated_at 
    from
        attendance_outbox oe1_0 
    where
        oe1_0.status in (?, ?) 
        and oe1_0.retry_count<?
2026-09-16T01:09:48.699+02:00 DEBUG 13392 --- [shecancode-attendance-system] [   scheduling-1] org.hibernate.SQL                        : 
    select
        oe1_0.id,
        oe1_0.aggregate_id,
        oe1_0.created_at,
        oe1_0.event_type,
        oe1_0.payload,
        oe1_0.processed_at,
        oe1_0.retry_count,
        oe1_0.status,
        oe1_0.updated_at 
    from
        attendance_outbox oe1_0 
    where
        oe1_0.status in (?, ?) 
        and oe1_0.retry_count<?
Hibernate: 
    select
        oe1_0.id,
        oe1_0.aggregate_id,
        oe1_0.created_at,
        oe1_0.event_type,
        oe1_0.payload,
        oe1_0.processed_at,
        oe1_0.retry_count,
        oe1_0.status,
        oe1_0.updated_at 
    from
        attendance_outbox oe1_0 
    where
        oe1_0.status in (?, ?) 
        and oe1_0.retry_count<?
2026-09-16T01:09:53.713+02:00 DEBUG 13392 --- [shecancode-attendance-system] [   scheduling-1] org.hibernate.SQL                        : 
    select
        oe1_0.id,
        oe1_0.aggregate_id,
        oe1_0.created_at,
        oe1_0.event_type,
        oe1_0.payload,
        oe1_0.processed_at,
        oe1_0.retry_count,
        oe1_0.status,
        oe1_0.updated_at 
    from
        attendance_outbox oe1_0 
    where
        oe1_0.status in (?, ?) 
        and oe1_0.retry_count<?
Hibernate: 
    select
        oe1_0.id,
        oe1_0.aggregate_id,
        oe1_0.created_at,
        oe1_0.event_type,
        oe1_0.payload,
        oe1_0.processed_at,
        oe1_0.retry_count,
        oe1_0.status,
        oe1_0.updated_at 
    from
        attendance_outbox oe1_0 
    where
        oe1_0.status in (?, ?) 
        and oe1_0.retry_count<?
2026-09-16T01:09:58.742+02:00 DEBUG 13392 --- [shecancode-attendance-system] [   scheduling-1] org.hibernate.SQL                        : 
    select
        oe1_0.id,
        oe1_0.aggregate_id,
        oe1_0.created_at,
        oe1_0.event_type,
        oe1_0.payload,
        oe1_0.processed_at,
        oe1_0.retry_count,
        oe1_0.status,
        oe1_0.updated_at 
    from
        attendance_outbox oe1_0 
    where
        oe1_0.status in (?, ?) 
        and oe1_0.retry_count<?
Hibernate: 
    select
        oe1_0.id,
        oe1_0.aggregate_id,
        oe1_0.created_at,
        oe1_0.event_type,
        oe1_0.payload,
        oe1_0.processed_at,
        oe1_0.retry_count,
        oe1_0.status,
        oe1_0.updated_at 
    from
        attendance_outbox oe1_0 
    where
        oe1_0.status in (?, ?) 
        and oe1_0.retry_count<?
2026-09-16T01:10:03.763+02:00 DEBUG 13392 --- [shecancode-attendance-system] [   scheduling-1] org.hibernate.SQL                        : 
    select
        oe1_0.id,
        oe1_0.aggregate_id,
        oe1_0.created_at,
        oe1_0.event_type,
        oe1_0.payload,
        oe1_0.processed_at,
        oe1_0.retry_count,
        oe1_0.status,
        oe1_0.updated_at 
    from
        attendance_outbox oe1_0 
    where
        oe1_0.status in (?, ?) 
        and oe1_0.retry_count<?
Hibernate: 
    select
        oe1_0.id,
        oe1_0.aggregate_id,
        oe1_0.created_at,
        oe1_0.event_type,
        oe1_0.payload,
        oe1_0.processed_at,
        oe1_0.retry_count,
        oe1_0.status,
        oe1_0.updated_at 
    from
        attendance_outbox oe1_0 
    where
        oe1_0.status in (?, ?) 
        and oe1_0.retry_count<?
2026-09-16T01:10:08.774+02:00 DEBUG 13392 --- [shecancode-attendance-system] [   scheduling-1] org.hibernate.SQL                        : 
    select
        oe1_0.id,
        oe1_0.aggregate_id,
        oe1_0.created_at,
        oe1_0.event_type,
        oe1_0.payload,
        oe1_0.processed_at,
        oe1_0.retry_count,
        oe1_0.status,
        oe1_0.updated_at 
    from
        attendance_outbox oe1_0 
    where
        oe1_0.status in (?, ?) 
        and oe1_0.retry_count<?
Hibernate: 
    select
        oe1_0.id,
        oe1_0.aggregate_id,
        oe1_0.created_at,
        oe1_0.event_type,
        oe1_0.payload,
        oe1_0.processed_at,
        oe1_0.retry_count,
        oe1_0.status,
        oe1_0.updated_at 
    from
        attendance_outbox oe1_0 
    where
        oe1_0.status in (?, ?) 
        and oe1_0.retry_count<?
2026-09-16T01:10:13.794+02:00 DEBUG 13392 --- [shecancode-attendance-system] [   scheduling-1] org.hibernate.SQL                        : 
    select
        oe1_0.id,
        oe1_0.aggregate_id,
        oe1_0.created_at,
        oe1_0.event_type,
        oe1_0.payload,
        oe1_0.processed_at,
        oe1_0.retry_count,
        oe1_0.status,
        oe1_0.updated_at 
    from
        attendance_outbox oe1_0 
    where
        oe1_0.status in (?, ?) 
        and oe1_0.retry_count<?
Hibernate: 
    select
        oe1_0.id,
        oe1_0.aggregate_id,
        oe1_0.created_at,
        oe1_0.event_type,
        oe1_0.payload,
        oe1_0.processed_at,
        oe1_0.retry_count,
        oe1_0.status,
        oe1_0.updated_at 
    from
        attendance_outbox oe1_0 
    where
        oe1_0.status in (?, ?) 
        and oe1_0.retry_count<?
2026-09-16T01:10:18.807+02:00 DEBUG 13392 --- [shecancode-attendance-system] [   scheduling-1] org.hibernate.SQL                        : 
    select
        oe1_0.id,
        oe1_0.aggregate_id,
        oe1_0.created_at,
        oe1_0.event_type,
        oe1_0.payload,
        oe1_0.processed_at,
        oe1_0.retry_count,
        oe1_0.status,
        oe1_0.updated_at 
    from
        attendance_outbox oe1_0 
    where
        oe1_0.status in (?, ?) 
        and oe1_0.retry_count<?
Hibernate: 
    select
        oe1_0.id,
        oe1_0.aggregate_id,
        oe1_0.created_at,
        oe1_0.event_type,
        oe1_0.payload,
        oe1_0.processed_at,
        oe1_0.retry_count,
        oe1_0.status,
        oe1_0.updated_at 
    from
        attendance_outbox oe1_0 
    where
        oe1_0.status in (?, ?) 
        and oe1_0.retry_count<?
2026-09-16T01:10:23.826+02:00 DEBUG 13392 --- [shecancode-attendance-system] [   scheduling-1] org.hibernate.SQL                        : 
    select
        oe1_0.id,
        oe1_0.aggregate_id,
        oe1_0.created_at,
        oe1_0.event_type,
        oe1_0.payload,
        oe1_0.processed_at,
        oe1_0.retry_count,
        oe1_0.status,
        oe1_0.updated_at 
    from
        attendance_outbox oe1_0 
    where
        oe1_0.status in (?, ?) 
        and oe1_0.retry_count<?
Hibernate: 
    select
        oe1_0.id,
        oe1_0.aggregate_id,
        oe1_0.created_at,
        oe1_0.event_type,
        oe1_0.payload,
        oe1_0.processed_at,
        oe1_0.retry_count,
        oe1_0.status,
        oe1_0.updated_at 
    from
        attendance_outbox oe1_0 
    where
        oe1_0.status in (?, ?) 
        and oe1_0.retry_count<?
2026-09-16T01:10:28.853+02:00 DEBUG 13392 --- [shecancode-attendance-system] [   scheduling-1] org.hibernate.SQL                        : 
    select
        oe1_0.id,
        oe1_0.aggregate_id,
        oe1_0.created_at,
        oe1_0.event_type,
        oe1_0.payload,
        oe1_0.processed_at,
        oe1_0.retry_count,
        oe1_0.status,
        oe1_0.updated_at 
    from
        attendance_outbox oe1_0 
    where
        oe1_0.status in (?, ?) 
        and oe1_0.retry_count<?
Hibernate: 
    select
        oe1_0.id,
        oe1_0.aggregate_id,
        oe1_0.created_at,
        oe1_0.event_type,
        oe1_0.payload,
        oe1_0.processed_at,
        oe1_0.retry_count,
        oe1_0.status,
        oe1_0.updated_at 
    from
        attendance_outbox oe1_0 
    where
        oe1_0.status in (?, ?) 
        and oe1_0.retry_count<?
2026-09-16T01:10:33.877+02:00 DEBUG 13392 --- [shecancode-attendance-system] [   scheduling-1] org.hibernate.SQL                        : 
    select
        oe1_0.id,
        oe1_0.aggregate_id,
        oe1_0.created_at,
        oe1_0.event_type,
        oe1_0.payload,
        oe1_0.processed_at,
        oe1_0.retry_count,
        oe1_0.status,
        oe1_0.updated_at 
    from
        attendance_outbox oe1_0 
    where
        oe1_0.status in (?, ?) 
        and oe1_0.retry_count<?
Hibernate: 
    select
        oe1_0.id,
        oe1_0.aggregate_id,
        oe1_0.created_at,
        oe1_0.event_type,
        oe1_0.payload,
        oe1_0.processed_at,
        oe1_0.retry_count,
        oe1_0.status,
        oe1_0.updated_at 
    from
        attendance_outbox oe1_0 
    where
        oe1_0.status in (?, ?) 
        and oe1_0.retry_count<?
2026-09-16T01:10:38.901+02:00 DEBUG 13392 --- [shecancode-attendance-system] [   scheduling-1] org.hibernate.SQL                        : 
    select
        oe1_0.id,
        oe1_0.aggregate_id,
        oe1_0.created_at,
        oe1_0.event_type,
        oe1_0.payload,
        oe1_0.processed_at,
        oe1_0.retry_count,
        oe1_0.status,
        oe1_0.updated_at 
    from
        attendance_outbox oe1_0 
    where
        oe1_0.status in (?, ?) 
        and oe1_0.retry_count<?
Hibernate: 
    select
        oe1_0.id,
        oe1_0.aggregate_id,
        oe1_0.created_at,
        oe1_0.event_type,
        oe1_0.payload,
        oe1_0.processed_at,
        oe1_0.retry_count,
        oe1_0.status,
        oe1_0.updated_at 
    from
        attendance_outbox oe1_0 
    where
        oe1_0.status in (?, ?) 
        and oe1_0.retry_count<?
2026-09-16T01:10:43.919+02:00 DEBUG 13392 --- [shecancode-attendance-system] [   scheduling-1] org.hibernate.SQL                        : 
    select
        oe1_0.id,
        oe1_0.aggregate_id,
        oe1_0.created_at,
        oe1_0.event_type,
        oe1_0.payload,
        oe1_0.processed_at,
        oe1_0.retry_count,
        oe1_0.status,
        oe1_0.updated_at 
    from
        attendance_outbox oe1_0 
    where
        oe1_0.status in (?, ?) 
        and oe1_0.retry_count<?
Hibernate: 
    select
        oe1_0.id,
        oe1_0.aggregate_id,
        oe1_0.created_at,
        oe1_0.event_type,
        oe1_0.payload,
        oe1_0.processed_at,
        oe1_0.retry_count,
        oe1_0.status,
        oe1_0.updated_at 
    from
        attendance_outbox oe1_0 
    where
        oe1_0.status in (?, ?) 
        and oe1_0.retry_count<?
2026-09-16T01:10:48.932+02:00 DEBUG 13392 --- [shecancode-attendance-system] [   scheduling-1] org.hibernate.SQL                        : 
    select
        oe1_0.id,
        oe1_0.aggregate_id,
        oe1_0.created_at,
        oe1_0.event_type,
        oe1_0.payload,
        oe1_0.processed_at,
        oe1_0.retry_count,
        oe1_0.status,
        oe1_0.updated_at 
    from
        attendance_outbox oe1_0 
    where
        oe1_0.status in (?, ?) 
        and oe1_0.retry_count<?
Hibernate: 
    select
        oe1_0.id,
        oe1_0.aggregate_id,
        oe1_0.created_at,
        oe1_0.event_type,
        oe1_0.payload,
        oe1_0.processed_at,
        oe1_0.retry_count,
        oe1_0.status,
        oe1_0.updated_at 
    from
        attendance_outbox oe1_0 
    where
        oe1_0.status in (?, ?) 
        and oe1_0.retry_count<?
2026-09-16T01:10:53.949+02:00 DEBUG 13392 --- [shecancode-attendance-system] [   scheduling-1] org.hibernate.SQL                        : 
    select
        oe1_0.id,
        oe1_0.aggregate_id,
        oe1_0.created_at,
        oe1_0.event_type,
        oe1_0.payload,
        oe1_0.processed_at,
        oe1_0.retry_count,
        oe1_0.status,
        oe1_0.updated_at 
    from
        attendance_outbox oe1_0 
    where
        oe1_0.status in (?, ?) 
        and oe1_0.retry_count<?
Hibernate: 
    select
        oe1_0.id,
        oe1_0.aggregate_id,
        oe1_0.created_at,
        oe1_0.event_type,
        oe1_0.payload,
        oe1_0.processed_at,
        oe1_0.retry_count,
        oe1_0.status,
        oe1_0.updated_at 
    from
        attendance_outbox oe1_0 
    where
        oe1_0.status in (?, ?) 
        and oe1_0.retry_count<?
2026-09-16T01:10:58.973+02:00 DEBUG 13392 --- [shecancode-attendance-system] [   scheduling-1] org.hibernate.SQL                        : 
    select
        oe1_0.id,
        oe1_0.aggregate_id,
        oe1_0.created_at,
        oe1_0.event_type,
        oe1_0.payload,
        oe1_0.processed_at,
        oe1_0.retry_count,
        oe1_0.status,
        oe1_0.updated_at 
    from
        attendance_outbox oe1_0 
    where
        oe1_0.status in (?, ?) 
        and oe1_0.retry_count<?
Hibernate: 
    select
        oe1_0.id,
        oe1_0.aggregate_id,
        oe1_0.created_at,
        oe1_0.event_type,
        oe1_0.payload,
        oe1_0.processed_at,
        oe1_0.retry_count,
        oe1_0.status,
        oe1_0.updated_at 
    from
        attendance_outbox oe1_0 
    where
        oe1_0.status in (?, ?) 
        and oe1_0.retry_count<?
2026-09-16T01:11:03.991+02:00 DEBUG 13392 --- [shecancode-attendance-system] [   scheduling-1] org.hibernate.SQL                        : 
    select
        oe1_0.id,
        oe1_0.aggregate_id,
        oe1_0.created_at,
        oe1_0.event_type,
        oe1_0.payload,
        oe1_0.processed_at,
        oe1_0.retry_count,
        oe1_0.status,
        oe1_0.updated_at 
    from
        attendance_outbox oe1_0 
    where
        oe1_0.status in (?, ?) 
        and oe1_0.retry_count<?
Hibernate: 
    select
        oe1_0.id,
        oe1_0.aggregate_id,
        oe1_0.created_at,
        oe1_0.event_type,
        oe1_0.payload,
        oe1_0.processed_at,
        oe1_0.retry_count,
        oe1_0.status,
        oe1_0.updated_at 
    from
        attendance_outbox oe1_0 
    where
        oe1_0.status in (?, ?) 
        and oe1_0.retry_count<?
2026-09-16T01:11:09.002+02:00 DEBUG 13392 --- [shecancode-attendance-system] [   scheduling-1] org.hibernate.SQL                        : 
    select
        oe1_0.id,
        oe1_0.aggregate_id,
        oe1_0.created_at,
        oe1_0.event_type,
        oe1_0.payload,
        oe1_0.processed_at,
        oe1_0.retry_count,
        oe1_0.status,
        oe1_0.updated_at 
    from
        attendance_outbox oe1_0 
    where
        oe1_0.status in (?, ?) 
        and oe1_0.retry_count<?
Hibernate: 
    select
        oe1_0.id,
        oe1_0.aggregate_id,
        oe1_0.created_at,
        oe1_0.event_type,
        oe1_0.payload,
        oe1_0.processed_at,
        oe1_0.retry_count,
        oe1_0.status,
        oe1_0.updated_at 
    from
        attendance_outbox oe1_0 
    where
        oe1_0.status in (?, ?) 
        and oe1_0.retry_count<?
2026-09-16T01:11:14.018+02:00 DEBUG 13392 --- [shecancode-attendance-system] [   scheduling-1] org.hibernate.SQL                        : 
    select
        oe1_0.id,
        oe1_0.aggregate_id,
        oe1_0.created_at,
        oe1_0.event_type,
        oe1_0.payload,
        oe1_0.processed_at,
        oe1_0.retry_count,
        oe1_0.status,
        oe1_0.updated_at 
    from
        attendance_outbox oe1_0 
    where
        oe1_0.status in (?, ?) 
        and oe1_0.retry_count<?
Hibernate: 
    select
        oe1_0.id,
        oe1_0.aggregate_id,
        oe1_0.created_at,
        oe1_0.event_type,
        oe1_0.payload,
        oe1_0.processed_at,
        oe1_0.retry_count,
        oe1_0.status,
        oe1_0.updated_at 
    from
        attendance_outbox oe1_0 
    where
        oe1_0.status in (?, ?) 
        and oe1_0.retry_count<?
2026-09-16T01:11:19.037+02:00 DEBUG 13392 --- [shecancode-attendance-system] [   scheduling-1] org.hibernate.SQL                        : 
    select
        oe1_0.id,
        oe1_0.aggregate_id,
        oe1_0.created_at,
        oe1_0.event_type,
        oe1_0.payload,
        oe1_0.processed_at,
        oe1_0.retry_count,
        oe1_0.status,
        oe1_0.updated_at 
    from
        attendance_outbox oe1_0 
    where
        oe1_0.status in (?, ?) 
        and oe1_0.retry_count<?
Hibernate: 
    select
        oe1_0.id,
        oe1_0.aggregate_id,
        oe1_0.created_at,
        oe1_0.event_type,
        oe1_0.payload,
        oe1_0.processed_at,
        oe1_0.retry_count,
        oe1_0.status,
        oe1_0.updated_at 
    from
        attendance_outbox oe1_0 
    where
        oe1_0.status in (?, ?) 
        and oe1_0.retry_count<?
2026-09-16T01:11:24.057+02:00 DEBUG 13392 --- [shecancode-attendance-system] [   scheduling-1] org.hibernate.SQL                        : 
    select
        oe1_0.id,
        oe1_0.aggregate_id,
        oe1_0.created_at,
        oe1_0.event_type,
        oe1_0.payload,
        oe1_0.processed_at,
        oe1_0.retry_count,
        oe1_0.status,
        oe1_0.updated_at 
    from
        attendance_outbox oe1_0 
    where
        oe1_0.status in (?, ?) 
        and oe1_0.retry_count<?
Hibernate: 
    select
        oe1_0.id,
        oe1_0.aggregate_id,
        oe1_0.created_at,
        oe1_0.event_type,
        oe1_0.payload,
        oe1_0.processed_at,
        oe1_0.retry_count,
        oe1_0.status,
        oe1_0.updated_at 
    from
        attendance_outbox oe1_0 
    where
        oe1_0.status in (?, ?) 
        and oe1_0.retry_count<?
2026-09-16T01:11:29.076+02:00 DEBUG 13392 --- [shecancode-attendance-system] [   scheduling-1] org.hibernate.SQL                        : 
    select
        oe1_0.id,
        oe1_0.aggregate_id,
        oe1_0.created_at,
        oe1_0.event_type,
        oe1_0.payload,
        oe1_0.processed_at,
        oe1_0.retry_count,
        oe1_0.status,
        oe1_0.updated_at 
    from
        attendance_outbox oe1_0 
    where
        oe1_0.status in (?, ?) 
        and oe1_0.retry_count<?
Hibernate: 
    select
        oe1_0.id,
        oe1_0.aggregate_id,
        oe1_0.created_at,
        oe1_0.event_type,
        oe1_0.payload,
        oe1_0.processed_at,
        oe1_0.retry_count,
        oe1_0.status,
        oe1_0.updated_at 
    from
        attendance_outbox oe1_0 
    where
        oe1_0.status in (?, ?) 
        and oe1_0.retry_count<?
2026-09-16T01:11:34.092+02:00 DEBUG 13392 --- [shecancode-attendance-system] [   scheduling-1] org.hibernate.SQL                        : 
    select
        oe1_0.id,
        oe1_0.aggregate_id,
        oe1_0.created_at,
        oe1_0.event_type,
        oe1_0.payload,
        oe1_0.processed_at,
        oe1_0.retry_count,
        oe1_0.status,
        oe1_0.updated_at 
    from
        attendance_outbox oe1_0 
    where
        oe1_0.status in (?, ?) 
        and oe1_0.retry_count<?
Hibernate: 
    select
        oe1_0.id,
        oe1_0.aggregate_id,
        oe1_0.created_at,
        oe1_0.event_type,
        oe1_0.payload,
        oe1_0.processed_at,
        oe1_0.retry_count,
        oe1_0.status,
        oe1_0.updated_at 
    from
        attendance_outbox oe1_0 
    where
        oe1_0.status in (?, ?) 
        and oe1_0.retry_count<?
2026-09-16T01:11:39.109+02:00 DEBUG 13392 --- [shecancode-attendance-system] [   scheduling-1] org.hibernate.SQL                        : 
    select
        oe1_0.id,
        oe1_0.aggregate_id,
        oe1_0.created_at,
        oe1_0.event_type,
        oe1_0.payload,
        oe1_0.processed_at,
        oe1_0.retry_count,
        oe1_0.status,
        oe1_0.updated_at 
    from
        attendance_outbox oe1_0 
    where
        oe1_0.status in (?, ?) 
        and oe1_0.retry_count<?
Hibernate: 
    select
        oe1_0.id,
        oe1_0.aggregate_id,
        oe1_0.created_at,
        oe1_0.event_type,
        oe1_0.payload,
        oe1_0.processed_at,
        oe1_0.retry_count,
        oe1_0.status,
        oe1_0.updated_at 
    from
        attendance_outbox oe1_0 
    where
        oe1_0.status in (?, ?) 
        and oe1_0.retry_count<?
2026-09-16T01:11:44.136+02:00 DEBUG 13392 --- [shecancode-attendance-system] [   scheduling-1] org.hibernate.SQL                        : 
    select
        oe1_0.id,
        oe1_0.aggregate_id,
        oe1_0.created_at,
        oe1_0.event_type,
        oe1_0.payload,
        oe1_0.processed_at,
        oe1_0.retry_count,
        oe1_0.status,
        oe1_0.updated_at 
    from
        attendance_outbox oe1_0 
    where
        oe1_0.status in (?, ?) 
        and oe1_0.retry_count<?
Hibernate: 
    select
        oe1_0.id,
        oe1_0.aggregate_id,
        oe1_0.created_at,
        oe1_0.event_type,
        oe1_0.payload,
        oe1_0.processed_at,
        oe1_0.retry_count,
        oe1_0.status,
        oe1_0.updated_at 
    from
        attendance_outbox oe1_0 
    where
        oe1_0.status in (?, ?) 
        and oe1_0.retry_count<?
2026-09-16T01:11:49.158+02:00 DEBUG 13392 --- [shecancode-attendance-system] [   scheduling-1] org.hibernate.SQL                        : 
    select
        oe1_0.id,
        oe1_0.aggregate_id,
        oe1_0.created_at,
        oe1_0.event_type,
        oe1_0.payload,
        oe1_0.processed_at,
        oe1_0.retry_count,
        oe1_0.status,
        oe1_0.updated_at 
    from
        attendance_outbox oe1_0 
    where
        oe1_0.status in (?, ?) 
        and oe1_0.retry_count<?
Hibernate: 
    select
        oe1_0.id,
        oe1_0.aggregate_id,
        oe1_0.created_at,
        oe1_0.event_type,
        oe1_0.payload,
        oe1_0.processed_at,
        oe1_0.retry_count,
        oe1_0.status,
        oe1_0.updated_at 
    from
        attendance_outbox oe1_0 
    where
        oe1_0.status in (?, ?) 
        and oe1_0.retry_count<?
2026-09-16T01:11:54.175+02:00 DEBUG 13392 --- [shecancode-attendance-system] [   scheduling-1] org.hibernate.SQL                        : 
    select
        oe1_0.id,
        oe1_0.aggregate_id,
        oe1_0.created_at,
        oe1_0.event_type,
        oe1_0.payload,
        oe1_0.processed_at,
        oe1_0.retry_count,
        oe1_0.status,
        oe1_0.updated_at 
    from
        attendance_outbox oe1_0 
    where
        oe1_0.status in (?, ?) 
        and oe1_0.retry_count<?
Hibernate: 
    select
        oe1_0.id,
        oe1_0.aggregate_id,
        oe1_0.created_at,
        oe1_0.event_type,
        oe1_0.payload,
        oe1_0.processed_at,
        oe1_0.retry_count,
        oe1_0.status,
        oe1_0.updated_at 
    from
        attendance_outbox oe1_0 
    where
        oe1_0.status in (?, ?) 
        and oe1_0.retry_count<?
2026-09-16T01:11:59.193+02:00 DEBUG 13392 --- [shecancode-attendance-system] [   scheduling-1] org.hibernate.SQL                        : 
    select
        oe1_0.id,
        oe1_0.aggregate_id,
        oe1_0.created_at,
        oe1_0.event_type,
        oe1_0.payload,
        oe1_0.processed_at,
        oe1_0.retry_count,
        oe1_0.status,
        oe1_0.updated_at 
    from
        attendance_outbox oe1_0 
    where
        oe1_0.status in (?, ?) 
        and oe1_0.retry_count<?
Hibernate: 
    select
        oe1_0.id,
        oe1_0.aggregate_id,
        oe1_0.created_at,
        oe1_0.event_type,
        oe1_0.payload,
        oe1_0.processed_at,
        oe1_0.retry_count,
        oe1_0.status,
        oe1_0.updated_at 
    from
        attendance_outbox oe1_0 
    where
        oe1_0.status in (?, ?) 
        and oe1_0.retry_count<?
2026-09-16T01:12:04.217+02:00 DEBUG 13392 --- [shecancode-attendance-system] [   scheduling-1] org.hibernate.SQL                        : 
    select
        oe1_0.id,
        oe1_0.aggregate_id,
        oe1_0.created_at,
        oe1_0.event_type,
        oe1_0.payload,
        oe1_0.processed_at,
        oe1_0.retry_count,
        oe1_0.status,
        oe1_0.updated_at 
    from
        attendance_outbox oe1_0 
    where
        oe1_0.status in (?, ?) 
        and oe1_0.retry_count<?
Hibernate: 
    select
        oe1_0.id,
        oe1_0.aggregate_id,
        oe1_0.created_at,
        oe1_0.event_type,
        oe1_0.payload,
        oe1_0.processed_at,
        oe1_0.retry_count,
        oe1_0.status,
        oe1_0.updated_at 
    from
        attendance_outbox oe1_0 
    where
        oe1_0.status in (?, ?) 
        and oe1_0.retry_count<?
2026-09-16T01:12:09.229+02:00 DEBUG 13392 --- [shecancode-attendance-system] [   scheduling-1] org.hibernate.SQL                        : 
    select
        oe1_0.id,
        oe1_0.aggregate_id,
        oe1_0.created_at,
        oe1_0.event_type,
        oe1_0.payload,
        oe1_0.processed_at,
        oe1_0.retry_count,
        oe1_0.status,
        oe1_0.updated_at 
    from
        attendance_outbox oe1_0 
    where
        oe1_0.status in (?, ?) 
        and oe1_0.retry_count<?
Hibernate: 
    select
        oe1_0.id,
        oe1_0.aggregate_id,
        oe1_0.created_at,
        oe1_0.event_type,
        oe1_0.payload,
        oe1_0.processed_at,
        oe1_0.retry_count,
        oe1_0.status,
        oe1_0.updated_at 
    from
        attendance_outbox oe1_0 
    where
        oe1_0.status in (?, ?) 
        and oe1_0.retry_count<?
2026-09-16T01:12:14.243+02:00 DEBUG 13392 --- [shecancode-attendance-system] [   scheduling-1] org.hibernate.SQL                        : 
    select
        oe1_0.id,
        oe1_0.aggregate_id,
        oe1_0.created_at,
        oe1_0.event_type,
        oe1_0.payload,
        oe1_0.processed_at,
        oe1_0.retry_count,
        oe1_0.status,
        oe1_0.updated_at 
    from
        attendance_outbox oe1_0 
    where
        oe1_0.status in (?, ?) 
        and oe1_0.retry_count<?
Hibernate: 
    select
        oe1_0.id,
        oe1_0.aggregate_id,
        oe1_0.created_at,
        oe1_0.event_type,
        oe1_0.payload,
        oe1_0.processed_at,
        oe1_0.retry_count,
        oe1_0.status,
        oe1_0.updated_at 
    from
        attendance_outbox oe1_0 
    where
        oe1_0.status in (?, ?) 
        and oe1_0.retry_count<?
2026-09-16T01:12:19.262+02:00 DEBUG 13392 --- [shecancode-attendance-system] [   scheduling-1] org.hibernate.SQL                        : 
    select
        oe1_0.id,
        oe1_0.aggregate_id,
        oe1_0.created_at,
        oe1_0.event_type,
        oe1_0.payload,
        oe1_0.processed_at,
        oe1_0.retry_count,
        oe1_0.status,
        oe1_0.updated_at 
    from
        attendance_outbox oe1_0 
    where
        oe1_0.status in (?, ?) 
        and oe1_0.retry_count<?
Hibernate: 
    select
        oe1_0.id,
        oe1_0.aggregate_id,
        oe1_0.created_at,
        oe1_0.event_type,
        oe1_0.payload,
        oe1_0.processed_at,
        oe1_0.retry_count,
        oe1_0.status,
        oe1_0.updated_at 
    from
        attendance_outbox oe1_0 
    where
        oe1_0.status in (?, ?) 
        and oe1_0.retry_count<?
2026-09-16T01:12:24.289+02:00 DEBUG 13392 --- [shecancode-attendance-system] [   scheduling-1] org.hibernate.SQL                        : 
    select
        oe1_0.id,
        oe1_0.aggregate_id,
        oe1_0.created_at,
        oe1_0.event_type,
        oe1_0.payload,
        oe1_0.processed_at,
        oe1_0.retry_count,
        oe1_0.status,
        oe1_0.updated_at 
    from
        attendance_outbox oe1_0 
    where
        oe1_0.status in (?, ?) 
        and oe1_0.retry_count<?
Hibernate: 
    select
        oe1_0.id,
        oe1_0.aggregate_id,
        oe1_0.created_at,
        oe1_0.event_type,
        oe1_0.payload,
        oe1_0.processed_at,
        oe1_0.retry_count,
        oe1_0.status,
        oe1_0.updated_at 
    from
        attendance_outbox oe1_0 
    where
        oe1_0.status in (?, ?) 
        and oe1_0.retry_count<?
2026-09-16T01:12:29.317+02:00 DEBUG 13392 --- [shecancode-attendance-system] [   scheduling-1] org.hibernate.SQL                        : 
    select
        oe1_0.id,
        oe1_0.aggregate_id,
        oe1_0.created_at,
        oe1_0.event_type,
        oe1_0.payload,
        oe1_0.processed_at,
        oe1_0.retry_count,
        oe1_0.status,
        oe1_0.updated_at 
    from
        attendance_outbox oe1_0 
    where
        oe1_0.status in (?, ?) 
        and oe1_0.retry_count<?
Hibernate: 
    select
        oe1_0.id,
        oe1_0.aggregate_id,
        oe1_0.created_at,
        oe1_0.event_type,
        oe1_0.payload,
        oe1_0.processed_at,
        oe1_0.retry_count,
        oe1_0.status,
        oe1_0.updated_at 
    from
        attendance_outbox oe1_0 
    where
        oe1_0.status in (?, ?) 
        and oe1_0.retry_count<?
2026-09-16T01:12:34.342+02:00 DEBUG 13392 --- [shecancode-attendance-system] [   scheduling-1] org.hibernate.SQL                        : 
    select
        oe1_0.id,
        oe1_0.aggregate_id,
        oe1_0.created_at,
        oe1_0.event_type,
        oe1_0.payload,
        oe1_0.processed_at,
        oe1_0.retry_count,
        oe1_0.status,
        oe1_0.updated_at 
    from
        attendance_outbox oe1_0 
    where
        oe1_0.status in (?, ?) 
        and oe1_0.retry_count<?
Hibernate: 
    select
        oe1_0.id,
        oe1_0.aggregate_id,
        oe1_0.created_at,
        oe1_0.event_type,
        oe1_0.payload,
        oe1_0.processed_at,
        oe1_0.retry_count,
        oe1_0.status,
        oe1_0.updated_at 
    from
        attendance_outbox oe1_0 
    where
        oe1_0.status in (?, ?) 
        and oe1_0.retry_count<?
2026-09-16T01:12:39.360+02:00 DEBUG 13392 --- [shecancode-attendance-system] [   scheduling-1] org.hibernate.SQL                        : 
    select
        oe1_0.id,
        oe1_0.aggregate_id,
        oe1_0.created_at,
        oe1_0.event_type,
        oe1_0.payload,
        oe1_0.processed_at,
        oe1_0.retry_count,
        oe1_0.status,
        oe1_0.updated_at 
    from
        attendance_outbox oe1_0 
    where
        oe1_0.status in (?, ?) 
        and oe1_0.retry_count<?
Hibernate: 
    select
        oe1_0.id,
        oe1_0.aggregate_id,
        oe1_0.created_at,
        oe1_0.event_type,
        oe1_0.payload,
        oe1_0.processed_at,
        oe1_0.retry_count,
        oe1_0.status,
        oe1_0.updated_at 
    from
        attendance_outbox oe1_0 
    where
        oe1_0.status in (?, ?) 
        and oe1_0.retry_count<?
2026-09-16T01:12:44.378+02:00 DEBUG 13392 --- [shecancode-attendance-system] [   scheduling-1] org.hibernate.SQL                        : 
    select
        oe1_0.id,
        oe1_0.aggregate_id,
        oe1_0.created_at,
        oe1_0.event_type,
        oe1_0.payload,
        oe1_0.processed_at,
        oe1_0.retry_count,
        oe1_0.status,
        oe1_0.updated_at 
    from
        attendance_outbox oe1_0 
    where
        oe1_0.status in (?, ?) 
        and oe1_0.retry_count<?
Hibernate: 
    select
        oe1_0.id,
        oe1_0.aggregate_id,
        oe1_0.created_at,
        oe1_0.event_type,
        oe1_0.payload,
        oe1_0.processed_at,
        oe1_0.retry_count,
        oe1_0.status,
        oe1_0.updated_at 
    from
        attendance_outbox oe1_0 
    where
        oe1_0.status in (?, ?) 
        and oe1_0.retry_count<?
2026-09-16T01:12:49.401+02:00 DEBUG 13392 --- [shecancode-attendance-system] [   scheduling-1] org.hibernate.SQL                        : 
    select
        oe1_0.id,
        oe1_0.aggregate_id,
        oe1_0.created_at,
        oe1_0.event_type,
        oe1_0.payload,
        oe1_0.processed_at,
        oe1_0.retry_count,
        oe1_0.status,
        oe1_0.updated_at 
    from
        attendance_outbox oe1_0 
    where
        oe1_0.status in (?, ?) 
        and oe1_0.retry_count<?
Hibernate: 
    select
        oe1_0.id,
        oe1_0.aggregate_id,
        oe1_0.created_at,
        oe1_0.event_type,
        oe1_0.payload,
        oe1_0.processed_at,
        oe1_0.retry_count,
        oe1_0.status,
        oe1_0.updated_at 
    from
        attendance_outbox oe1_0 
    where
        oe1_0.status in (?, ?) 
        and oe1_0.retry_count<?
2026-09-16T01:12:54.413+02:00 DEBUG 13392 --- [shecancode-attendance-system] [   scheduling-1] org.hibernate.SQL                        : 
    select
        oe1_0.id,
        oe1_0.aggregate_id,
        oe1_0.created_at,
        oe1_0.event_type,
        oe1_0.payload,
        oe1_0.processed_at,
        oe1_0.retry_count,
        oe1_0.status,
        oe1_0.updated_at 
    from
        attendance_outbox oe1_0 
    where
        oe1_0.status in (?, ?) 
        and oe1_0.retry_count<?
Hibernate: 
    select
        oe1_0.id,
        oe1_0.aggregate_id,
        oe1_0.created_at,
        oe1_0.event_type,
        oe1_0.payload,
        oe1_0.processed_at,
        oe1_0.retry_count,
        oe1_0.status,
        oe1_0.updated_at 
    from
        attendance_outbox oe1_0 
    where
        oe1_0.status in (?, ?) 
        and oe1_0.retry_count<?
2026-09-16T01:12:59.442+02:00 DEBUG 13392 --- [shecancode-attendance-system] [   scheduling-1] org.hibernate.SQL                        : 
    select
        oe1_0.id,
        oe1_0.aggregate_id,
        oe1_0.created_at,
        oe1_0.event_type,
        oe1_0.payload,
        oe1_0.processed_at,
        oe1_0.retry_count,
        oe1_0.status,
        oe1_0.updated_at 
    from
        attendance_outbox oe1_0 
    where
        oe1_0.status in (?, ?) 
        and oe1_0.retry_count<?
Hibernate: 
    select
        oe1_0.id,
        oe1_0.aggregate_id,
        oe1_0.created_at,
        oe1_0.event_type,
        oe1_0.payload,
        oe1_0.processed_at,
        oe1_0.retry_count,
        oe1_0.status,
        oe1_0.updated_at 
    from
        attendance_outbox oe1_0 
    where
        oe1_0.status in (?, ?) 
        and oe1_0.retry_count<?
2026-09-16T01:13:04.452+02:00 DEBUG 13392 --- [shecancode-attendance-system] [   scheduling-1] org.hibernate.SQL                        : 
    select
        oe1_0.id,
        oe1_0.aggregate_id,
        oe1_0.created_at,
        oe1_0.event_type,
        oe1_0.payload,
        oe1_0.processed_at,
        oe1_0.retry_count,
        oe1_0.status,
        oe1_0.updated_at 
    from
        attendance_outbox oe1_0 
    where
        oe1_0.status in (?, ?) 
        and oe1_0.retry_count<?
Hibernate: 
    select
        oe1_0.id,
        oe1_0.aggregate_id,
        oe1_0.created_at,
        oe1_0.event_type,
        oe1_0.payload,
        oe1_0.processed_at,
        oe1_0.retry_count,
        oe1_0.status,
        oe1_0.updated_at 
    from
        attendance_outbox oe1_0 
    where
        oe1_0.status in (?, ?) 
        and oe1_0.retry_count<?
2026-09-16T01:13:09.478+02:00 DEBUG 13392 --- [shecancode-attendance-system] [   scheduling-1] org.hibernate.SQL                        : 
    select
        oe1_0.id,
        oe1_0.aggregate_id,
        oe1_0.created_at,
        oe1_0.event_type,
        oe1_0.payload,
        oe1_0.processed_at,
        oe1_0.retry_count,
        oe1_0.status,
        oe1_0.updated_at 
    from
        attendance_outbox oe1_0 
    where
        oe1_0.status in (?, ?) 
        and oe1_0.retry_count<?
Hibernate: 
    select
        oe1_0.id,
        oe1_0.aggregate_id,
        oe1_0.created_at,
        oe1_0.event_type,
        oe1_0.payload,
        oe1_0.processed_at,
        oe1_0.retry_count,
        oe1_0.status,
        oe1_0.updated_at 
    from
        attendance_outbox oe1_0 
    where
        oe1_0.status in (?, ?) 
        and oe1_0.retry_count<?
2026-09-16T01:13:14.495+02:00 DEBUG 13392 --- [shecancode-attendance-system] [   scheduling-1] org.hibernate.SQL                        : 
    select
        oe1_0.id,
        oe1_0.aggregate_id,
        oe1_0.created_at,
        oe1_0.event_type,
        oe1_0.payload,
        oe1_0.processed_at,
        oe1_0.retry_count,
        oe1_0.status,
        oe1_0.updated_at 
    from
        attendance_outbox oe1_0 
    where
        oe1_0.status in (?, ?) 
        and oe1_0.retry_count<?
Hibernate: 
    select
        oe1_0.id,
        oe1_0.aggregate_id,
        oe1_0.created_at,
        oe1_0.event_type,
        oe1_0.payload,
        oe1_0.processed_at,
        oe1_0.retry_count,
        oe1_0.status,
        oe1_0.updated_at 
    from
        attendance_outbox oe1_0 
    where
        oe1_0.status in (?, ?) 
        and oe1_0.retry_count<?
2026-09-16T01:13:19.513+02:00 DEBUG 13392 --- [shecancode-attendance-system] [   scheduling-1] org.hibernate.SQL                        : 
    select
        oe1_0.id,
        oe1_0.aggregate_id,
        oe1_0.created_at,
        oe1_0.event_type,
        oe1_0.payload,
        oe1_0.processed_at,
        oe1_0.retry_count,
        oe1_0.status,
        oe1_0.updated_at 
    from
        attendance_outbox oe1_0 
    where
        oe1_0.status in (?, ?) 
        and oe1_0.retry_count<?
Hibernate: 
    select
        oe1_0.id,
        oe1_0.aggregate_id,
        oe1_0.created_at,
        oe1_0.event_type,
        oe1_0.payload,
        oe1_0.processed_at,
        oe1_0.retry_count,
        oe1_0.status,
        oe1_0.updated_at 
    from
        attendance_outbox oe1_0 
    where
        oe1_0.status in (?, ?) 
        and oe1_0.retry_count<?
2026-09-16T01:13:24.524+02:00 DEBUG 13392 --- [shecancode-attendance-system] [   scheduling-1] org.hibernate.SQL                        : 
    select
        oe1_0.id,
        oe1_0.aggregate_id,
        oe1_0.created_at,
        oe1_0.event_type,
        oe1_0.payload,
        oe1_0.processed_at,
        oe1_0.retry_count,
        oe1_0.status,
        oe1_0.updated_at 
    from
        attendance_outbox oe1_0 
    where
        oe1_0.status in (?, ?) 
        and oe1_0.retry_count<?
Hibernate: 
    select
        oe1_0.id,
        oe1_0.aggregate_id,
        oe1_0.created_at,
        oe1_0.event_type,
        oe1_0.payload,
        oe1_0.processed_at,
        oe1_0.retry_count,
        oe1_0.status,
        oe1_0.updated_at 
    from
        attendance_outbox oe1_0 
    where
        oe1_0.status in (?, ?) 
        and oe1_0.retry_count<?
2026-09-16T01:13:29.536+02:00 DEBUG 13392 --- [shecancode-attendance-system] [   scheduling-1] org.hibernate.SQL                        : 
    select
        oe1_0.id,
        oe1_0.aggregate_id,
        oe1_0.created_at,
        oe1_0.event_type,
        oe1_0.payload,
        oe1_0.processed_at,
        oe1_0.retry_count,
        oe1_0.status,
        oe1_0.updated_at 
    from
        attendance_outbox oe1_0 
    where
        oe1_0.status in (?, ?) 
        and oe1_0.retry_count<?
Hibernate: 
    select
        oe1_0.id,
        oe1_0.aggregate_id,
        oe1_0.created_at,
        oe1_0.event_type,
        oe1_0.payload,
        oe1_0.processed_at,
        oe1_0.retry_count,
        oe1_0.status,
        oe1_0.updated_at 
    from
        attendance_outbox oe1_0 
    where
        oe1_0.status in (?, ?) 
        and oe1_0.retry_count<?
2026-09-16T01:13:34.554+02:00 DEBUG 13392 --- [shecancode-attendance-system] [   scheduling-1] org.hibernate.SQL                        : 
    select
        oe1_0.id,
        oe1_0.aggregate_id,
        oe1_0.created_at,
        oe1_0.event_type,
        oe1_0.payload,
        oe1_0.processed_at,
        oe1_0.retry_count,
        oe1_0.status,
        oe1_0.updated_at 
    from
        attendance_outbox oe1_0 
    where
        oe1_0.status in (?, ?) 
        and oe1_0.retry_count<?
Hibernate: 
    select
        oe1_0.id,
        oe1_0.aggregate_id,
        oe1_0.created_at,
        oe1_0.event_type,
        oe1_0.payload,
        oe1_0.processed_at,
        oe1_0.retry_count,
        oe1_0.status,
        oe1_0.updated_at 
    from
        attendance_outbox oe1_0 
    where
        oe1_0.status in (?, ?) 
        and oe1_0.retry_count<?
2026-09-16T01:13:39.574+02:00 DEBUG 13392 --- [shecancode-attendance-system] [   scheduling-1] org.hibernate.SQL                        : 
    select
        oe1_0.id,
        oe1_0.aggregate_id,
        oe1_0.created_at,
        oe1_0.event_type,
        oe1_0.payload,
        oe1_0.processed_at,
        oe1_0.retry_count,
        oe1_0.status,
        oe1_0.updated_at 
    from
        attendance_outbox oe1_0 
    where
        oe1_0.status in (?, ?) 
        and oe1_0.retry_count<?
Hibernate: 
    select
        oe1_0.id,
        oe1_0.aggregate_id,
        oe1_0.created_at,
        oe1_0.event_type,
        oe1_0.payload,
        oe1_0.processed_at,
        oe1_0.retry_count,
        oe1_0.status,
        oe1_0.updated_at 
    from
        attendance_outbox oe1_0 
    where
        oe1_0.status in (?, ?) 
        and oe1_0.retry_count<?
2026-09-16T01:13:44.598+02:00 DEBUG 13392 --- [shecancode-attendance-system] [   scheduling-1] org.hibernate.SQL                        : 
    select
        oe1_0.id,
        oe1_0.aggregate_id,
        oe1_0.created_at,
        oe1_0.event_type,
        oe1_0.payload,
        oe1_0.processed_at,
        oe1_0.retry_count,
        oe1_0.status,
        oe1_0.updated_at 
    from
        attendance_outbox oe1_0 
    where
        oe1_0.status in (?, ?) 
        and oe1_0.retry_count<?
Hibernate: 
    select
        oe1_0.id,
        oe1_0.aggregate_id,
        oe1_0.created_at,
        oe1_0.event_type,
        oe1_0.payload,
        oe1_0.processed_at,
        oe1_0.retry_count,
        oe1_0.status,
        oe1_0.updated_at 
    from
        attendance_outbox oe1_0 
    where
        oe1_0.status in (?, ?) 
        and oe1_0.retry_count<?
2026-09-16T01:13:49.615+02:00 DEBUG 13392 --- [shecancode-attendance-system] [   scheduling-1] org.hibernate.SQL                        : 
    select
        oe1_0.id,
        oe1_0.aggregate_id,
        oe1_0.created_at,
        oe1_0.event_type,
        oe1_0.payload,
        oe1_0.processed_at,
        oe1_0.retry_count,
        oe1_0.status,
        oe1_0.updated_at 
    from
        attendance_outbox oe1_0 
    where
        oe1_0.status in (?, ?) 
        and oe1_0.retry_count<?
Hibernate: 
    select
        oe1_0.id,
        oe1_0.aggregate_id,
        oe1_0.created_at,
        oe1_0.event_type,
        oe1_0.payload,
        oe1_0.processed_at,
        oe1_0.retry_count,
        oe1_0.status,
        oe1_0.updated_at 
    from
        attendance_outbox oe1_0 
    where
        oe1_0.status in (?, ?) 
        and oe1_0.retry_count<?
2026-09-16T01:13:54.636+02:00 DEBUG 13392 --- [shecancode-attendance-system] [   scheduling-1] org.hibernate.SQL                        : 
    select
        oe1_0.id,
        oe1_0.aggregate_id,
        oe1_0.created_at,
        oe1_0.event_type,
        oe1_0.payload,
        oe1_0.processed_at,
        oe1_0.retry_count,
        oe1_0.status,
        oe1_0.updated_at 
    from
        attendance_outbox oe1_0 
    where
        oe1_0.status in (?, ?) 
        and oe1_0.retry_count<?
Hibernate: 
    select
        oe1_0.id,
        oe1_0.aggregate_id,
        oe1_0.created_at,
        oe1_0.event_type,
        oe1_0.payload,
        oe1_0.processed_at,
        oe1_0.retry_count,
        oe1_0.status,
        oe1_0.updated_at 
    from
        attendance_outbox oe1_0 
    where
        oe1_0.status in (?, ?) 
        and oe1_0.retry_count<?
2026-09-16T01:13:59.658+02:00 DEBUG 13392 --- [shecancode-attendance-system] [   scheduling-1] org.hibernate.SQL                        : 
    select
        oe1_0.id,
        oe1_0.aggregate_id,
        oe1_0.created_at,
        oe1_0.event_type,
        oe1_0.payload,
        oe1_0.processed_at,
        oe1_0.retry_count,
        oe1_0.status,
        oe1_0.updated_at 
    from
        attendance_outbox oe1_0 
    where
        oe1_0.status in (?, ?) 
        and oe1_0.retry_count<?
Hibernate: 
    select
        oe1_0.id,
        oe1_0.aggregate_id,
        oe1_0.created_at,
        oe1_0.event_type,
        oe1_0.payload,
        oe1_0.processed_at,
        oe1_0.retry_count,
        oe1_0.status,
        oe1_0.updated_at 
    from
        attendance_outbox oe1_0 
    where
        oe1_0.status in (?, ?) 
        and oe1_0.retry_count<?
2026-09-16T01:14:04.679+02:00 DEBUG 13392 --- [shecancode-attendance-system] [   scheduling-1] org.hibernate.SQL                        : 
    select
        oe1_0.id,
        oe1_0.aggregate_id,
        oe1_0.created_at,
        oe1_0.event_type,
        oe1_0.payload,
        oe1_0.processed_at,
        oe1_0.retry_count,
        oe1_0.status,
        oe1_0.updated_at 
    from
        attendance_outbox oe1_0 
    where
        oe1_0.status in (?, ?) 
        and oe1_0.retry_count<?
Hibernate: 
    select
        oe1_0.id,
        oe1_0.aggregate_id,
        oe1_0.created_at,
        oe1_0.event_type,
        oe1_0.payload,
        oe1_0.processed_at,
        oe1_0.retry_count,
        oe1_0.status,
        oe1_0.updated_at 
    from
        attendance_outbox oe1_0 
    where
        oe1_0.status in (?, ?) 
        and oe1_0.retry_count<?
2026-09-16T01:14:09.697+02:00 DEBUG 13392 --- [shecancode-attendance-system] [   scheduling-1] org.hibernate.SQL                        : 
    select
        oe1_0.id,
        oe1_0.aggregate_id,
        oe1_0.created_at,
        oe1_0.event_type,
        oe1_0.payload,
        oe1_0.processed_at,
        oe1_0.retry_count,
        oe1_0.status,
        oe1_0.updated_at 
    from
        attendance_outbox oe1_0 
    where
        oe1_0.status in (?, ?) 
        and oe1_0.retry_count<?
Hibernate: 
    select
        oe1_0.id,
        oe1_0.aggregate_id,
        oe1_0.created_at,
        oe1_0.event_type,
        oe1_0.payload,
        oe1_0.processed_at,
        oe1_0.retry_count,
        oe1_0.status,
        oe1_0.updated_at 
    from
        attendance_outbox oe1_0 
    where
        oe1_0.status in (?, ?) 
        and oe1_0.retry_count<?
2026-09-16T01:14:14.714+02:00 DEBUG 13392 --- [shecancode-attendance-system] [   scheduling-1] org.hibernate.SQL                        : 
    select
        oe1_0.id,
        oe1_0.aggregate_id,
        oe1_0.created_at,
        oe1_0.event_type,
        oe1_0.payload,
        oe1_0.processed_at,
        oe1_0.retry_count,
        oe1_0.status,
        oe1_0.updated_at 
    from
        attendance_outbox oe1_0 
    where
        oe1_0.status in (?, ?) 
        and oe1_0.retry_count<?
Hibernate: 
    select
        oe1_0.id,
        oe1_0.aggregate_id,
        oe1_0.created_at,
        oe1_0.event_type,
        oe1_0.payload,
        oe1_0.processed_at,
        oe1_0.retry_count,
        oe1_0.status,
        oe1_0.updated_at 
    from
        attendance_outbox oe1_0 
    where
        oe1_0.status in (?, ?) 
        and oe1_0.retry_count<?
2026-09-16T01:14:19.739+02:00 DEBUG 13392 --- [shecancode-attendance-system] [   scheduling-1] org.hibernate.SQL                        : 
    select
        oe1_0.id,
        oe1_0.aggregate_id,
        oe1_0.created_at,
        oe1_0.event_type,
        oe1_0.payload,
        oe1_0.processed_at,
        oe1_0.retry_count,
        oe1_0.status,
        oe1_0.updated_at 
    from
        attendance_outbox oe1_0 
    where
        oe1_0.status in (?, ?) 
        and oe1_0.retry_count<?
Hibernate: 
    select
        oe1_0.id,
        oe1_0.aggregate_id,
        oe1_0.created_at,
        oe1_0.event_type,
        oe1_0.payload,
        oe1_0.processed_at,
        oe1_0.retry_count,
        oe1_0.status,
        oe1_0.updated_at 
    from
        attendance_outbox oe1_0 
    where
        oe1_0.status in (?, ?) 
        and oe1_0.retry_count<?
2026-09-16T01:14:24.765+02:00 DEBUG 13392 --- [shecancode-attendance-system] [   scheduling-1] org.hibernate.SQL                        : 
    select
        oe1_0.id,
        oe1_0.aggregate_id,
        oe1_0.created_at,
        oe1_0.event_type,
        oe1_0.payload,
        oe1_0.processed_at,
        oe1_0.retry_count,
        oe1_0.status,
        oe1_0.updated_at 
    from
        attendance_outbox oe1_0 
    where
        oe1_0.status in (?, ?) 
        and oe1_0.retry_count<?
Hibernate: 
    select
        oe1_0.id,
        oe1_0.aggregate_id,
        oe1_0.created_at,
        oe1_0.event_type,
        oe1_0.payload,
        oe1_0.processed_at,
        oe1_0.retry_count,
        oe1_0.status,
        oe1_0.updated_at 
    from
        attendance_outbox oe1_0 
    where
        oe1_0.status in (?, ?) 
        and oe1_0.retry_count<?
2026-09-16T01:14:29.785+02:00 DEBUG 13392 --- [shecancode-attendance-system] [   scheduling-1] org.hibernate.SQL                        : 
    select
        oe1_0.id,
        oe1_0.aggregate_id,
        oe1_0.created_at,
        oe1_0.event_type,
        oe1_0.payload,
        oe1_0.processed_at,
        oe1_0.retry_count,
        oe1_0.status,
        oe1_0.updated_at 
    from
        attendance_outbox oe1_0 
    where
        oe1_0.status in (?, ?) 
        and oe1_0.retry_count<?
Hibernate: 
    select
        oe1_0.id,
        oe1_0.aggregate_id,
        oe1_0.created_at,
        oe1_0.event_type,
        oe1_0.payload,
        oe1_0.processed_at,
        oe1_0.retry_count,
        oe1_0.status,
        oe1_0.updated_at 
    from
        attendance_outbox oe1_0 
    where
        oe1_0.status in (?, ?) 
        and oe1_0.retry_count<?
2026-09-16T01:14:34.805+02:00 DEBUG 13392 --- [shecancode-attendance-system] [   scheduling-1] org.hibernate.SQL                        : 
    select
        oe1_0.id,
        oe1_0.aggregate_id,
        oe1_0.created_at,
        oe1_0.event_type,
        oe1_0.payload,
        oe1_0.processed_at,
        oe1_0.retry_count,
        oe1_0.status,
        oe1_0.updated_at 
    from
        attendance_outbox oe1_0 
    where
        oe1_0.status in (?, ?) 
        and oe1_0.retry_count<?
Hibernate: 
    select
        oe1_0.id,
        oe1_0.aggregate_id,
        oe1_0.created_at,
        oe1_0.event_type,
        oe1_0.payload,
        oe1_0.processed_at,
        oe1_0.retry_count,
        oe1_0.status,
        oe1_0.updated_at 
    from
        attendance_outbox oe1_0 
    where
        oe1_0.status in (?, ?) 
        and oe1_0.retry_count<?
2026-09-16T01:14:39.821+02:00 DEBUG 13392 --- [shecancode-attendance-system] [   scheduling-1] org.hibernate.SQL                        : 
    select
        oe1_0.id,
        oe1_0.aggregate_id,
        oe1_0.created_at,
        oe1_0.event_type,
        oe1_0.payload,
        oe1_0.processed_at,
        oe1_0.retry_count,
        oe1_0.status,
        oe1_0.updated_at 
    from
        attendance_outbox oe1_0 
    where
        oe1_0.status in (?, ?) 
        and oe1_0.retry_count<?
Hibernate: 
    select
        oe1_0.id,
        oe1_0.aggregate_id,
        oe1_0.created_at,
        oe1_0.event_type,
        oe1_0.payload,
        oe1_0.processed_at,
        oe1_0.retry_count,
        oe1_0.status,
        oe1_0.updated_at 
    from
        attendance_outbox oe1_0 
    where
        oe1_0.status in (?, ?) 
        and oe1_0.retry_count<?
2026-09-16T01:14:44.840+02:00 DEBUG 13392 --- [shecancode-attendance-system] [   scheduling-1] org.hibernate.SQL                        : 
    select
        oe1_0.id,
        oe1_0.aggregate_id,
        oe1_0.created_at,
        oe1_0.event_type,
        oe1_0.payload,
        oe1_0.processed_at,
        oe1_0.retry_count,
        oe1_0.status,
        oe1_0.updated_at 
    from
        attendance_outbox oe1_0 
    where
        oe1_0.status in (?, ?) 
        and oe1_0.retry_count<?
Hibernate: 
    select
        oe1_0.id,
        oe1_0.aggregate_id,
        oe1_0.created_at,
        oe1_0.event_type,
        oe1_0.payload,
        oe1_0.processed_at,
        oe1_0.retry_count,
        oe1_0.status,
        oe1_0.updated_at 
    from
        attendance_outbox oe1_0 
    where
        oe1_0.status in (?, ?) 
        and oe1_0.retry_count<?
2026-09-16T01:14:49.863+02:00 DEBUG 13392 --- [shecancode-attendance-system] [   scheduling-1] org.hibernate.SQL                        : 
    select
        oe1_0.id,
        oe1_0.aggregate_id,
        oe1_0.created_at,
        oe1_0.event_type,
        oe1_0.payload,
        oe1_0.processed_at,
        oe1_0.retry_count,
        oe1_0.status,
        oe1_0.updated_at 
    from
        attendance_outbox oe1_0 
    where
        oe1_0.status in (?, ?) 
        and oe1_0.retry_count<?
Hibernate: 
    select
        oe1_0.id,
        oe1_0.aggregate_id,
        oe1_0.created_at,
        oe1_0.event_type,
        oe1_0.payload,
        oe1_0.processed_at,
        oe1_0.retry_count,
        oe1_0.status,
        oe1_0.updated_at 
    from
        attendance_outbox oe1_0 
    where
        oe1_0.status in (?, ?) 
        and oe1_0.retry_count<?
2026-09-16T01:14:54.880+02:00 DEBUG 13392 --- [shecancode-attendance-system] [   scheduling-1] org.hibernate.SQL                        : 
    select
        oe1_0.id,
        oe1_0.aggregate_id,
        oe1_0.created_at,
        oe1_0.event_type,
        oe1_0.payload,
        oe1_0.processed_at,
        oe1_0.retry_count,
        oe1_0.status,
        oe1_0.updated_at 
    from
        attendance_outbox oe1_0 
    where
        oe1_0.status in (?, ?) 
        and oe1_0.retry_count<?
Hibernate: 
    select
        oe1_0.id,
        oe1_0.aggregate_id,
        oe1_0.created_at,
        oe1_0.event_type,
        oe1_0.payload,
        oe1_0.processed_at,
        oe1_0.retry_count,
        oe1_0.status,
        oe1_0.updated_at 
    from
        attendance_outbox oe1_0 
    where
        oe1_0.status in (?, ?) 
        and oe1_0.retry_count<?
2026-09-16T01:14:59.907+02:00 DEBUG 13392 --- [shecancode-attendance-system] [   scheduling-1] org.hibernate.SQL                        : 
    select
        oe1_0.id,
        oe1_0.aggregate_id,
        oe1_0.created_at,
        oe1_0.event_type,
        oe1_0.payload,
        oe1_0.processed_at,
        oe1_0.retry_count,
        oe1_0.status,
        oe1_0.updated_at 
    from
        attendance_outbox oe1_0 
    where
        oe1_0.status in (?, ?) 
        and oe1_0.retry_count<?
Hibernate: 
    select
        oe1_0.id,
        oe1_0.aggregate_id,
        oe1_0.created_at,
        oe1_0.event_type,
        oe1_0.payload,
        oe1_0.processed_at,
        oe1_0.retry_count,
        oe1_0.status,
        oe1_0.updated_at 
    from
        attendance_outbox oe1_0 
    where
        oe1_0.status in (?, ?) 
        and oe1_0.retry_count<?
2026-09-16T01:15:04.925+02:00 DEBUG 13392 --- [shecancode-attendance-system] [   scheduling-1] org.hibernate.SQL                        : 
    select
        oe1_0.id,
        oe1_0.aggregate_id,
        oe1_0.created_at,
        oe1_0.event_type,
        oe1_0.payload,
        oe1_0.processed_at,
        oe1_0.retry_count,
        oe1_0.status,
        oe1_0.updated_at 
    from
        attendance_outbox oe1_0 
    where
        oe1_0.status in (?, ?) 
        and oe1_0.retry_count<?
Hibernate: 
    select
        oe1_0.id,
        oe1_0.aggregate_id,
        oe1_0.created_at,
        oe1_0.event_type,
        oe1_0.payload,
        oe1_0.processed_at,
        oe1_0.retry_count,
        oe1_0.status,
        oe1_0.updated_at 
    from
        attendance_outbox oe1_0 
    where
        oe1_0.status in (?, ?) 
        and oe1_0.retry_count<?
2026-09-16T01:15:09.936+02:00 DEBUG 13392 --- [shecancode-attendance-system] [   scheduling-1] org.hibernate.SQL                        : 
    select
        oe1_0.id,
        oe1_0.aggregate_id,
        oe1_0.created_at,
        oe1_0.event_type,
        oe1_0.payload,
        oe1_0.processed_at,
        oe1_0.retry_count,
        oe1_0.status,
        oe1_0.updated_at 
    from
        attendance_outbox oe1_0 
    where
        oe1_0.status in (?, ?) 
        and oe1_0.retry_count<?
Hibernate: 
    select
        oe1_0.id,
        oe1_0.aggregate_id,
        oe1_0.created_at,
        oe1_0.event_type,
        oe1_0.payload,
        oe1_0.processed_at,
        oe1_0.retry_count,
        oe1_0.status,
        oe1_0.updated_at 
    from
        attendance_outbox oe1_0 
    where
        oe1_0.status in (?, ?) 
        and oe1_0.retry_count<?
2026-09-16T01:15:14.974+02:00 DEBUG 13392 --- [shecancode-attendance-system] [   scheduling-1] org.hibernate.SQL                        : 
    select
        oe1_0.id,
        oe1_0.aggregate_id,
        oe1_0.created_at,
        oe1_0.event_type,
        oe1_0.payload,
        oe1_0.processed_at,
        oe1_0.retry_count,
        oe1_0.status,
        oe1_0.updated_at 
    from
        attendance_outbox oe1_0 
    where
        oe1_0.status in (?, ?) 
        and oe1_0.retry_count<?
Hibernate: 
    select
        oe1_0.id,
        oe1_0.aggregate_id,
        oe1_0.created_at,
        oe1_0.event_type,
        oe1_0.payload,
        oe1_0.processed_at,
        oe1_0.retry_count,
        oe1_0.status,
        oe1_0.updated_at 
    from
        attendance_outbox oe1_0 
    where
        oe1_0.status in (?, ?) 
        and oe1_0.retry_count<?
2026-09-16T01:15:19.995+02:00 DEBUG 13392 --- [shecancode-attendance-system] [   scheduling-1] org.hibernate.SQL                        : 
    select
        oe1_0.id,
        oe1_0.aggregate_id,
        oe1_0.created_at,
        oe1_0.event_type,
        oe1_0.payload,
        oe1_0.processed_at,
        oe1_0.retry_count,
        oe1_0.status,
        oe1_0.updated_at 
    from
        attendance_outbox oe1_0 
    where
        oe1_0.status in (?, ?) 
        and oe1_0.retry_count<?
Hibernate: 
    select
        oe1_0.id,
        oe1_0.aggregate_id,
        oe1_0.created_at,
        oe1_0.event_type,
        oe1_0.payload,
        oe1_0.processed_at,
        oe1_0.retry_count,
        oe1_0.status,
        oe1_0.updated_at 
    from
        attendance_outbox oe1_0 
    where
        oe1_0.status in (?, ?) 
        and oe1_0.retry_count<?
2026-09-16T01:15:25.014+02:00 DEBUG 13392 --- [shecancode-attendance-system] [   scheduling-1] org.hibernate.SQL                        : 
    select
        oe1_0.id,
        oe1_0.aggregate_id,
        oe1_0.created_at,
        oe1_0.event_type,
        oe1_0.payload,
        oe1_0.processed_at,
        oe1_0.retry_count,
        oe1_0.status,
        oe1_0.updated_at 
    from
        attendance_outbox oe1_0 
    where
        oe1_0.status in (?, ?) 
        and oe1_0.retry_count<?
Hibernate: 
    select
        oe1_0.id,
        oe1_0.aggregate_id,
        oe1_0.created_at,
        oe1_0.event_type,
        oe1_0.payload,
        oe1_0.processed_at,
        oe1_0.retry_count,
        oe1_0.status,
        oe1_0.updated_at 
    from
        attendance_outbox oe1_0 
    where
        oe1_0.status in (?, ?) 
        and oe1_0.retry_count<?
2026-09-16T01:15:30.027+02:00 DEBUG 13392 --- [shecancode-attendance-system] [   scheduling-1] org.hibernate.SQL                        : 
    select
        oe1_0.id,
        oe1_0.aggregate_id,
        oe1_0.created_at,
        oe1_0.event_type,
        oe1_0.payload,
        oe1_0.processed_at,
        oe1_0.retry_count,
        oe1_0.status,
        oe1_0.updated_at 
    from
        attendance_outbox oe1_0 
    where
        oe1_0.status in (?, ?) 
        and oe1_0.retry_count<?
Hibernate: 
    select
        oe1_0.id,
        oe1_0.aggregate_id,
        oe1_0.created_at,
        oe1_0.event_type,
        oe1_0.payload,
        oe1_0.processed_at,
        oe1_0.retry_count,
        oe1_0.status,
        oe1_0.updated_at 
    from
        attendance_outbox oe1_0 
    where
        oe1_0.status in (?, ?) 
        and oe1_0.retry_count<?
2026-09-16T01:15:35.050+02:00 DEBUG 13392 --- [shecancode-attendance-system] [   scheduling-1] org.hibernate.SQL                        : 
    select
        oe1_0.id,
        oe1_0.aggregate_id,
        oe1_0.created_at,
        oe1_0.event_type,
        oe1_0.payload,
        oe1_0.processed_at,
        oe1_0.retry_count,
        oe1_0.status,
        oe1_0.updated_at 
    from
        attendance_outbox oe1_0 
    where
        oe1_0.status in (?, ?) 
        and oe1_0.retry_count<?
Hibernate: 
    select
        oe1_0.id,
        oe1_0.aggregate_id,
        oe1_0.created_at,
        oe1_0.event_type,
        oe1_0.payload,
        oe1_0.processed_at,
        oe1_0.retry_count,
        oe1_0.status,
        oe1_0.updated_at 
    from
        attendance_outbox oe1_0 
    where
        oe1_0.status in (?, ?) 
        and oe1_0.retry_count<?
2026-09-16T01:15:40.070+02:00 DEBUG 13392 --- [shecancode-attendance-system] [   scheduling-1] org.hibernate.SQL                        : 
    select
        oe1_0.id,
        oe1_0.aggregate_id,
        oe1_0.created_at,
        oe1_0.event_type,
        oe1_0.payload,
        oe1_0.processed_at,
        oe1_0.retry_count,
        oe1_0.status,
        oe1_0.updated_at 
    from
        attendance_outbox oe1_0 
    where
        oe1_0.status in (?, ?) 
        and oe1_0.retry_count<?
Hibernate: 
    select
        oe1_0.id,
        oe1_0.aggregate_id,
        oe1_0.created_at,
        oe1_0.event_type,
        oe1_0.payload,
        oe1_0.processed_at,
        oe1_0.retry_count,
        oe1_0.status,
        oe1_0.updated_at 
    from
        attendance_outbox oe1_0 
    where
        oe1_0.status in (?, ?) 
        and oe1_0.retry_count<?
2026-09-16T01:15:45.097+02:00 DEBUG 13392 --- [shecancode-attendance-system] [   scheduling-1] org.hibernate.SQL                        : 
    select
        oe1_0.id,
        oe1_0.aggregate_id,
        oe1_0.created_at,
        oe1_0.event_type,
        oe1_0.payload,
        oe1_0.processed_at,
        oe1_0.retry_count,
        oe1_0.status,
        oe1_0.updated_at 
    from
        attendance_outbox oe1_0 
    where
        oe1_0.status in (?, ?) 
        and oe1_0.retry_count<?
Hibernate: 
    select
        oe1_0.id,
        oe1_0.aggregate_id,
        oe1_0.created_at,
        oe1_0.event_type,
        oe1_0.payload,
        oe1_0.processed_at,
        oe1_0.retry_count,
        oe1_0.status,
        oe1_0.updated_at 
    from
        attendance_outbox oe1_0 
    where
        oe1_0.status in (?, ?) 
        and oe1_0.retry_count<?
2026-09-16T01:15:50.112+02:00 DEBUG 13392 --- [shecancode-attendance-system] [   scheduling-1] org.hibernate.SQL                        : 
    select
        oe1_0.id,
        oe1_0.aggregate_id,
        oe1_0.created_at,
        oe1_0.event_type,
        oe1_0.payload,
        oe1_0.processed_at,
        oe1_0.retry_count,
        oe1_0.status,
        oe1_0.updated_at 
    from
        attendance_outbox oe1_0 
    where
        oe1_0.status in (?, ?) 
        and oe1_0.retry_count<?
Hibernate: 
    select
        oe1_0.id,
        oe1_0.aggregate_id,
        oe1_0.created_at,
        oe1_0.event_type,
        oe1_0.payload,
        oe1_0.processed_at,
        oe1_0.retry_count,
        oe1_0.status,
        oe1_0.updated_at 
    from
        attendance_outbox oe1_0 
    where
        oe1_0.status in (?, ?) 
        and oe1_0.retry_count<?
2026-09-16T01:15:55.130+02:00 DEBUG 13392 --- [shecancode-attendance-system] [   scheduling-1] org.hibernate.SQL                        : 
    select
        oe1_0.id,
        oe1_0.aggregate_id,
        oe1_0.created_at,
        oe1_0.event_type,
        oe1_0.payload,
        oe1_0.processed_at,
        oe1_0.retry_count,
        oe1_0.status,
        oe1_0.updated_at 
    from
        attendance_outbox oe1_0 
    where
        oe1_0.status in (?, ?) 
        and oe1_0.retry_count<?
Hibernate: 
    select
        oe1_0.id,
        oe1_0.aggregate_id,
        oe1_0.created_at,
        oe1_0.event_type,
        oe1_0.payload,
        oe1_0.processed_at,
        oe1_0.retry_count,
        oe1_0.status,
        oe1_0.updated_at 
    from
        attendance_outbox oe1_0 
    where
        oe1_0.status in (?, ?) 
        and oe1_0.retry_count<?
2026-09-16T01:16:00.145+02:00 DEBUG 13392 --- [shecancode-attendance-system] [   scheduling-1] org.hibernate.SQL                        : 
    select
        oe1_0.id,
        oe1_0.aggregate_id,
        oe1_0.created_at,
        oe1_0.event_type,
        oe1_0.payload,
        oe1_0.processed_at,
        oe1_0.retry_count,
        oe1_0.status,
        oe1_0.updated_at 
    from
        attendance_outbox oe1_0 
    where
        oe1_0.status in (?, ?) 
        and oe1_0.retry_count<?
Hibernate: 
    select
        oe1_0.id,
        oe1_0.aggregate_id,
        oe1_0.created_at,
        oe1_0.event_type,
        oe1_0.payload,
        oe1_0.processed_at,
        oe1_0.retry_count,
        oe1_0.status,
        oe1_0.updated_at 
    from
        attendance_outbox oe1_0 
    where
        oe1_0.status in (?, ?) 
        and oe1_0.retry_count<?
2026-09-16T01:16:05.161+02:00 DEBUG 13392 --- [shecancode-attendance-system] [   scheduling-1] org.hibernate.SQL                        : 
    select
        oe1_0.id,
        oe1_0.aggregate_id,
        oe1_0.created_at,
        oe1_0.event_type,
        oe1_0.payload,
        oe1_0.processed_at,
        oe1_0.retry_count,
        oe1_0.status,
        oe1_0.updated_at 
    from
        attendance_outbox oe1_0 
    where
        oe1_0.status in (?, ?) 
        and oe1_0.retry_count<?
Hibernate: 
    select
        oe1_0.id,
        oe1_0.aggregate_id,
        oe1_0.created_at,
        oe1_0.event_type,
        oe1_0.payload,
        oe1_0.processed_at,
        oe1_0.retry_count,
        oe1_0.status,
        oe1_0.updated_at 
    from
        attendance_outbox oe1_0 
    where
        oe1_0.status in (?, ?) 
        and oe1_0.retry_count<?
2026-09-16T01:16:10.172+02:00 DEBUG 13392 --- [shecancode-attendance-system] [   scheduling-1] org.hibernate.SQL                        : 
    select
        oe1_0.id,
        oe1_0.aggregate_id,
        oe1_0.created_at,
        oe1_0.event_type,
        oe1_0.payload,
        oe1_0.processed_at,
        oe1_0.retry_count,
        oe1_0.status,
        oe1_0.updated_at 
    from
        attendance_outbox oe1_0 
    where
        oe1_0.status in (?, ?) 
        and oe1_0.retry_count<?
Hibernate: 
    select
        oe1_0.id,
        oe1_0.aggregate_id,
        oe1_0.created_at,
        oe1_0.event_type,
        oe1_0.payload,
        oe1_0.processed_at,
        oe1_0.retry_count,
        oe1_0.status,
        oe1_0.updated_at 
    from
        attendance_outbox oe1_0 
    where
        oe1_0.status in (?, ?) 
        and oe1_0.retry_count<?
2026-09-16T01:16:15.191+02:00 DEBUG 13392 --- [shecancode-attendance-system] [   scheduling-1] org.hibernate.SQL                        : 
    select
        oe1_0.id,
        oe1_0.aggregate_id,
        oe1_0.created_at,
        oe1_0.event_type,
        oe1_0.payload,
        oe1_0.processed_at,
        oe1_0.retry_count,
        oe1_0.status,
        oe1_0.updated_at 
    from
        attendance_outbox oe1_0 
    where
        oe1_0.status in (?, ?) 
        and oe1_0.retry_count<?
Hibernate: 
    select
        oe1_0.id,
        oe1_0.aggregate_id,
        oe1_0.created_at,
        oe1_0.event_type,
        oe1_0.payload,
        oe1_0.processed_at,
        oe1_0.retry_count,
        oe1_0.status,
        oe1_0.updated_at 
    from
        attendance_outbox oe1_0 
    where
        oe1_0.status in (?, ?) 
        and oe1_0.retry_count<?
2026-09-16T01:16:20.207+02:00 DEBUG 13392 --- [shecancode-attendance-system] [   scheduling-1] org.hibernate.SQL                        : 
    select
        oe1_0.id,
        oe1_0.aggregate_id,
        oe1_0.created_at,
        oe1_0.event_type,
        oe1_0.payload,
        oe1_0.processed_at,
        oe1_0.retry_count,
        oe1_0.status,
        oe1_0.updated_at 
    from
        attendance_outbox oe1_0 
    where
        oe1_0.status in (?, ?) 
        and oe1_0.retry_count<?
Hibernate: 
    select
        oe1_0.id,
        oe1_0.aggregate_id,
        oe1_0.created_at,
        oe1_0.event_type,
        oe1_0.payload,
        oe1_0.processed_at,
        oe1_0.retry_count,
        oe1_0.status,
        oe1_0.updated_at 
    from
        attendance_outbox oe1_0 
    where
        oe1_0.status in (?, ?) 
        and oe1_0.retry_count<?
2026-09-16T01:16:25.228+02:00 DEBUG 13392 --- [shecancode-attendance-system] [   scheduling-1] org.hibernate.SQL                        : 
    select
        oe1_0.id,
        oe1_0.aggregate_id,
        oe1_0.created_at,
        oe1_0.event_type,
        oe1_0.payload,
        oe1_0.processed_at,
        oe1_0.retry_count,
        oe1_0.status,
        oe1_0.updated_at 
    from
        attendance_outbox oe1_0 
    where
        oe1_0.status in (?, ?) 
        and oe1_0.retry_count<?
Hibernate: 
    select
        oe1_0.id,
        oe1_0.aggregate_id,
        oe1_0.created_at,
        oe1_0.event_type,
        oe1_0.payload,
        oe1_0.processed_at,
        oe1_0.retry_count,
        oe1_0.status,
        oe1_0.updated_at 
    from
        attendance_outbox oe1_0 
    where
        oe1_0.status in (?, ?) 
        and oe1_0.retry_count<?
2026-09-16T01:16:30.238+02:00 DEBUG 13392 --- [shecancode-attendance-system] [   scheduling-1] org.hibernate.SQL                        : 
    select
        oe1_0.id,
        oe1_0.aggregate_id,
        oe1_0.created_at,
        oe1_0.event_type,
        oe1_0.payload,
        oe1_0.processed_at,
        oe1_0.retry_count,
        oe1_0.status,
        oe1_0.updated_at 
    from
        attendance_outbox oe1_0 
    where
        oe1_0.status in (?, ?) 
        and oe1_0.retry_count<?
Hibernate: 
    select
        oe1_0.id,
        oe1_0.aggregate_id,
        oe1_0.created_at,
        oe1_0.event_type,
        oe1_0.payload,
        oe1_0.processed_at,
        oe1_0.retry_count,
        oe1_0.status,
        oe1_0.updated_at 
    from
        attendance_outbox oe1_0 
    where
        oe1_0.status in (?, ?) 
        and oe1_0.retry_count<?
2026-09-16T01:16:35.257+02:00 DEBUG 13392 --- [shecancode-attendance-system] [   scheduling-1] org.hibernate.SQL                        : 
    select
        oe1_0.id,
        oe1_0.aggregate_id,
        oe1_0.created_at,
        oe1_0.event_type,
        oe1_0.payload,
        oe1_0.processed_at,
        oe1_0.retry_count,
        oe1_0.status,
        oe1_0.updated_at 
    from
        attendance_outbox oe1_0 
    where
        oe1_0.status in (?, ?) 
        and oe1_0.retry_count<?
Hibernate: 
    select
        oe1_0.id,
        oe1_0.aggregate_id,
        oe1_0.created_at,
        oe1_0.event_type,
        oe1_0.payload,
        oe1_0.processed_at,
        oe1_0.retry_count,
        oe1_0.status,
        oe1_0.updated_at 
    from
        attendance_outbox oe1_0 
    where
        oe1_0.status in (?, ?) 
        and oe1_0.retry_count<?
2026-09-16T01:16:40.278+02:00 DEBUG 13392 --- [shecancode-attendance-system] [   scheduling-1] org.hibernate.SQL                        : 
    select
        oe1_0.id,
        oe1_0.aggregate_id,
        oe1_0.created_at,
        oe1_0.event_type,
        oe1_0.payload,
        oe1_0.processed_at,
        oe1_0.retry_count,
        oe1_0.status,
        oe1_0.updated_at 
    from
        attendance_outbox oe1_0 
    where
        oe1_0.status in (?, ?) 
        and oe1_0.retry_count<?
Hibernate: 
    select
        oe1_0.id,
        oe1_0.aggregate_id,
        oe1_0.created_at,
        oe1_0.event_type,
        oe1_0.payload,
        oe1_0.processed_at,
        oe1_0.retry_count,
        oe1_0.status,
        oe1_0.updated_at 
    from
        attendance_outbox oe1_0 
    where
        oe1_0.status in (?, ?) 
        and oe1_0.retry_count<?
2026-09-16T01:16:45.297+02:00 DEBUG 13392 --- [shecancode-attendance-system] [   scheduling-1] org.hibernate.SQL                        : 
    select
        oe1_0.id,
        oe1_0.aggregate_id,
        oe1_0.created_at,
        oe1_0.event_type,
        oe1_0.payload,
        oe1_0.processed_at,
        oe1_0.retry_count,
        oe1_0.status,
        oe1_0.updated_at 
    from
        attendance_outbox oe1_0 
    where
        oe1_0.status in (?, ?) 
        and oe1_0.retry_count<?
Hibernate: 
    select
        oe1_0.id,
        oe1_0.aggregate_id,
        oe1_0.created_at,
        oe1_0.event_type,
        oe1_0.payload,
        oe1_0.processed_at,
        oe1_0.retry_count,
        oe1_0.status,
        oe1_0.updated_at 
    from
        attendance_outbox oe1_0 
    where
        oe1_0.status in (?, ?) 
        and oe1_0.retry_count<?
2026-09-16T01:16:50.321+02:00 DEBUG 13392 --- [shecancode-attendance-system] [   scheduling-1] org.hibernate.SQL                        : 
    select
        oe1_0.id,
        oe1_0.aggregate_id,
        oe1_0.created_at,
        oe1_0.event_type,
        oe1_0.payload,
        oe1_0.processed_at,
        oe1_0.retry_count,
        oe1_0.status,
        oe1_0.updated_at 
    from
        attendance_outbox oe1_0 
    where
        oe1_0.status in (?, ?) 
        and oe1_0.retry_count<?
Hibernate: 
    select
        oe1_0.id,
        oe1_0.aggregate_id,
        oe1_0.created_at,
        oe1_0.event_type,
        oe1_0.payload,
        oe1_0.processed_at,
        oe1_0.retry_count,
        oe1_0.status,
        oe1_0.updated_at 
    from
        attendance_outbox oe1_0 
    where
        oe1_0.status in (?, ?) 
        and oe1_0.retry_count<?
2026-09-16T01:16:55.339+02:00 DEBUG 13392 --- [shecancode-attendance-system] [   scheduling-1] org.hibernate.SQL                        : 
    select
        oe1_0.id,
        oe1_0.aggregate_id,
        oe1_0.created_at,
        oe1_0.event_type,
        oe1_0.payload,
        oe1_0.processed_at,
        oe1_0.retry_count,
        oe1_0.status,
        oe1_0.updated_at 
    from
        attendance_outbox oe1_0 
    where
        oe1_0.status in (?, ?) 
        and oe1_0.retry_count<?
Hibernate: 
    select
        oe1_0.id,
        oe1_0.aggregate_id,
        oe1_0.created_at,
        oe1_0.event_type,
        oe1_0.payload,
        oe1_0.processed_at,
        oe1_0.retry_count,
        oe1_0.status,
        oe1_0.updated_at 
    from
        attendance_outbox oe1_0 
    where
        oe1_0.status in (?, ?) 
        and oe1_0.retry_count<?
2026-09-16T01:17:00.352+02:00 DEBUG 13392 --- [shecancode-attendance-system] [   scheduling-1] org.hibernate.SQL                        : 
    select
        oe1_0.id,
        oe1_0.aggregate_id,
        oe1_0.created_at,
        oe1_0.event_type,
        oe1_0.payload,
        oe1_0.processed_at,
        oe1_0.retry_count,
        oe1_0.status,
        oe1_0.updated_at 
    from
        attendance_outbox oe1_0 
    where
        oe1_0.status in (?, ?) 
        and oe1_0.retry_count<?
Hibernate: 
    select
        oe1_0.id,
        oe1_0.aggregate_id,
        oe1_0.created_at,
        oe1_0.event_type,
        oe1_0.payload,
        oe1_0.processed_at,
        oe1_0.retry_count,
        oe1_0.status,
        oe1_0.updated_at 
    from
        attendance_outbox oe1_0 
    where
        oe1_0.status in (?, ?) 
        and oe1_0.retry_count<?
2026-09-16T01:17:05.360+02:00 DEBUG 13392 --- [shecancode-attendance-system] [   scheduling-1] org.hibernate.SQL                        : 
    select
        oe1_0.id,
        oe1_0.aggregate_id,
        oe1_0.created_at,
        oe1_0.event_type,
        oe1_0.payload,
        oe1_0.processed_at,
        oe1_0.retry_count,
        oe1_0.status,
        oe1_0.updated_at 
    from
        attendance_outbox oe1_0 
    where
        oe1_0.status in (?, ?) 
        and oe1_0.retry_count<?
Hibernate: 
    select
        oe1_0.id,
        oe1_0.aggregate_id,
        oe1_0.created_at,
        oe1_0.event_type,
        oe1_0.payload,
        oe1_0.processed_at,
        oe1_0.retry_count,
        oe1_0.status,
        oe1_0.updated_at 
    from
        attendance_outbox oe1_0 
    where
        oe1_0.status in (?, ?) 
        and oe1_0.retry_count<?
2026-09-16T01:17:10.373+02:00 DEBUG 13392 --- [shecancode-attendance-system] [   scheduling-1] org.hibernate.SQL                        : 
    select
        oe1_0.id,
        oe1_0.aggregate_id,
        oe1_0.created_at,
        oe1_0.event_type,
        oe1_0.payload,
        oe1_0.processed_at,
        oe1_0.retry_count,
        oe1_0.status,
        oe1_0.updated_at 
    from
        attendance_outbox oe1_0 
    where
        oe1_0.status in (?, ?) 
        and oe1_0.retry_count<?
Hibernate: 
    select
        oe1_0.id,
        oe1_0.aggregate_id,
        oe1_0.created_at,
        oe1_0.event_type,
        oe1_0.payload,
        oe1_0.processed_at,
        oe1_0.retry_count,
        oe1_0.status,
        oe1_0.updated_at 
    from
        attendance_outbox oe1_0 
    where
        oe1_0.status in (?, ?) 
        and oe1_0.retry_count<?
2026-09-16T01:17:15.389+02:00 DEBUG 13392 --- [shecancode-attendance-system] [   scheduling-1] org.hibernate.SQL                        : 
    select
        oe1_0.id,
        oe1_0.aggregate_id,
        oe1_0.created_at,
        oe1_0.event_type,
        oe1_0.payload,
        oe1_0.processed_at,
        oe1_0.retry_count,
        oe1_0.status,
        oe1_0.updated_at 
    from
        attendance_outbox oe1_0 
    where
        oe1_0.status in (?, ?) 
        and oe1_0.retry_count<?
Hibernate: 
    select
        oe1_0.id,
        oe1_0.aggregate_id,
        oe1_0.created_at,
        oe1_0.event_type,
        oe1_0.payload,
        oe1_0.processed_at,
        oe1_0.retry_count,
        oe1_0.status,
        oe1_0.updated_at 
    from
        attendance_outbox oe1_0 
    where
        oe1_0.status in (?, ?) 
        and oe1_0.retry_count<?
2026-09-16T01:17:20.419+02:00 DEBUG 13392 --- [shecancode-attendance-system] [   scheduling-1] org.hibernate.SQL                        : 
    select
        oe1_0.id,
        oe1_0.aggregate_id,
        oe1_0.created_at,
        oe1_0.event_type,
        oe1_0.payload,
        oe1_0.processed_at,
        oe1_0.retry_count,
        oe1_0.status,
        oe1_0.updated_at 
    from
        attendance_outbox oe1_0 
    where
        oe1_0.status in (?, ?) 
        and oe1_0.retry_count<?
Hibernate: 
    select
        oe1_0.id,
        oe1_0.aggregate_id,
        oe1_0.created_at,
        oe1_0.event_type,
        oe1_0.payload,
        oe1_0.processed_at,
        oe1_0.retry_count,
        oe1_0.status,
        oe1_0.updated_at 
    from
        attendance_outbox oe1_0 
    where
        oe1_0.status in (?, ?) 
        and oe1_0.retry_count<?
2026-09-16T01:17:25.439+02:00 DEBUG 13392 --- [shecancode-attendance-system] [   scheduling-1] org.hibernate.SQL                        : 
    select
        oe1_0.id,
        oe1_0.aggregate_id,
        oe1_0.created_at,
        oe1_0.event_type,
        oe1_0.payload,
        oe1_0.processed_at,
        oe1_0.retry_count,
        oe1_0.status,
        oe1_0.updated_at 
    from
        attendance_outbox oe1_0 
    where
        oe1_0.status in (?, ?) 
        and oe1_0.retry_count<?
Hibernate: 
    select
        oe1_0.id,
        oe1_0.aggregate_id,
        oe1_0.created_at,
        oe1_0.event_type,
        oe1_0.payload,
        oe1_0.processed_at,
        oe1_0.retry_count,
        oe1_0.status,
        oe1_0.updated_at 
    from
        attendance_outbox oe1_0 
    where
        oe1_0.status in (?, ?) 
        and oe1_0.retry_count<?
2026-09-16T01:17:30.463+02:00 DEBUG 13392 --- [shecancode-attendance-system] [   scheduling-1] org.hibernate.SQL                        : 
    select
        oe1_0.id,
        oe1_0.aggregate_id,
        oe1_0.created_at,
        oe1_0.event_type,
        oe1_0.payload,
        oe1_0.processed_at,
        oe1_0.retry_count,
        oe1_0.status,
        oe1_0.updated_at 
    from
        attendance_outbox oe1_0 
    where
        oe1_0.status in (?, ?) 
        and oe1_0.retry_count<?
Hibernate: 
    select
        oe1_0.id,
        oe1_0.aggregate_id,
        oe1_0.created_at,
        oe1_0.event_type,
        oe1_0.payload,
        oe1_0.processed_at,
        oe1_0.retry_count,
        oe1_0.status,
        oe1_0.updated_at 
    from
        attendance_outbox oe1_0 
    where
        oe1_0.status in (?, ?) 
        and oe1_0.retry_count<?
2026-09-16T01:17:35.482+02:00 DEBUG 13392 --- [shecancode-attendance-system] [   scheduling-1] org.hibernate.SQL                        : 
    select
        oe1_0.id,
        oe1_0.aggregate_id,
        oe1_0.created_at,
        oe1_0.event_type,
        oe1_0.payload,
        oe1_0.processed_at,
        oe1_0.retry_count,
        oe1_0.status,
        oe1_0.updated_at 
    from
        attendance_outbox oe1_0 
    where
        oe1_0.status in (?, ?) 
        and oe1_0.retry_count<?
Hibernate: 
    select
        oe1_0.id,
        oe1_0.aggregate_id,
        oe1_0.created_at,
        oe1_0.event_type,
        oe1_0.payload,
        oe1_0.processed_at,
        oe1_0.retry_count,
        oe1_0.status,
        oe1_0.updated_at 
    from
        attendance_outbox oe1_0 
    where
        oe1_0.status in (?, ?) 
        and oe1_0.retry_count<?
2026-09-16T01:17:40.506+02:00 DEBUG 13392 --- [shecancode-attendance-system] [   scheduling-1] org.hibernate.SQL                        : 
    select
        oe1_0.id,
        oe1_0.aggregate_id,
        oe1_0.created_at,
        oe1_0.event_type,
        oe1_0.payload,
        oe1_0.processed_at,
        oe1_0.retry_count,
        oe1_0.status,
        oe1_0.updated_at 
    from
        attendance_outbox oe1_0 
    where
        oe1_0.status in (?, ?) 
        and oe1_0.retry_count<?
Hibernate: 
    select
        oe1_0.id,
        oe1_0.aggregate_id,
        oe1_0.created_at,
        oe1_0.event_type,
        oe1_0.payload,
        oe1_0.processed_at,
        oe1_0.retry_count,
        oe1_0.status,
        oe1_0.updated_at 
    from
        attendance_outbox oe1_0 
    where
        oe1_0.status in (?, ?) 
        and oe1_0.retry_count<?
2026-09-16T01:17:45.525+02:00 DEBUG 13392 --- [shecancode-attendance-system] [   scheduling-1] org.hibernate.SQL                        : 
    select
        oe1_0.id,
        oe1_0.aggregate_id,
        oe1_0.created_at,
        oe1_0.event_type,
        oe1_0.payload,
        oe1_0.processed_at,
        oe1_0.retry_count,
        oe1_0.status,
        oe1_0.updated_at 
    from
        attendance_outbox oe1_0 
    where
        oe1_0.status in (?, ?) 
        and oe1_0.retry_count<?
Hibernate: 
    select
        oe1_0.id,
        oe1_0.aggregate_id,
        oe1_0.created_at,
        oe1_0.event_type,
        oe1_0.payload,
        oe1_0.processed_at,
        oe1_0.retry_count,
        oe1_0.status,
        oe1_0.updated_at 
    from
        attendance_outbox oe1_0 
    where
        oe1_0.status in (?, ?) 
        and oe1_0.retry_count<?
2026-09-16T01:17:50.545+02:00 DEBUG 13392 --- [shecancode-attendance-system] [   scheduling-1] org.hibernate.SQL                        : 
    select
        oe1_0.id,
        oe1_0.aggregate_id,
        oe1_0.created_at,
        oe1_0.event_type,
        oe1_0.payload,
        oe1_0.processed_at,
        oe1_0.retry_count,
        oe1_0.status,
        oe1_0.updated_at 
    from
        attendance_outbox oe1_0 
    where
        oe1_0.status in (?, ?) 
        and oe1_0.retry_count<?
Hibernate: 
    select
        oe1_0.id,
        oe1_0.aggregate_id,
        oe1_0.created_at,
        oe1_0.event_type,
        oe1_0.payload,
        oe1_0.processed_at,
        oe1_0.retry_count,
        oe1_0.status,
        oe1_0.updated_at 
    from
        attendance_outbox oe1_0 
    where
        oe1_0.status in (?, ?) 
        and oe1_0.retry_count<?
2026-09-16T01:17:55.585+02:00 DEBUG 13392 --- [shecancode-attendance-system] [   scheduling-1] org.hibernate.SQL                        : 
    select
        oe1_0.id,
        oe1_0.aggregate_id,
        oe1_0.created_at,
        oe1_0.event_type,
        oe1_0.payload,
        oe1_0.processed_at,
        oe1_0.retry_count,
        oe1_0.status,
        oe1_0.updated_at 
    from
        attendance_outbox oe1_0 
    where
        oe1_0.status in (?, ?) 
        and oe1_0.retry_count<?
Hibernate: 
    select
        oe1_0.id,
        oe1_0.aggregate_id,
        oe1_0.created_at,
        oe1_0.event_type,
        oe1_0.payload,
        oe1_0.processed_at,
        oe1_0.retry_count,
        oe1_0.status,
        oe1_0.updated_at 
    from
        attendance_outbox oe1_0 
    where
        oe1_0.status in (?, ?) 
        and oe1_0.retry_count<?
2026-09-16T01:18:00.611+02:00 DEBUG 13392 --- [shecancode-attendance-system] [   scheduling-1] org.hibernate.SQL                        : 
    select
        oe1_0.id,
        oe1_0.aggregate_id,
        oe1_0.created_at,
        oe1_0.event_type,
        oe1_0.payload,
        oe1_0.processed_at,
        oe1_0.retry_count,
        oe1_0.status,
        oe1_0.updated_at 
    from
        attendance_outbox oe1_0 
    where
        oe1_0.status in (?, ?) 
        and oe1_0.retry_count<?
Hibernate: 
    select
        oe1_0.id,
        oe1_0.aggregate_id,
        oe1_0.created_at,
        oe1_0.event_type,
        oe1_0.payload,
        oe1_0.processed_at,
        oe1_0.retry_count,
        oe1_0.status,
        oe1_0.updated_at 
    from
        attendance_outbox oe1_0 
    where
        oe1_0.status in (?, ?) 
        and oe1_0.retry_count<?
2026-09-16T01:18:05.625+02:00 DEBUG 13392 --- [shecancode-attendance-system] [   scheduling-1] org.hibernate.SQL                        : 
    select
        oe1_0.id,
        oe1_0.aggregate_id,
        oe1_0.created_at,
        oe1_0.event_type,
        oe1_0.payload,
        oe1_0.processed_at,
        oe1_0.retry_count,
        oe1_0.status,
        oe1_0.updated_at 
    from
        attendance_outbox oe1_0 
    where
        oe1_0.status in (?, ?) 
        and oe1_0.retry_count<?
Hibernate: 
    select
        oe1_0.id,
        oe1_0.aggregate_id,
        oe1_0.created_at,
        oe1_0.event_type,
        oe1_0.payload,
        oe1_0.processed_at,
        oe1_0.retry_count,
        oe1_0.status,
        oe1_0.updated_at 
    from
        attendance_outbox oe1_0 
    where
        oe1_0.status in (?, ?) 
        and oe1_0.retry_count<?
2026-09-16T01:18:10.651+02:00 DEBUG 13392 --- [shecancode-attendance-system] [   scheduling-1] org.hibernate.SQL                        : 
    select
        oe1_0.id,
        oe1_0.aggregate_id,
        oe1_0.created_at,
        oe1_0.event_type,
        oe1_0.payload,
        oe1_0.processed_at,
        oe1_0.retry_count,
        oe1_0.status,
        oe1_0.updated_at 
    from
        attendance_outbox oe1_0 
    where
        oe1_0.status in (?, ?) 
        and oe1_0.retry_count<?
Hibernate: 
    select
        oe1_0.id,
        oe1_0.aggregate_id,
        oe1_0.created_at,
        oe1_0.event_type,
        oe1_0.payload,
        oe1_0.processed_at,
        oe1_0.retry_count,
        oe1_0.status,
        oe1_0.updated_at 
    from
        attendance_outbox oe1_0 
    where
        oe1_0.status in (?, ?) 
        and oe1_0.retry_count<?
2026-09-16T01:18:15.682+02:00 DEBUG 13392 --- [shecancode-attendance-system] [   scheduling-1] org.hibernate.SQL                        : 
    select
        oe1_0.id,
        oe1_0.aggregate_id,
        oe1_0.created_at,
        oe1_0.event_type,
        oe1_0.payload,
        oe1_0.processed_at,
        oe1_0.retry_count,
        oe1_0.status,
        oe1_0.updated_at 
    from
        attendance_outbox oe1_0 
    where
        oe1_0.status in (?, ?) 
        and oe1_0.retry_count<?
Hibernate: 
    select
        oe1_0.id,
        oe1_0.aggregate_id,
        oe1_0.created_at,
        oe1_0.event_type,
        oe1_0.payload,
        oe1_0.processed_at,
        oe1_0.retry_count,
        oe1_0.status,
        oe1_0.updated_at 
    from
        attendance_outbox oe1_0 
    where
        oe1_0.status in (?, ?) 
        and oe1_0.retry_count<?
2026-09-16T01:18:20.714+02:00 DEBUG 13392 --- [shecancode-attendance-system] [   scheduling-1] org.hibernate.SQL                        : 
    select
        oe1_0.id,
        oe1_0.aggregate_id,
        oe1_0.created_at,
        oe1_0.event_type,
        oe1_0.payload,
        oe1_0.processed_at,
        oe1_0.retry_count,
        oe1_0.status,
        oe1_0.updated_at 
    from
        attendance_outbox oe1_0 
    where
        oe1_0.status in (?, ?) 
        and oe1_0.retry_count<?
Hibernate: 
    select
        oe1_0.id,
        oe1_0.aggregate_id,
        oe1_0.created_at,
        oe1_0.event_type,
        oe1_0.payload,
        oe1_0.processed_at,
        oe1_0.retry_count,
        oe1_0.status,
        oe1_0.updated_at 
    from
        attendance_outbox oe1_0 
    where
        oe1_0.status in (?, ?) 
        and oe1_0.retry_count<?
2026-09-16T01:18:25.731+02:00 DEBUG 13392 --- [shecancode-attendance-system] [   scheduling-1] org.hibernate.SQL                        : 
    select
        oe1_0.id,
        oe1_0.aggregate_id,
        oe1_0.created_at,
        oe1_0.event_type,
        oe1_0.payload,
        oe1_0.processed_at,
        oe1_0.retry_count,
        oe1_0.status,
        oe1_0.updated_at 
    from
        attendance_outbox oe1_0 
    where
        oe1_0.status in (?, ?) 
        and oe1_0.retry_count<?
Hibernate: 
    select
        oe1_0.id,
        oe1_0.aggregate_id,
        oe1_0.created_at,
        oe1_0.event_type,
        oe1_0.payload,
        oe1_0.processed_at,
        oe1_0.retry_count,
        oe1_0.status,
        oe1_0.updated_at 
    from
        attendance_outbox oe1_0 
    where
        oe1_0.status in (?, ?) 
        and oe1_0.retry_count<?
2026-09-16T01:18:30.759+02:00 DEBUG 13392 --- [shecancode-attendance-system] [   scheduling-1] org.hibernate.SQL                        : 
    select
        oe1_0.id,
        oe1_0.aggregate_id,
        oe1_0.created_at,
        oe1_0.event_type,
        oe1_0.payload,
        oe1_0.processed_at,
        oe1_0.retry_count,
        oe1_0.status,
        oe1_0.updated_at 
    from
        attendance_outbox oe1_0 
    where
        oe1_0.status in (?, ?) 
        and oe1_0.retry_count<?
Hibernate: 
    select
        oe1_0.id,
        oe1_0.aggregate_id,
        oe1_0.created_at,
        oe1_0.event_type,
        oe1_0.payload,
        oe1_0.processed_at,
        oe1_0.retry_count,
        oe1_0.status,
        oe1_0.updated_at 
    from
        attendance_outbox oe1_0 
    where
        oe1_0.status in (?, ?) 
        and oe1_0.retry_count<?
2026-09-16T01:18:35.776+02:00 DEBUG 13392 --- [shecancode-attendance-system] [   scheduling-1] org.hibernate.SQL                        : 
    select
        oe1_0.id,
        oe1_0.aggregate_id,
        oe1_0.created_at,
        oe1_0.event_type,
        oe1_0.payload,
        oe1_0.processed_at,
        oe1_0.retry_count,
        oe1_0.status,
        oe1_0.updated_at 
    from
        attendance_outbox oe1_0 
    where
        oe1_0.status in (?, ?) 
        and oe1_0.retry_count<?
Hibernate: 
    select
        oe1_0.id,
        oe1_0.aggregate_id,
        oe1_0.created_at,
        oe1_0.event_type,
        oe1_0.payload,
        oe1_0.processed_at,
        oe1_0.retry_count,
        oe1_0.status,
        oe1_0.updated_at 
    from
        attendance_outbox oe1_0 
    where
        oe1_0.status in (?, ?) 
        and oe1_0.retry_count<?
2026-09-16T01:18:40.802+02:00 DEBUG 13392 --- [shecancode-attendance-system] [   scheduling-1] org.hibernate.SQL                        : 
    select
        oe1_0.id,
        oe1_0.aggregate_id,
        oe1_0.created_at,
        oe1_0.event_type,
        oe1_0.payload,
        oe1_0.processed_at,
        oe1_0.retry_count,
        oe1_0.status,
        oe1_0.updated_at 
    from
        attendance_outbox oe1_0 
    where
        oe1_0.status in (?, ?) 
        and oe1_0.retry_count<?
Hibernate: 
    select
        oe1_0.id,
        oe1_0.aggregate_id,
        oe1_0.created_at,
        oe1_0.event_type,
        oe1_0.payload,
        oe1_0.processed_at,
        oe1_0.retry_count,
        oe1_0.status,
        oe1_0.updated_at 
    from
        attendance_outbox oe1_0 
    where
        oe1_0.status in (?, ?) 
        and oe1_0.retry_count<?
2026-09-16T01:18:45.827+02:00 DEBUG 13392 --- [shecancode-attendance-system] [   scheduling-1] org.hibernate.SQL                        : 
    select
        oe1_0.id,
        oe1_0.aggregate_id,
        oe1_0.created_at,
        oe1_0.event_type,
        oe1_0.payload,
        oe1_0.processed_at,
        oe1_0.retry_count,
        oe1_0.status,
        oe1_0.updated_at 
    from
        attendance_outbox oe1_0 
    where
        oe1_0.status in (?, ?) 
        and oe1_0.retry_count<?
Hibernate: 
    select
        oe1_0.id,
        oe1_0.aggregate_id,
        oe1_0.created_at,
        oe1_0.event_type,
        oe1_0.payload,
        oe1_0.processed_at,
        oe1_0.retry_count,
        oe1_0.status,
        oe1_0.updated_at 
    from
        attendance_outbox oe1_0 
    where
        oe1_0.status in (?, ?) 
        and oe1_0.retry_count<?
2026-09-16T01:18:50.850+02:00 DEBUG 13392 --- [shecancode-attendance-system] [   scheduling-1] org.hibernate.SQL                        : 
    select
        oe1_0.id,
        oe1_0.aggregate_id,
        oe1_0.created_at,
        oe1_0.event_type,
        oe1_0.payload,
        oe1_0.processed_at,
        oe1_0.retry_count,
        oe1_0.status,
        oe1_0.updated_at 
    from
        attendance_outbox oe1_0 
    where
        oe1_0.status in (?, ?) 
        and oe1_0.retry_count<?
Hibernate: 
    select
        oe1_0.id,
        oe1_0.aggregate_id,
        oe1_0.created_at,
        oe1_0.event_type,
        oe1_0.payload,
        oe1_0.processed_at,
        oe1_0.retry_count,
        oe1_0.status,
        oe1_0.updated_at 
    from
        attendance_outbox oe1_0 
    where
        oe1_0.status in (?, ?) 
        and oe1_0.retry_count<?
2026-09-16T01:18:55.859+02:00 DEBUG 13392 --- [shecancode-attendance-system] [   scheduling-1] org.hibernate.SQL                        : 
    select
        oe1_0.id,
        oe1_0.aggregate_id,
        oe1_0.created_at,
        oe1_0.event_type,
        oe1_0.payload,
        oe1_0.processed_at,
        oe1_0.retry_count,
        oe1_0.status,
        oe1_0.updated_at 
    from
        attendance_outbox oe1_0 
    where
        oe1_0.status in (?, ?) 
        and oe1_0.retry_count<?
Hibernate: 
    select
        oe1_0.id,
        oe1_0.aggregate_id,
        oe1_0.created_at,
        oe1_0.event_type,
        oe1_0.payload,
        oe1_0.processed_at,
        oe1_0.retry_count,
        oe1_0.status,
        oe1_0.updated_at 
    from
        attendance_outbox oe1_0 
    where
        oe1_0.status in (?, ?) 
        and oe1_0.retry_count<?
2026-09-16T01:19:00.880+02:00 DEBUG 13392 --- [shecancode-attendance-system] [   scheduling-1] org.hibernate.SQL                        : 
    select
        oe1_0.id,
        oe1_0.aggregate_id,
        oe1_0.created_at,
        oe1_0.event_type,
        oe1_0.payload,
        oe1_0.processed_at,
        oe1_0.retry_count,
        oe1_0.status,
        oe1_0.updated_at 
    from
        attendance_outbox oe1_0 
    where
        oe1_0.status in (?, ?) 
        and oe1_0.retry_count<?
Hibernate: 
    select
        oe1_0.id,
        oe1_0.aggregate_id,
        oe1_0.created_at,
        oe1_0.event_type,
        oe1_0.payload,
        oe1_0.processed_at,
        oe1_0.retry_count,
        oe1_0.status,
        oe1_0.updated_at 
    from
        attendance_outbox oe1_0 
    where
        oe1_0.status in (?, ?) 
        and oe1_0.retry_count<?
2026-09-16T01:19:05.905+02:00 DEBUG 13392 --- [shecancode-attendance-system] [   scheduling-1] org.hibernate.SQL                        : 
    select
        oe1_0.id,
        oe1_0.aggregate_id,
        oe1_0.created_at,
        oe1_0.event_type,
        oe1_0.payload,
        oe1_0.processed_at,
        oe1_0.retry_count,
        oe1_0.status,
        oe1_0.updated_at 
    from
        attendance_outbox oe1_0 
    where
        oe1_0.status in (?, ?) 
        and oe1_0.retry_count<?
Hibernate: 
    select
        oe1_0.id,
        oe1_0.aggregate_id,
        oe1_0.created_at,
        oe1_0.event_type,
        oe1_0.payload,
        oe1_0.processed_at,
        oe1_0.retry_count,
        oe1_0.status,
        oe1_0.updated_at 
    from
        attendance_outbox oe1_0 
    where
        oe1_0.status in (?, ?) 
        and oe1_0.retry_count<?
2026-09-16T01:19:10.923+02:00 DEBUG 13392 --- [shecancode-attendance-system] [   scheduling-1] org.hibernate.SQL                        : 
    select
        oe1_0.id,
        oe1_0.aggregate_id,
        oe1_0.created_at,
        oe1_0.event_type,
        oe1_0.payload,
        oe1_0.processed_at,
        oe1_0.retry_count,
        oe1_0.status,
        oe1_0.updated_at 
    from
        attendance_outbox oe1_0 
    where
        oe1_0.status in (?, ?) 
        and oe1_0.retry_count<?
Hibernate: 
    select
        oe1_0.id,
        oe1_0.aggregate_id,
        oe1_0.created_at,
        oe1_0.event_type,
        oe1_0.payload,
        oe1_0.processed_at,
        oe1_0.retry_count,
        oe1_0.status,
        oe1_0.updated_at 
    from
        attendance_outbox oe1_0 
    where
        oe1_0.status in (?, ?) 
        and oe1_0.retry_count<?
2026-09-16T01:19:15.945+02:00 DEBUG 13392 --- [shecancode-attendance-system] [   scheduling-1] org.hibernate.SQL                        : 
    select
        oe1_0.id,
        oe1_0.aggregate_id,
        oe1_0.created_at,
        oe1_0.event_type,
        oe1_0.payload,
        oe1_0.processed_at,
        oe1_0.retry_count,
        oe1_0.status,
        oe1_0.updated_at 
    from
        attendance_outbox oe1_0 
    where
        oe1_0.status in (?, ?) 
        and oe1_0.retry_count<?
Hibernate: 
    select
        oe1_0.id,
        oe1_0.aggregate_id,
        oe1_0.created_at,
        oe1_0.event_type,
        oe1_0.payload,
        oe1_0.processed_at,
        oe1_0.retry_count,
        oe1_0.status,
        oe1_0.updated_at 
    from
        attendance_outbox oe1_0 
    where
        oe1_0.status in (?, ?) 
        and oe1_0.retry_count<?
2026-09-16T01:19:20.956+02:00 DEBUG 13392 --- [shecancode-attendance-system] [   scheduling-1] org.hibernate.SQL                        : 
    select
        oe1_0.id,
        oe1_0.aggregate_id,
        oe1_0.created_at,
        oe1_0.event_type,
        oe1_0.payload,
        oe1_0.processed_at,
        oe1_0.retry_count,
        oe1_0.status,
        oe1_0.updated_at 
    from
        attendance_outbox oe1_0 
    where
        oe1_0.status in (?, ?) 
        and oe1_0.retry_count<?
Hibernate: 
    select
        oe1_0.id,
        oe1_0.aggregate_id,
        oe1_0.created_at,
        oe1_0.event_type,
        oe1_0.payload,
        oe1_0.processed_at,
        oe1_0.retry_count,
        oe1_0.status,
        oe1_0.updated_at 
    from
        attendance_outbox oe1_0 
    where
        oe1_0.status in (?, ?) 
        and oe1_0.retry_count<?
2026-09-16T01:19:25.982+02:00 DEBUG 13392 --- [shecancode-attendance-system] [   scheduling-1] org.hibernate.SQL                        : 
    select
        oe1_0.id,
        oe1_0.aggregate_id,
        oe1_0.created_at,
        oe1_0.event_type,
        oe1_0.payload,
        oe1_0.processed_at,
        oe1_0.retry_count,
        oe1_0.status,
        oe1_0.updated_at 
    from
        attendance_outbox oe1_0 
    where
        oe1_0.status in (?, ?) 
        and oe1_0.retry_count<?
Hibernate: 
    select
        oe1_0.id,
        oe1_0.aggregate_id,
        oe1_0.created_at,
        oe1_0.event_type,
        oe1_0.payload,
        oe1_0.processed_at,
        oe1_0.retry_count,
        oe1_0.status,
        oe1_0.updated_at 
    from
        attendance_outbox oe1_0 
    where
        oe1_0.status in (?, ?) 
        and oe1_0.retry_count<?
2026-09-16T01:19:31.001+02:00 DEBUG 13392 --- [shecancode-attendance-system] [   scheduling-1] org.hibernate.SQL                        : 
    select
        oe1_0.id,
        oe1_0.aggregate_id,
        oe1_0.created_at,
        oe1_0.event_type,
        oe1_0.payload,
        oe1_0.processed_at,
        oe1_0.retry_count,
        oe1_0.status,
        oe1_0.updated_at 
    from
        attendance_outbox oe1_0 
    where
        oe1_0.status in (?, ?) 
        and oe1_0.retry_count<?
Hibernate: 
    select
        oe1_0.id,
        oe1_0.aggregate_id,
        oe1_0.created_at,
        oe1_0.event_type,
        oe1_0.payload,
        oe1_0.processed_at,
        oe1_0.retry_count,
        oe1_0.status,
        oe1_0.updated_at 
    from
        attendance_outbox oe1_0 
    where
        oe1_0.status in (?, ?) 
        and oe1_0.retry_count<?
2026-09-16T01:19:36.018+02:00 DEBUG 13392 --- [shecancode-attendance-system] [   scheduling-1] org.hibernate.SQL                        : 
    select
        oe1_0.id,
        oe1_0.aggregate_id,
        oe1_0.created_at,
        oe1_0.event_type,
        oe1_0.payload,
        oe1_0.processed_at,
        oe1_0.retry_count,
        oe1_0.status,
        oe1_0.updated_at 
    from
        attendance_outbox oe1_0 
    where
        oe1_0.status in (?, ?) 
        and oe1_0.retry_count<?
Hibernate: 
    select
        oe1_0.id,
        oe1_0.aggregate_id,
        oe1_0.created_at,
        oe1_0.event_type,
        oe1_0.payload,
        oe1_0.processed_at,
        oe1_0.retry_count,
        oe1_0.status,
        oe1_0.updated_at 
    from
        attendance_outbox oe1_0 
    where
        oe1_0.status in (?, ?) 
        and oe1_0.retry_count<?
2026-09-16T01:19:41.030+02:00 DEBUG 13392 --- [shecancode-attendance-system] [   scheduling-1] org.hibernate.SQL                        : 
    select
        oe1_0.id,
        oe1_0.aggregate_id,
        oe1_0.created_at,
        oe1_0.event_type,
        oe1_0.payload,
        oe1_0.processed_at,
        oe1_0.retry_count,
        oe1_0.status,
        oe1_0.updated_at 
    from
        attendance_outbox oe1_0 
    where
        oe1_0.status in (?, ?) 
        and oe1_0.retry_count<?
Hibernate: 
    select
        oe1_0.id,
        oe1_0.aggregate_id,
        oe1_0.created_at,
        oe1_0.event_type,
        oe1_0.payload,
        oe1_0.processed_at,
        oe1_0.retry_count,
        oe1_0.status,
        oe1_0.updated_at 
    from
        attendance_outbox oe1_0 
    where
        oe1_0.status in (?, ?) 
        and oe1_0.retry_count<?
2026-09-16T01:19:46.043+02:00 DEBUG 13392 --- [shecancode-attendance-system] [   scheduling-1] org.hibernate.SQL                        : 
    select
        oe1_0.id,
        oe1_0.aggregate_id,
        oe1_0.created_at,
        oe1_0.event_type,
        oe1_0.payload,
        oe1_0.processed_at,
        oe1_0.retry_count,
        oe1_0.status,
        oe1_0.updated_at 
    from
        attendance_outbox oe1_0 
    where
        oe1_0.status in (?, ?) 
        and oe1_0.retry_count<?
Hibernate: 
    select
        oe1_0.id,
        oe1_0.aggregate_id,
        oe1_0.created_at,
        oe1_0.event_type,
        oe1_0.payload,
        oe1_0.processed_at,
        oe1_0.retry_count,
        oe1_0.status,
        oe1_0.updated_at 
    from
        attendance_outbox oe1_0 
    where
        oe1_0.status in (?, ?) 
        and oe1_0.retry_count<?
2026-09-16T01:20:37.318+02:00  WARN 13392 --- [shecancode-attendance-system] [l-1 housekeeper] com.zaxxer.hikari.pool.HikariPool        : HikariPool-1 - Thread starvation or clock leap detected (housekeeper delta=1m4s488ms653µs).
2026-09-16T01:20:38.990+02:00 DEBUG 13392 --- [shecancode-attendance-system] [   scheduling-1] org.hibernate.SQL                        : 
    select
        oe1_0.id,
        oe1_0.aggregate_id,
        oe1_0.created_at,
        oe1_0.event_type,
        oe1_0.payload,
        oe1_0.processed_at,
        oe1_0.retry_count,
        oe1_0.status,
        oe1_0.updated_at 
    from
        attendance_outbox oe1_0 
    where
        oe1_0.status in (?, ?) 
        and oe1_0.retry_count<?
Hibernate: 
    select
        oe1_0.id,
        oe1_0.aggregate_id,
        oe1_0.created_at,
        oe1_0.event_type,
        oe1_0.payload,
        oe1_0.processed_at,
        oe1_0.retry_count,
        oe1_0.status,
        oe1_0.updated_at 
    from
        attendance_outbox oe1_0 
    where
        oe1_0.status in (?, ?) 
        and oe1_0.retry_count<?
2026-09-16T09:13:05.509+02:00 DEBUG 13392 --- [shecancode-attendance-system] [   scheduling-1] org.hibernate.SQL                        : 
    select
        oe1_0.id,
        oe1_0.aggregate_id,
        oe1_0.created_at,
        oe1_0.event_type,
        oe1_0.payload,
        oe1_0.processed_at,
        oe1_0.retry_count,
        oe1_0.status,
        oe1_0.updated_at 
    from
        attendance_outbox oe1_0 
    where
        oe1_0.status in (?, ?) 
        and oe1_0.retry_count<?
Hibernate: 
    select
        oe1_0.id,
        oe1_0.aggregate_id,
        oe1_0.created_at,
        oe1_0.event_type,
        oe1_0.payload,
        oe1_0.processed_at,
        oe1_0.retry_count,
        oe1_0.status,
        oe1_0.updated_at 
    from
        attendance_outbox oe1_0 
    where
        oe1_0.status in (?, ?) 
        and oe1_0.retry_count<?
2026-09-16T09:13:11.885+02:00 DEBUG 13392 --- [shecancode-attendance-system] [   scheduling-1] org.hibernate.SQL                        : 
    select
        oe1_0.id,
        oe1_0.aggregate_id,
        oe1_0.created_at,
        oe1_0.event_type,
        oe1_0.payload,
        oe1_0.processed_at,
        oe1_0.retry_count,
        oe1_0.status,
        oe1_0.updated_at 
    from
        attendance_outbox oe1_0 
    where
        oe1_0.status in (?, ?) 
        and oe1_0.retry_count<?
Hibernate: 
    select
        oe1_0.id,
        oe1_0.aggregate_id,
        oe1_0.created_at,
        oe1_0.event_type,
        oe1_0.payload,
        oe1_0.processed_at,
        oe1_0.retry_count,
        oe1_0.status,
        oe1_0.updated_at 
    from
        attendance_outbox oe1_0 
    where
        oe1_0.status in (?, ?) 
        and oe1_0.retry_count<?
2026-09-16T09:13:16.963+02:00 DEBUG 13392 --- [shecancode-attendance-system] [   scheduling-1] org.hibernate.SQL                        : 
    select
        oe1_0.id,
        oe1_0.aggregate_id,
        oe1_0.created_at,
        oe1_0.event_type,
        oe1_0.payload,
        oe1_0.processed_at,
        oe1_0.retry_count,
        oe1_0.status,
        oe1_0.updated_at 
    from
        attendance_outbox oe1_0 
    where
        oe1_0.status in (?, ?) 
        and oe1_0.retry_count<?
Hibernate: 
    select
        oe1_0.id,
        oe1_0.aggregate_id,
        oe1_0.created_at,
        oe1_0.event_type,
        oe1_0.payload,
        oe1_0.processed_at,
        oe1_0.retry_count,
        oe1_0.status,
        oe1_0.updated_at 
    from
        attendance_outbox oe1_0 
    where
        oe1_0.status in (?, ?) 
        and oe1_0.retry_count<?
2026-09-16T09:13:21.991+02:00 DEBUG 13392 --- [shecancode-attendance-system] [   scheduling-1] org.hibernate.SQL                        : 
    select
        oe1_0.id,
        oe1_0.aggregate_id,
        oe1_0.created_at,
        oe1_0.event_type,
        oe1_0.payload,
        oe1_0.processed_at,
        oe1_0.retry_count,
        oe1_0.status,
        oe1_0.updated_at 
    from
        attendance_outbox oe1_0 
    where
        oe1_0.status in (?, ?) 
        and oe1_0.retry_count<?
Hibernate: 
    select
        oe1_0.id,
        oe1_0.aggregate_id,
        oe1_0.created_at,
        oe1_0.event_type,
        oe1_0.payload,
        oe1_0.processed_at,
        oe1_0.retry_count,
        oe1_0.status,
        oe1_0.updated_at 
    from
        attendance_outbox oe1_0 
    where
        oe1_0.status in (?, ?) 
        and oe1_0.retry_count<?
2026-09-16T09:13:25.386+02:00  WARN 13392 --- [shecancode-attendance-system] [l-1 housekeeper] com.zaxxer.hikari.pool.HikariPool        : HikariPool-1 - Thread starvation or clock leap detected (housekeeper delta=7h52m54s827ms173µs300ns).
2026-09-16T09:13:27.008+02:00 DEBUG 13392 --- [shecancode-attendance-system] [   scheduling-1] org.hibernate.SQL                        : 
    select
        oe1_0.id,
        oe1_0.aggregate_id,
        oe1_0.created_at,
        oe1_0.event_type,
        oe1_0.payload,
        oe1_0.processed_at,
        oe1_0.retry_count,
        oe1_0.status,
        oe1_0.updated_at 
    from
        attendance_outbox oe1_0 
    where
        oe1_0.status in (?, ?) 
        and oe1_0.retry_count<?
Hibernate: 
    select
        oe1_0.id,
        oe1_0.aggregate_id,
        oe1_0.created_at,
        oe1_0.event_type,
        oe1_0.payload,
        oe1_0.processed_at,
        oe1_0.retry_count,
        oe1_0.status,
        oe1_0.updated_at 
    from
        attendance_outbox oe1_0 
    where
        oe1_0.status in (?, ?) 
        and oe1_0.retry_count<?
2026-09-16T09:13:32.030+02:00 DEBUG 13392 --- [shecancode-attendance-system] [   scheduling-1] org.hibernate.SQL                        : 
    select
        oe1_0.id,
        oe1_0.aggregate_id,
        oe1_0.created_at,
        oe1_0.event_type,
        oe1_0.payload,
        oe1_0.processed_at,
        oe1_0.retry_count,
        oe1_0.status,
        oe1_0.updated_at 
    from
        attendance_outbox oe1_0 
    where
        oe1_0.status in (?, ?) 
        and oe1_0.retry_count<?
Hibernate: 
    select
        oe1_0.id,
        oe1_0.aggregate_id,
        oe1_0.created_at,
        oe1_0.event_type,
        oe1_0.payload,
        oe1_0.processed_at,
        oe1_0.retry_count,
        oe1_0.status,
        oe1_0.updated_at 
    from
        attendance_outbox oe1_0 
    where
        oe1_0.status in (?, ?) 
        and oe1_0.retry_count<?
2026-09-16T09:13:37.044+02:00 DEBUG 13392 --- [shecancode-attendance-system] [   scheduling-1] org.hibernate.SQL                        : 
    select
        oe1_0.id,
        oe1_0.aggregate_id,
        oe1_0.created_at,
        oe1_0.event_type,
        oe1_0.payload,
        oe1_0.processed_at,
        oe1_0.retry_count,
        oe1_0.status,
        oe1_0.updated_at 
    from
        attendance_outbox oe1_0 
    where
        oe1_0.status in (?, ?) 
        and oe1_0.retry_count<?
Hibernate: 
    select
        oe1_0.id,
        oe1_0.aggregate_id,
        oe1_0.created_at,
        oe1_0.event_type,
        oe1_0.payload,
        oe1_0.processed_at,
        oe1_0.retry_count,
        oe1_0.status,
        oe1_0.updated_at 
    from
        attendance_outbox oe1_0 
    where
        oe1_0.status in (?, ?) 
        and oe1_0.retry_count<?
2026-09-16T09:13:42.053+02:00 DEBUG 13392 --- [shecancode-attendance-system] [   scheduling-1] org.hibernate.SQL                        : 
    select
        oe1_0.id,
        oe1_0.aggregate_id,
        oe1_0.created_at,
        oe1_0.event_type,
        oe1_0.payload,
        oe1_0.processed_at,
        oe1_0.retry_count,
        oe1_0.status,
        oe1_0.updated_at 
    from
        attendance_outbox oe1_0 
    where
        oe1_0.status in (?, ?) 
        and oe1_0.retry_count<?
Hibernate: 
    select
        oe1_0.id,
        oe1_0.aggregate_id,
        oe1_0.created_at,
        oe1_0.event_type,
        oe1_0.payload,
        oe1_0.processed_at,
        oe1_0.retry_count,
        oe1_0.status,
        oe1_0.updated_at 
    from
        attendance_outbox oe1_0 
    where
        oe1_0.status in (?, ?) 
        and oe1_0.retry_count<?
2026-09-16T09:13:47.061+02:00 DEBUG 13392 --- [shecancode-attendance-system] [   scheduling-1] org.hibernate.SQL                        : 
    select
        oe1_0.id,
        oe1_0.aggregate_id,
        oe1_0.created_at,
        oe1_0.event_type,
        oe1_0.payload,
        oe1_0.processed_at,
        oe1_0.retry_count,
        oe1_0.status,
        oe1_0.updated_at 
    from
        attendance_outbox oe1_0 
    where
        oe1_0.status in (?, ?) 
        and oe1_0.retry_count<?
Hibernate: 
    select
        oe1_0.id,
        oe1_0.aggregate_id,
        oe1_0.created_at,
        oe1_0.event_type,
        oe1_0.payload,
        oe1_0.processed_at,
        oe1_0.retry_count,
        oe1_0.status,
        oe1_0.updated_at 
    from
        attendance_outbox oe1_0 
    where
        oe1_0.status in (?, ?) 
        and oe1_0.retry_count<?
2026-09-16T09:13:52.071+02:00 DEBUG 13392 --- [shecancode-attendance-system] [   scheduling-1] org.hibernate.SQL                        : 
    select
        oe1_0.id,
        oe1_0.aggregate_id,
        oe1_0.created_at,
        oe1_0.event_type,
        oe1_0.payload,
        oe1_0.processed_at,
        oe1_0.retry_count,
        oe1_0.status,
        oe1_0.updated_at 
    from
        attendance_outbox oe1_0 
    where
        oe1_0.status in (?, ?) 
        and oe1_0.retry_count<?
Hibernate: 
    select
        oe1_0.id,
        oe1_0.aggregate_id,
        oe1_0.created_at,
        oe1_0.event_type,
        oe1_0.payload,
        oe1_0.processed_at,
        oe1_0.retry_count,
        oe1_0.status,
        oe1_0.updated_at 
    from
        attendance_outbox oe1_0 
    where
        oe1_0.status in (?, ?) 
        and oe1_0.retry_count<?
2026-09-16T09:13:57.090+02:00 DEBUG 13392 --- [shecancode-attendance-system] [   scheduling-1] org.hibernate.SQL                        : 
    select
        oe1_0.id,
        oe1_0.aggregate_id,
        oe1_0.created_at,
        oe1_0.event_type,
        oe1_0.payload,
        oe1_0.processed_at,
        oe1_0.retry_count,
        oe1_0.status,
        oe1_0.updated_at 
    from
        attendance_outbox oe1_0 
    where
        oe1_0.status in (?, ?) 
        and oe1_0.retry_count<?
Hibernate: 
    select
        oe1_0.id,
        oe1_0.aggregate_id,
        oe1_0.created_at,
        oe1_0.event_type,
        oe1_0.payload,
        oe1_0.processed_at,
        oe1_0.retry_count,
        oe1_0.status,
        oe1_0.updated_at 
    from
        attendance_outbox oe1_0 
    where
        oe1_0.status in (?, ?) 
        and oe1_0.retry_count<?
2026-09-16T09:14:02.109+02:00 DEBUG 13392 --- [shecancode-attendance-system] [   scheduling-1] org.hibernate.SQL                        : 
    select
        oe1_0.id,
        oe1_0.aggregate_id,
        oe1_0.created_at,
        oe1_0.event_type,
        oe1_0.payload,
        oe1_0.processed_at,
        oe1_0.retry_count,
        oe1_0.status,
        oe1_0.updated_at 
    from
        attendance_outbox oe1_0 
    where
        oe1_0.status in (?, ?) 
        and oe1_0.retry_count<?
Hibernate: 
    select
        oe1_0.id,
        oe1_0.aggregate_id,
        oe1_0.created_at,
        oe1_0.event_type,
        oe1_0.payload,
        oe1_0.processed_at,
        oe1_0.retry_count,
        oe1_0.status,
        oe1_0.updated_at 
    from
        attendance_outbox oe1_0 
    where
        oe1_0.status in (?, ?) 
        and oe1_0.retry_count<?
2026-09-16T09:14:07.117+02:00 DEBUG 13392 --- [shecancode-attendance-system] [   scheduling-1] org.hibernate.SQL                        : 
    select
        oe1_0.id,
        oe1_0.aggregate_id,
        oe1_0.created_at,
        oe1_0.event_type,
        oe1_0.payload,
        oe1_0.processed_at,
        oe1_0.retry_count,
        oe1_0.status,
        oe1_0.updated_at 
    from
        attendance_outbox oe1_0 
    where
        oe1_0.status in (?, ?) 
        and oe1_0.retry_count<?
Hibernate: 
    select
        oe1_0.id,
        oe1_0.aggregate_id,
        oe1_0.created_at,
        oe1_0.event_type,
        oe1_0.payload,
        oe1_0.processed_at,
        oe1_0.retry_count,
        oe1_0.status,
        oe1_0.updated_at 
    from
        attendance_outbox oe1_0 
    where
        oe1_0.status in (?, ?) 
        and oe1_0.retry_count<?
2026-09-16T09:14:12.140+02:00 DEBUG 13392 --- [shecancode-attendance-system] [   scheduling-1] org.hibernate.SQL                        : 
    select
        oe1_0.id,
        oe1_0.aggregate_id,
        oe1_0.created_at,
        oe1_0.event_type,
        oe1_0.payload,
        oe1_0.processed_at,
        oe1_0.retry_count,
        oe1_0.status,
        oe1_0.updated_at 
    from
        attendance_outbox oe1_0 
    where
        oe1_0.status in (?, ?) 
        and oe1_0.retry_count<?
Hibernate: 
    select
        oe1_0.id,
        oe1_0.aggregate_id,
        oe1_0.created_at,
        oe1_0.event_type,
        oe1_0.payload,
        oe1_0.processed_at,
        oe1_0.retry_count,
        oe1_0.status,
        oe1_0.updated_at 
    from
        attendance_outbox oe1_0 
    where
        oe1_0.status in (?, ?) 
        and oe1_0.retry_count<?
2026-09-16T09:14:17.158+02:00 DEBUG 13392 --- [shecancode-attendance-system] [   scheduling-1] org.hibernate.SQL                        : 
    select
        oe1_0.id,
        oe1_0.aggregate_id,
        oe1_0.created_at,
        oe1_0.event_type,
        oe1_0.payload,
        oe1_0.processed_at,
        oe1_0.retry_count,
        oe1_0.status,
        oe1_0.updated_at 
    from
        attendance_outbox oe1_0 
    where
        oe1_0.status in (?, ?) 
        and oe1_0.retry_count<?
Hibernate: 
    select
        oe1_0.id,
        oe1_0.aggregate_id,
        oe1_0.created_at,
        oe1_0.event_type,
        oe1_0.payload,
        oe1_0.processed_at,
        oe1_0.retry_count,
        oe1_0.status,
        oe1_0.updated_at 
    from
        attendance_outbox oe1_0 
    where
        oe1_0.status in (?, ?) 
        and oe1_0.retry_count<?
2026-09-16T09:14:22.167+02:00 DEBUG 13392 --- [shecancode-attendance-system] [   scheduling-1] org.hibernate.SQL                        : 
    select
        oe1_0.id,
        oe1_0.aggregate_id,
        oe1_0.created_at,
        oe1_0.event_type,
        oe1_0.payload,
        oe1_0.processed_at,
        oe1_0.retry_count,
        oe1_0.status,
        oe1_0.updated_at 
    from
        attendance_outbox oe1_0 
    where
        oe1_0.status in (?, ?) 
        and oe1_0.retry_count<?
Hibernate: 
    select
        oe1_0.id,
        oe1_0.aggregate_id,
        oe1_0.created_at,
        oe1_0.event_type,
        oe1_0.payload,
        oe1_0.processed_at,
        oe1_0.retry_count,
        oe1_0.status,
        oe1_0.updated_at 
    from
        attendance_outbox oe1_0 
    where
        oe1_0.status in (?, ?) 
        and oe1_0.retry_count<?
2026-09-16T09:14:27.181+02:00 DEBUG 13392 --- [shecancode-attendance-system] [   scheduling-1] org.hibernate.SQL                        : 
    select
        oe1_0.id,
        oe1_0.aggregate_id,
        oe1_0.created_at,
        oe1_0.event_type,
        oe1_0.payload,
        oe1_0.processed_at,
        oe1_0.retry_count,
        oe1_0.status,
        oe1_0.updated_at 
    from
        attendance_outbox oe1_0 
    where
        oe1_0.status in (?, ?) 
        and oe1_0.retry_count<?
Hibernate: 
    select
        oe1_0.id,
        oe1_0.aggregate_id,
        oe1_0.created_at,
        oe1_0.event_type,
        oe1_0.payload,
        oe1_0.processed_at,
        oe1_0.retry_count,
        oe1_0.status,
        oe1_0.updated_at 
    from
        attendance_outbox oe1_0 
    where
        oe1_0.status in (?, ?) 
        and oe1_0.retry_count<?
2026-09-16T09:14:32.189+02:00 DEBUG 13392 --- [shecancode-attendance-system] [   scheduling-1] org.hibernate.SQL                        : 
    select
        oe1_0.id,
        oe1_0.aggregate_id,
        oe1_0.created_at,
        oe1_0.event_type,
        oe1_0.payload,
        oe1_0.processed_at,
        oe1_0.retry_count,
        oe1_0.status,
        oe1_0.updated_at 
    from
        attendance_outbox oe1_0 
    where
        oe1_0.status in (?, ?) 
        and oe1_0.retry_count<?
Hibernate: 
    select
        oe1_0.id,
        oe1_0.aggregate_id,
        oe1_0.created_at,
        oe1_0.event_type,
        oe1_0.payload,
        oe1_0.processed_at,
        oe1_0.retry_count,
        oe1_0.status,
        oe1_0.updated_at 
    from
        attendance_outbox oe1_0 
    where
        oe1_0.status in (?, ?) 
        and oe1_0.retry_count<?
2026-09-16T09:14:37.209+02:00 DEBUG 13392 --- [shecancode-attendance-system] [   scheduling-1] org.hibernate.SQL                        : 
    select
        oe1_0.id,
        oe1_0.aggregate_id,
        oe1_0.created_at,
        oe1_0.event_type,
        oe1_0.payload,
        oe1_0.processed_at,
        oe1_0.retry_count,
        oe1_0.status,
        oe1_0.updated_at 
    from
        attendance_outbox oe1_0 
    where
        oe1_0.status in (?, ?) 
        and oe1_0.retry_count<?
Hibernate: 
    select
        oe1_0.id,
        oe1_0.aggregate_id,
        oe1_0.created_at,
        oe1_0.event_type,
        oe1_0.payload,
        oe1_0.processed_at,
        oe1_0.retry_count,
        oe1_0.status,
        oe1_0.updated_at 
    from
        attendance_outbox oe1_0 
    where
        oe1_0.status in (?, ?) 
        and oe1_0.retry_count<?
2026-09-16T09:14:42.228+02:00 DEBUG 13392 --- [shecancode-attendance-system] [   scheduling-1] org.hibernate.SQL                        : 
    select
        oe1_0.id,
        oe1_0.aggregate_id,
        oe1_0.created_at,
        oe1_0.event_type,
        oe1_0.payload,
        oe1_0.processed_at,
        oe1_0.retry_count,
        oe1_0.status,
        oe1_0.updated_at 
    from
        attendance_outbox oe1_0 
    where
        oe1_0.status in (?, ?) 
        and oe1_0.retry_count<?
Hibernate: 
    select
        oe1_0.id,
        oe1_0.aggregate_id,
        oe1_0.created_at,
        oe1_0.event_type,
        oe1_0.payload,
        oe1_0.processed_at,
        oe1_0.retry_count,
        oe1_0.status,
        oe1_0.updated_at 
    from
        attendance_outbox oe1_0 
    where
        oe1_0.status in (?, ?) 
        and oe1_0.retry_count<?
2026-09-16T09:14:47.248+02:00 DEBUG 13392 --- [shecancode-attendance-system] [   scheduling-1] org.hibernate.SQL                        : 
    select
        oe1_0.id,
        oe1_0.aggregate_id,
        oe1_0.created_at,
        oe1_0.event_type,
        oe1_0.payload,
        oe1_0.processed_at,
        oe1_0.retry_count,
        oe1_0.status,
        oe1_0.updated_at 
    from
        attendance_outbox oe1_0 
    where
        oe1_0.status in (?, ?) 
        and oe1_0.retry_count<?
Hibernate: 
    select
        oe1_0.id,
        oe1_0.aggregate_id,
        oe1_0.created_at,
        oe1_0.event_type,
        oe1_0.payload,
        oe1_0.processed_at,
        oe1_0.retry_count,
        oe1_0.status,
        oe1_0.updated_at 
    from
        attendance_outbox oe1_0 
    where
        oe1_0.status in (?, ?) 
        and oe1_0.retry_count<?
2026-09-16T09:14:52.268+02:00 DEBUG 13392 --- [shecancode-attendance-system] [   scheduling-1] org.hibernate.SQL                        : 
    select
        oe1_0.id,
        oe1_0.aggregate_id,
        oe1_0.created_at,
        oe1_0.event_type,
        oe1_0.payload,
        oe1_0.processed_at,
        oe1_0.retry_count,
        oe1_0.status,
        oe1_0.updated_at 
    from
        attendance_outbox oe1_0 
    where
        oe1_0.status in (?, ?) 
        and oe1_0.retry_count<?
Hibernate: 
    select
        oe1_0.id,
        oe1_0.aggregate_id,
        oe1_0.created_at,
        oe1_0.event_type,
        oe1_0.payload,
        oe1_0.processed_at,
        oe1_0.retry_count,
        oe1_0.status,
        oe1_0.updated_at 
    from
        attendance_outbox oe1_0 
    where
        oe1_0.status in (?, ?) 
        and oe1_0.retry_count<?
2026-09-16T09:14:57.286+02:00 DEBUG 13392 --- [shecancode-attendance-system] [   scheduling-1] org.hibernate.SQL                        : 
    select
        oe1_0.id,
        oe1_0.aggregate_id,
        oe1_0.created_at,
        oe1_0.event_type,
        oe1_0.payload,
        oe1_0.processed_at,
        oe1_0.retry_count,
        oe1_0.status,
        oe1_0.updated_at 
    from
        attendance_outbox oe1_0 
    where
        oe1_0.status in (?, ?) 
        and oe1_0.retry_count<?
Hibernate: 
    select
        oe1_0.id,
        oe1_0.aggregate_id,
        oe1_0.created_at,
        oe1_0.event_type,
        oe1_0.payload,
        oe1_0.processed_at,
        oe1_0.retry_count,
        oe1_0.status,
        oe1_0.updated_at 
    from
        attendance_outbox oe1_0 
    where
        oe1_0.status in (?, ?) 
        and oe1_0.retry_count<?
2026-09-16T09:15:02.301+02:00 DEBUG 13392 --- [shecancode-attendance-system] [   scheduling-1] org.hibernate.SQL                        : 
    select
        oe1_0.id,
        oe1_0.aggregate_id,
        oe1_0.created_at,
        oe1_0.event_type,
        oe1_0.payload,
        oe1_0.processed_at,
        oe1_0.retry_count,
        oe1_0.status,
        oe1_0.updated_at 
    from
        attendance_outbox oe1_0 
    where
        oe1_0.status in (?, ?) 
        and oe1_0.retry_count<?
Hibernate: 
    select
        oe1_0.id,
        oe1_0.aggregate_id,
        oe1_0.created_at,
        oe1_0.event_type,
        oe1_0.payload,
        oe1_0.processed_at,
        oe1_0.retry_count,
        oe1_0.status,
        oe1_0.updated_at 
    from
        attendance_outbox oe1_0 
    where
        oe1_0.status in (?, ?) 
        and oe1_0.retry_count<?
2026-09-16T09:15:07.322+02:00 DEBUG 13392 --- [shecancode-attendance-system] [   scheduling-1] org.hibernate.SQL                        : 
    select
        oe1_0.id,
        oe1_0.aggregate_id,
        oe1_0.created_at,
        oe1_0.event_type,
        oe1_0.payload,
        oe1_0.processed_at,
        oe1_0.retry_count,
        oe1_0.status,
        oe1_0.updated_at 
    from
        attendance_outbox oe1_0 
    where
        oe1_0.status in (?, ?) 
        and oe1_0.retry_count<?
Hibernate: 
    select
        oe1_0.id,
        oe1_0.aggregate_id,
        oe1_0.created_at,
        oe1_0.event_type,
        oe1_0.payload,
        oe1_0.processed_at,
        oe1_0.retry_count,
        oe1_0.status,
        oe1_0.updated_at 
    from
        attendance_outbox oe1_0 
    where
        oe1_0.status in (?, ?) 
        and oe1_0.retry_count<?
2026-09-16T09:15:12.345+02:00 DEBUG 13392 --- [shecancode-attendance-system] [   scheduling-1] org.hibernate.SQL                        : 
    select
        oe1_0.id,
        oe1_0.aggregate_id,
        oe1_0.created_at,
        oe1_0.event_type,
        oe1_0.payload,
        oe1_0.processed_at,
        oe1_0.retry_count,
        oe1_0.status,
        oe1_0.updated_at 
    from
        attendance_outbox oe1_0 
    where
        oe1_0.status in (?, ?) 
        and oe1_0.retry_count<?
Hibernate: 
    select
        oe1_0.id,
        oe1_0.aggregate_id,
        oe1_0.created_at,
        oe1_0.event_type,
        oe1_0.payload,
        oe1_0.processed_at,
        oe1_0.retry_count,
        oe1_0.status,
        oe1_0.updated_at 
    from
        attendance_outbox oe1_0 
    where
        oe1_0.status in (?, ?) 
        and oe1_0.retry_count<?
2026-09-16T09:15:17.358+02:00 DEBUG 13392 --- [shecancode-attendance-system] [   scheduling-1] org.hibernate.SQL                        : 
    select
        oe1_0.id,
        oe1_0.aggregate_id,
        oe1_0.created_at,
        oe1_0.event_type,
        oe1_0.payload,
        oe1_0.processed_at,
        oe1_0.retry_count,
        oe1_0.status,
        oe1_0.updated_at 
    from
        attendance_outbox oe1_0 
    where
        oe1_0.status in (?, ?) 
        and oe1_0.retry_count<?
Hibernate: 
    select
        oe1_0.id,
        oe1_0.aggregate_id,
        oe1_0.created_at,
        oe1_0.event_type,
        oe1_0.payload,
        oe1_0.processed_at,
        oe1_0.retry_count,
        oe1_0.status,
        oe1_0.updated_at 
    from
        attendance_outbox oe1_0 
    where
        oe1_0.status in (?, ?) 
        and oe1_0.retry_count<?
